22:38:17.479 #1 workspace.title.coalescing.config enabled=1 delayMs=1000 diagnostics=0
22:38:17.507 #2 surface.attach surface=3D568 view=0x0000000be9450000 attached=0 hasSurface=0 inWindow=0
22:38:17.507 #3 surface.attach.defer surface=3D568 reason=noWindow bounds=800.0x600.0
22:38:17.508 #4 surface.size.defer surface=3D568 reason=noWindow size=800.0x600.0
22:38:17.512 #5 focus.bonsplit pane=ACDBD
22:38:17.512 #6 focus.split.apply.begin workspace=FC89A pane=ACDBD tab=514DA focusedPane=ACDBD selectedTab=514DA reassert=1
22:38:17.512 #7 find.preparePanelFocusIntent surface=3D568 target=terminal
22:38:17.513 #8 find.preparePanelFocusIntent surface=3D568 target=terminal
22:38:17.513 #9 focus.split.moveFocus workspace=FC89A panel=3D568 previousExists=0 to=3D568
22:38:17.513 #10 find.moveFocus to=3D568 from=nil searchState=nil delayMs=0
22:38:17.513 #11 focus.split.ensureFocus workspace=FC89A panel=3D568 pane=ACDBD tab=514DA intent=terminal(cmux_DEV.TerminalPanelFocusIntent.surface)
22:38:17.515 #12 focus.split.apply.end workspace=FC89A panel=3D568 type=TerminalPanel focusedPane=ACDBD selectedTab=514DA prevPanel=3D568
22:38:17.515 #13 focus.bonsplit pane=ACDBD
22:38:17.515 #14 focus.split.apply.begin workspace=FC89A pane=ACDBD tab=514DA focusedPane=ACDBD selectedTab=514DA reassert=1
22:38:17.515 #15 find.preparePanelFocusIntent surface=3D568 target=terminal
22:38:17.515 #16 find.preparePanelFocusIntent surface=3D568 target=terminal
22:38:17.515 #17 focus.split.moveFocus workspace=FC89A panel=3D568 previousExists=0 to=3D568
22:38:17.515 #18 find.moveFocus to=3D568 from=nil searchState=nil delayMs=0
22:38:17.515 #19 focus.split.ensureFocus workspace=FC89A panel=3D568 pane=ACDBD tab=514DA intent=terminal(cmux_DEV.TerminalPanelFocusIntent.surface)
22:38:17.515 #20 focus.split.apply.end workspace=FC89A panel=3D568 type=TerminalPanel focusedPane=ACDBD selectedTab=514DA prevPanel=3D568
22:38:17.517 #21 workspace.gitProbe.schedule workspace=FC89A panel=3D568 dir=<redacted:11b> reason=initial
22:38:17.518 #22 ws.switch.begin id=1 trigger=create from=nil to=FC89A hot=0 tabs=1
22:38:17.518 #23 ws.select.didSet id=1 from=nil to=FC89A dt=0.43ms
22:38:17.524 #24 mobile.observer init tabs=1
22:38:17.526 #25 cmdclick.ui.setup skip reason=env_missing tag=i10348-history
22:38:17.577 #26 history.menu.appear
22:38:17.690 #27 workspace.title.applyProcess workspace=FC89A from="Terminal 1" to="Terminal"
22:38:17.691 #28 focus.panel panel=3D568 pane=ACDBD trigger=standard tx=nil
22:38:17.691 #29 focus.panel.begin workspace=FC89A panel=3D568 trigger=standard targetPane=ACDBD focusedPane=ACDBD selectedTab=514DA converged=1 currentPanel=3D568
22:38:17.691 #30 focus.split.apply.begin workspace=FC89A pane=ACDBD tab=514DA focusedPane=ACDBD selectedTab=514DA reassert=1
22:38:17.691 #31 find.preparePanelFocusIntent surface=3D568 target=terminal
22:38:17.691 #32 find.preparePanelFocusIntent surface=3D568 target=terminal
22:38:17.691 #33 focus.split.moveFocus workspace=FC89A panel=3D568 previousExists=1 to=3D568
22:38:17.691 #34 find.moveFocus to=3D568 from=3D568 searchState=nil delayMs=0
22:38:17.691 #35 focus.split.ensureFocus workspace=FC89A panel=3D568 pane=ACDBD tab=514DA intent=terminal(cmux_DEV.TerminalPanelFocusIntent.surface)
22:38:17.691 #36 focus.split.apply.end workspace=FC89A panel=3D568 type=TerminalPanel focusedPane=ACDBD selectedTab=514DA prevPanel=3D568
22:38:17.691 #37 ws.select.asyncDone id=1 dt=173.81ms selected=FC89A
22:38:17.706 #38 workspace.title.coalescing.config enabled=1 delayMs=1000 diagnostics=0
22:38:17.709 #39 surface.attach surface=D24C7 view=0x0000000be9451900 attached=0 hasSurface=0 inWindow=0
22:38:17.709 #40 surface.attach.defer surface=D24C7 reason=noWindow bounds=800.0x600.0
22:38:17.709 #41 surface.size.defer surface=D24C7 reason=noWindow size=800.0x600.0
22:38:17.709 #42 focus.bonsplit pane=B528C
22:38:17.710 #43 focus.split.apply.begin workspace=7AB3E pane=B528C tab=E731E focusedPane=B528C selectedTab=E731E reassert=1
22:38:17.710 #44 find.preparePanelFocusIntent surface=D24C7 target=terminal
22:38:17.710 #45 find.preparePanelFocusIntent surface=D24C7 target=terminal
22:38:17.710 #46 focus.split.moveFocus workspace=7AB3E panel=D24C7 previousExists=0 to=D24C7
22:38:17.710 #47 find.moveFocus to=D24C7 from=nil searchState=nil delayMs=0
22:38:17.710 #48 focus.split.ensureFocus workspace=7AB3E panel=D24C7 pane=B528C tab=E731E intent=terminal(cmux_DEV.TerminalPanelFocusIntent.surface)
22:38:17.710 #49 focus.split.apply.end workspace=7AB3E panel=D24C7 type=TerminalPanel focusedPane=B528C selectedTab=E731E prevPanel=D24C7
22:38:17.710 #50 focus.bonsplit pane=B528C
22:38:17.710 #51 focus.split.apply.begin workspace=7AB3E pane=B528C tab=E731E focusedPane=B528C selectedTab=E731E reassert=1
22:38:17.711 #52 find.preparePanelFocusIntent surface=D24C7 target=terminal
22:38:17.711 #53 find.preparePanelFocusIntent surface=D24C7 target=terminal
22:38:17.711 #54 focus.split.moveFocus workspace=7AB3E panel=D24C7 previousExists=0 to=D24C7
22:38:17.711 #55 find.moveFocus to=D24C7 from=nil searchState=nil delayMs=0
22:38:17.711 #56 focus.split.ensureFocus workspace=7AB3E panel=D24C7 pane=B528C tab=E731E intent=terminal(cmux_DEV.TerminalPanelFocusIntent.surface)
22:38:17.711 #57 focus.split.apply.end workspace=7AB3E panel=D24C7 type=TerminalPanel focusedPane=B528C selectedTab=E731E prevPanel=D24C7
22:38:17.711 #58 workspace.gitProbe.schedule workspace=7AB3E panel=D24C7 dir=<redacted:11b> reason=initial
22:38:17.711 #59 ws.switch.begin id=1 trigger=create from=nil to=7AB3E hot=0 tabs=1
22:38:17.712 #60 ws.select.didSet id=1 from=nil to=7AB3E dt=0.48ms
22:38:17.823 #61 sidebar.table.rowsBuild items=1
22:38:17.846 #62 mainWindow.register windowId=33336935 window={num=210 id=33336935 ident=nil key=0 main=0} manager=0x0000000be827d000 priorActiveMgr=0x0000000be89a8000 eventWinNum=nil eventWin={nil} keyWin={nil} mainWin={nil} activeMgr=0x0000000be89a8000 activeWinId=nil activeSelected=FC89A contexts=[-33336935{mgr=0x0000000be827d000,win=210,key=0,main=0,tabs=1,selected=7AB3E}]
22:38:17.849 #63 mobile.observer init tabs=1
22:38:17.853 #64 agentJournal.replay folded=0 skipped=0 painted=0 unattributed=0
22:38:17.864 #65 mainWindow.active window={num=210 id=33336935 ident=nil key=0 main=0} context=<redacted:344b>
22:38:17.864 #66 mainWindow.visibility.focus.orderFront.begin reason=createMainWindow windows=[<nil>:visible=0:mini=0:key=0]
22:38:17.886 #67 sidebar.table.rowsBuild items=1
22:38:17.904 #68 ws.mount.reconcile id=1 dt=193.03ms hot=0 selected=7AB3E mounted=[7AB3E] added=[7AB3E] removed=[]
22:38:17.905 #69 sidebar.dragState.content tab=nil reason=sidebar_appear
22:38:17.916 #70 sidebar.table.rowsBuild items=1
22:38:17.942 #71 sidebar.table.rowsBuild items=1
22:38:17.950 #72 mainWindow.register windowId=33336935 window={num=210 id=33336935 ident=cmux.main.33336935-1C88-4BA7-AFD8-6D2E2E57511D key=0 main=0} manager=0x0000000be827d000 priorActiveMgr=0x0000000be827d000 eventWinNum=nil eventWin={nil} keyWin={nil} mainWin={nil} activeMgr=0x0000000be827d000 activeWinId=33336935 activeSelected=7AB3E contexts=[*33336935{mgr=0x0000000be827d000,win=210,key=0,main=0,tabs=1,selected=7AB3E}]
22:38:17.953 #73 agentJournal.replay folded=0 skipped=0 painted=0 unattributed=0
22:38:17.956 #74 palette.overlay.install container=NSThemeFrame reference=MainWindowHostingView<ModifiedContent<ModifiedContent<ModifiedContent<ModifiedContent<ModifiedContent<ModifiedContent<ModifiedContent<ModifiedContent<ModifiedContent<ModifiedContent<ContentView, _EnvironmentKeyWritingModifier<Optional<TabManager>>>, _EnvironmentKeyWritingModifier<Optional<TerminalNotificationStore>>>, _EnvironmentKeyWritingModifier<Optional<SidebarState>>>, _EnvironmentKeyWritingModifier<Optional<SidebarSelectionState>>>, _EnvironmentKeyWritingModifier<Optional<FileExplorerState>>>, _EnvironmentKeyWritingModifier<Optional<CmuxConfigStore>>>, _EnvironmentKeyWritingModifier<Optional<SessionDragRegistry>>>, _EnvironmentKeyWritingModifier<Optional<TabDragTransferRegistry>>>, _EnvironmentKeyWritingModifier<Optional<SettingsRuntime>>>, CmuxFontMagnificationEnvironmentModifier>> glass=0
22:38:17.969 #75 ws.swiftui.update id=1 dt=257.77ms surface=D24C7 visible=1 active=1 z=2 hostWindow=0 hostedWindow=0 hostedSuperview=0
22:38:17.969 #76 ws.hostState.deferBind surface=D24C7 reason=hostNoWindow visible=1 active=1 z=2 hostedWindow=0 hostedSuperview=0
22:38:18.031 #77 ws.hostState.rebindOnGeometry surface=D24C7 reason=portalEntryMissing visible=1 active=1 z=2
22:38:18.032 #78 rs.focus.host.attach win=210 canAccept=0 fr=CmuxMainWindow
22:38:18.038 #79 sidebar.table.rowsBuild items=1
22:38:18.079 #80 mainWindow.visibility.focus.orderFront.end reason=createMainWindow windows=[cmux.main.33336935-1C88-4BA7-AFD8-6D2E2E57511D:visible=1:mini=0:key=0]
22:38:18.079 #81 mainWindow.visibility.focus.activate.begin reason=createMainWindow windows=[cmux.main.33336935-1C88-4BA7-AFD8-6D2E2E57511D:visible=1:mini=0:key=0]
22:38:18.080 #82 mainWindow.visibility.focus.activate.end reason=createMainWindow windows=[cmux.main.33336935-1C88-4BA7-AFD8-6D2E2E57511D:visible=1:mini=0:key=0]
22:38:18.080 #83 mainWindow.visibility.focus reason=createMainWindow windows=[cmux.main.33336935-1C88-4BA7-AFD8-6D2E2E57511D:visible=1:mini=0:key=0]
22:38:18.087 #84 sidebar.row.titlePaint workspace=7AB3E57F title=<redacted:12b>
22:38:18.089 #85 sidebar.table.apply structural=1 contentChanges=0 rows=1
22:38:18.090 #86 terminal.portal.host.claim surface=D24C7 reason=geometryChanged host=ObjectIdentifier(0x0000000be9ffb600) pane=B528C inWin=1 size=760.0x644.0 replacingHost=nil
22:38:18.090 #87 surface.attach surface=D24C7 view=0x0000000be9451900 attached=1 hasSurface=0 inWindow=0
22:38:18.090 #88 surface.attach.defer surface=D24C7 reason=noWindow bounds=800.0x600.0
22:38:18.090 #89 portal.hostFrame.update host=0x0000000bea81db00 frame=0.0,0.0 1000.0x700.0
22:38:18.090 #90 portal.bind hosted=0x0000000be9451e00 anchor=0x0000000be9ffb600 prevAnchor=nil visible=1 prevVisible=0 z=2 prevZ=-9223372036854775808
22:38:18.091 #91 surface.size.defer surface=D24C7 reason=noWindow size=760.0x644.0
22:38:18.094 #92 portal.reparent hosted=0x0000000be9451e00 reason=attach super=nil
22:38:18.094 #93 surface.view.windowMove surface=D24C7 inWindow=1 bounds=760.0x644.0 pending=760.0x644.0
22:38:18.094 #94 surface.attach surface=D24C7 view=0x0000000be9451900 attached=1 hasSurface=0 inWindow=1
22:38:18.094 #95 surface.attach.create surface=D24C7 inWindow=1
22:38:18.094 #96 surface.attach.create.done surface=D24C7 hasSurface=0
22:38:18.094 #97 surface.size.resume surface=D24C7 size=760.0x644.0 backing=760.0x644.0
22:38:18.095 #98 portal.bonsplit.container hosted=0x0000000be9451e00 class=_TtGC7SwiftUI13NSHostingViewGV8Bonsplit17PaneContainerViewGVS_19_ConditionalContentGS3_GVS_15ModifiedContentV8cmux_DEV31RemoteTmuxWindowMirrorSplitViewVS_P10$232f25d3018TapGestureModifier_GS4_VS5_P10$12e2170f829WorkspacePanelContentHostViewS7___VS5_14EmptyPanelView_GS4_S9_S7____ frame=240.0,0.0 760.0x672.0 host=0.0,0.0 1000.0x700.0 anchor=240.0,0.0 760.0x644.0
22:38:18.097 #99 sidebar.table.rowsBuild items=1
22:38:18.110 #100 sidebar.row.titlePaint workspace=7AB3E57F title=<redacted:12b>
22:38:18.130 #101 notification.auth refresh status=notDetermined mapped=Not Requested
22:38:18.130 #102 workspace.title.applyProcess workspace=7AB3E from="Terminal 1" to="Terminal"
22:38:18.133 #103 focus.panel panel=D24C7 pane=B528C trigger=standard tx=nil
22:38:18.133 #104 focus.panel.begin workspace=7AB3E panel=D24C7 trigger=standard targetPane=B528C focusedPane=B528C selectedTab=E731E converged=1 currentPanel=D24C7
22:38:18.133 #105 focus.split.apply.begin workspace=7AB3E pane=B528C tab=E731E focusedPane=B528C selectedTab=E731E reassert=1
22:38:18.133 #106 find.preparePanelFocusIntent surface=D24C7 target=terminal
22:38:18.133 #107 find.preparePanelFocusIntent surface=D24C7 target=terminal
22:38:18.135 #108 focus.panel panel=D24C7 pane=B528C trigger=firstResponder tx=7443B
22:38:18.135 #109 focus.panel.begin workspace=7AB3E panel=D24C7 trigger=terminalFirstResponder targetPane=B528C focusedPane=B528C selectedTab=E731E converged=1 currentPanel=D24C7
22:38:18.135 #110 focus.ensure.apply surface=D24C7 tab=7AB3E panel=D24C7 result=1 firstResponder=Optional(<cmux_DEV.GhosttyNSView: 0xbe9451900>)
22:38:18.135 #111 focus.surface.reassert surface=D24C7 reason=ensureFocus.afterMakeFirstResponder
22:38:18.135 #112 focus.split.ensureFocus workspace=7AB3E panel=D24C7 pane=B528C tab=E731E intent=terminal(cmux_DEV.TerminalPanelFocusIntent.surface)
22:38:18.135 #113 focus.surface.reassert surface=D24C7 reason=ensureFocus.alreadyFirstResponder
22:38:18.135 #114 focus.split.apply.end workspace=7AB3E panel=D24C7 type=TerminalPanel focusedPane=B528C selectedTab=E731E prevPanel=D24C7
22:38:18.135 #115 focus.split.apply.begin workspace=7AB3E pane=B528C tab=E731E focusedPane=B528C selectedTab=E731E reassert=1
22:38:18.135 #116 find.preparePanelFocusIntent surface=D24C7 target=terminal
22:38:18.135 #117 find.preparePanelFocusIntent surface=D24C7 target=terminal
22:38:18.135 #118 focus.surface.reassert surface=D24C7 reason=ensureFocus.alreadyFirstResponder
22:38:18.135 #119 focus.split.ensureFocus workspace=7AB3E panel=D24C7 pane=B528C tab=E731E intent=terminal(cmux_DEV.TerminalPanelFocusIntent.surface)
22:38:18.135 #120 focus.surface.reassert surface=D24C7 reason=ensureFocus.alreadyFirstResponder
22:38:18.135 #121 focus.split.apply.end workspace=7AB3E panel=D24C7 type=TerminalPanel focusedPane=B528C selectedTab=E731E prevPanel=D24C7
22:38:18.135 #122 ws.select.asyncDone id=1 dt=423.95ms selected=7AB3E
22:38:18.135 #123 surface.background_start surface=D24C7F00 inWindow=1 ready=0 source=inputDemand ms=0.00
22:38:18.142 #124 surface.attach surface=312F5 view=0x0000000be9453700 attached=0 hasSurface=0 inWindow=0
22:38:18.142 #125 surface.attach.defer surface=312F5 reason=noWindow bounds=800.0x600.0
22:38:18.142 #126 surface.size.defer surface=312F5 reason=noWindow size=800.0x600.0
22:38:18.142 #127 focus.bonsplit pane=69D49
22:38:18.142 #128 focus.split.apply.begin workspace=0786E pane=69D49 tab=A0F84 focusedPane=69D49 selectedTab=A0F84 reassert=1
22:38:18.142 #129 find.preparePanelFocusIntent surface=312F5 target=terminal
22:38:18.142 #130 find.preparePanelFocusIntent surface=312F5 target=terminal
22:38:18.142 #131 focus.split.moveFocus workspace=0786E panel=312F5 previousExists=0 to=312F5
22:38:18.142 #132 find.moveFocus to=312F5 from=nil searchState=nil delayMs=0
22:38:18.142 #133 focus.split.ensureFocus workspace=0786E panel=312F5 pane=69D49 tab=A0F84 intent=terminal(cmux_DEV.TerminalPanelFocusIntent.surface)
22:38:18.143 #134 focus.split.apply.end workspace=0786E panel=312F5 type=TerminalPanel focusedPane=69D49 selectedTab=A0F84 prevPanel=312F5
22:38:18.143 #135 focus.bonsplit pane=69D49
22:38:18.143 #136 focus.split.apply.begin workspace=0786E pane=69D49 tab=A0F84 focusedPane=69D49 selectedTab=A0F84 reassert=1
22:38:18.143 #137 find.preparePanelFocusIntent surface=312F5 target=terminal
22:38:18.143 #138 find.preparePanelFocusIntent surface=312F5 target=terminal
22:38:18.143 #139 focus.split.moveFocus workspace=0786E panel=312F5 previousExists=0 to=312F5
22:38:18.143 #140 find.moveFocus to=312F5 from=nil searchState=nil delayMs=0
22:38:18.143 #141 focus.split.ensureFocus workspace=0786E panel=312F5 pane=69D49 tab=A0F84 intent=terminal(cmux_DEV.TerminalPanelFocusIntent.surface)
22:38:18.143 #142 focus.split.apply.end workspace=0786E panel=312F5 type=TerminalPanel focusedPane=69D49 selectedTab=A0F84 prevPanel=312F5
22:38:18.143 #143 workspace.customTitle.write workspace=0786EE66 source=user title=<redacted:15b>
22:38:18.145 #144 ws.term.visible id=1 dt=433.32ms surface=312F5 transition=1->0 active=1 visibleFlag=0 hostHidden=1 surfaceHidden=0 hiddenHierarchy=1 inWindow=0 hasSuperview=0 bounds=0.0x0.0 frame=0.0x0.0 firstResponder=nil
22:38:18.145 #145 workspace.gitProbe.schedule workspace=0786E panel=312F5 dir=<redacted:11b> reason=initial
22:38:18.145 #146 workspace.customDescription.update workspace=0786EE66 inputLen=0 inputNewlines=0 normalizedLen=0 normalizedNewlines=0 input=<redacted:22b>
22:38:18.153 #147 sidebar.table.rowsBuild items=2
22:38:18.185 #148 find.preparePanelFocusIntent surface=D24C7 target=terminal
22:38:18.185 #149 focus.surface.reassert surface=D24C7 reason=ensureFocus.alreadyFirstResponder
22:38:18.185 #150 focus.surface.reassert surface=D24C7 reason=ensureFocus.alreadyFirstResponder
22:38:18.188 #151 zoom.create surface=D24C7 context=<redacted:38b>
22:38:18.264 #152 surface.size.apply surface=D24C7F00 caller=runtime.create.initial grid=99x35->94x37 pixels=800x600->760x644 target=760x644
22:38:18.270 #153 zoom.create.done surface=D24C7 context=<redacted:21b>
22:38:18.272 #154 sidebar.row.titlePaint workspace=0786EE66 title=<redacted:15b>
22:38:18.273 #155 sidebar.table.apply structural=1 contentChanges=1 rows=2
22:38:18.288 #156 sidebar.table.rowsBuild items=2
22:38:18.309 #157 workspace.gitProbe.apply workspace=FC89A panel=3D568 branch=none dirty=0 pr=none
22:38:18.313 #158 surface.socket_input.queue surface=312F552D items=3 keys=0 bytes=142
22:38:18.316 #159 monitorMemory.capture window=33336935 reason=sessionSnapshot sig=[1d …5D0000@0,0,1920x1080] frame={x=460.0 y=284.0 w=1000.0 h=700.0} rememberedConfigs=1
22:38:18.316 #160 session.save includeScrollback=0 windows=1
22:38:18.316 #161 session.save.window idx=0 frame={x=460.0 y=284.0 w=1000.0 h=700.0} display={id=6 frame={x=0.0 y=0.0 w=1920.0 h=1080.0} visible={x=0.0 y=89.0 w=1920.0 h=961.0}} workspaces=2 selected=0
22:38:18.316 #162 find.applyFirstResponder.defer surface=D24C7 reason=surfaceDidBecomeReady
22:38:18.338 #163 sidebar.row.titlePaint workspace=7AB3E57F title=<redacted:12b>
22:38:18.340 #164 sidebar.row.titlePaint workspace=0786EE66 title=<redacted:15b>
22:38:18.346 #165 forceRefresh: D24C7F00-C371-4AA1-BBE6-E2AD4CD68A93 reason=unspecified inWindow=true bounds=(0.0, 0.0, 760.0, 644.0) metalOK=false hasSurface=true
22:38:18.346 #166 focus.surface.reassert surface=D24C7 reason=ensureFocus.alreadyFirstResponder
22:38:18.355 #167 sidebar.table.rowsBuild items=2
22:38:18.381 #168 workspace.gitProbe.apply workspace=7AB3E panel=D24C7 branch=none dirty=0 pr=none
22:38:18.382 #169 surface.view.windowMove surface=312F5 inWindow=1 bounds=800.0x600.0 pending=800.0x600.0
22:38:18.382 #170 surface.attach surface=312F5 view=0x0000000be9453700 attached=1 hasSurface=0 inWindow=1
22:38:18.382 #171 surface.attach.create surface=312F5 inWindow=1
22:38:18.382 #172 surface.attach.create.done surface=312F5 hasSurface=0
22:38:18.382 #173 surface.size.resume surface=312F5 size=800.0x600.0 backing=800.0x600.0
22:38:18.383 #174 ws.term.active id=1 dt=671.48ms surface=312F5 transition=1->0 active=0 visibleFlag=0 hostHidden=1 surfaceHidden=0 hiddenHierarchy=1 inWindow=0 hasSuperview=1 bounds=800.0x600.0 frame=800.0x600.0 firstResponder=nil
22:38:18.383 #175 surface.headless_window.adopt surface=312F552D reason=input-demand window=ObjectIdentifier(0x0000000be4f59e00)
22:38:18.383 #176 surface.headless_window.create surface=312F552D reason=input-demand window=ObjectIdentifier(0x0000000be4f59e00)
22:38:18.383 #177 surface.attach surface=312F5 view=0x0000000be9453700 attached=1 hasSurface=0 inWindow=1
22:38:18.383 #178 surface.attach.create surface=312F5 inWindow=1
22:38:18.383 #179 surface.attach.create.done surface=312F5 hasSurface=0
22:38:18.383 #180 surface.background_start surface=312F552D inWindow=1 ready=0 source=inputDemand ms=2.35
22:38:18.384 #181 notification.queue.drain batch=4 remaining=0 firstSeq=2 lastSeq=7
22:38:18.385 #182 surface.shellState workspace=7AB3E panel=D24C7 from=unknown to=promptIdle
22:38:18.385 #183 workspace.prRefresh.schedule workspace=7AB3E panel=D24C7 reason=shellPrompt
22:38:18.394 #184 surface.attach surface=6A7BC view=0x0000000bea949900 attached=0 hasSurface=0 inWindow=0
22:38:18.394 #185 surface.attach.defer surface=6A7BC reason=noWindow bounds=800.0x600.0
22:38:18.394 #186 surface.size.defer surface=6A7BC reason=noWindow size=800.0x600.0
22:38:18.394 #187 focus.bonsplit pane=836B2
22:38:18.394 #188 focus.split.apply.begin workspace=BE9B1 pane=836B2 tab=9E093 focusedPane=836B2 selectedTab=9E093 reassert=1
22:38:18.394 #189 find.preparePanelFocusIntent surface=6A7BC target=terminal
22:38:18.394 #190 find.preparePanelFocusIntent surface=6A7BC target=terminal
22:38:18.394 #191 focus.split.moveFocus workspace=BE9B1 panel=6A7BC previousExists=0 to=6A7BC
22:38:18.394 #192 find.moveFocus to=6A7BC from=nil searchState=nil delayMs=0
22:38:18.394 #193 focus.split.ensureFocus workspace=BE9B1 panel=6A7BC pane=836B2 tab=9E093 intent=terminal(cmux_DEV.TerminalPanelFocusIntent.surface)
22:38:18.395 #194 focus.split.apply.end workspace=BE9B1 panel=6A7BC type=TerminalPanel focusedPane=836B2 selectedTab=9E093 prevPanel=6A7BC
22:38:18.395 #195 focus.bonsplit pane=836B2
22:38:18.395 #196 focus.split.apply.begin workspace=BE9B1 pane=836B2 tab=9E093 focusedPane=836B2 selectedTab=9E093 reassert=1
22:38:18.395 #197 find.preparePanelFocusIntent surface=6A7BC target=terminal
22:38:18.395 #198 find.preparePanelFocusIntent surface=6A7BC target=terminal
22:38:18.395 #199 focus.split.moveFocus workspace=BE9B1 panel=6A7BC previousExists=0 to=6A7BC
22:38:18.395 #200 find.moveFocus to=6A7BC from=nil searchState=nil delayMs=0
22:38:18.395 #201 focus.split.ensureFocus workspace=BE9B1 panel=6A7BC pane=836B2 tab=9E093 intent=terminal(cmux_DEV.TerminalPanelFocusIntent.surface)
22:38:18.395 #202 focus.split.apply.end workspace=BE9B1 panel=6A7BC type=TerminalPanel focusedPane=836B2 selectedTab=9E093 prevPanel=6A7BC
22:38:18.395 #203 workspace.customTitle.write workspace=BE9B10CB source=user title=<redacted:15b>
22:38:18.396 #204 ws.term.visible id=1 dt=684.96ms surface=6A7BC transition=1->0 active=1 visibleFlag=0 hostHidden=1 surfaceHidden=0 hiddenHierarchy=1 inWindow=0 hasSuperview=0 bounds=0.0x0.0 frame=0.0x0.0 firstResponder=nil
22:38:18.396 #205 workspace.gitProbe.schedule workspace=BE9B1 panel=6A7BC dir=<redacted:11b> reason=initial
22:38:18.397 #206 workspace.customDescription.update workspace=BE9B10CB inputLen=0 inputNewlines=0 normalizedLen=0 normalizedNewlines=0 input=<redacted:22b>
22:38:18.403 #207 sidebar.table.rowsBuild items=3
22:38:18.422 #208 sidebar.row.titlePaint workspace=7AB3E57F title=<redacted:12b>
22:38:18.422 #209 sidebar.row.titlePaint workspace=BE9B10CB title=<redacted:15b>
22:38:18.422 #210 sidebar.row.titlePaint workspace=0786EE66 title=<redacted:15b>
22:38:18.423 #211 sidebar.table.apply structural=1 contentChanges=2 rows=3
22:38:18.432 #212 sidebar.row.titlePaint workspace=7AB3E57F title=<redacted:12b>
22:38:18.434 #213 sidebar.row.titlePaint workspace=BE9B10CB title=<redacted:15b>
22:38:18.436 #214 sidebar.row.titlePaint workspace=0786EE66 title=<redacted:15b>
22:38:18.450 #215 workspace.gitProbe.apply workspace=0786E panel=312F5 branch=none dirty=0 pr=none
22:38:18.456 #216 zoom.create surface=312F5 context=<redacted:38b>
22:38:18.459 #217 surface.size.apply surface=312F552D caller=runtime.create.initial grid=99x35->99x35 pixels=800x600->800x600 target=800x600
22:38:18.459 #218 surface.socket_input.flush surface=312F552D items=3 keys=0 bytes=142
22:38:18.459 #219 zoom.create.done surface=312F5 context=<redacted:21b>
22:38:18.465 #220 notification.queue.drain batch=1 remaining=0 firstSeq=8 lastSeq=8
22:38:18.466 #221 surface.socket_input.queue surface=6A7BC806 items=3 keys=0 bytes=142
22:38:18.467 #222 workspace.backgroundPrime.start workspace=BE9B1
22:38:18.474 #223 sidebar.table.rowsBuild items=3
22:38:18.492 #224 surface.view.windowMove surface=6A7BC inWindow=1 bounds=800.0x600.0 pending=800.0x600.0
22:38:18.492 #225 surface.attach surface=6A7BC view=0x0000000bea949900 attached=1 hasSurface=0 inWindow=1
22:38:18.492 #226 surface.attach.create surface=6A7BC inWindow=1
22:38:18.492 #227 surface.attach.create.done surface=6A7BC hasSurface=0
22:38:18.492 #228 surface.size.resume surface=6A7BC size=800.0x600.0 backing=800.0x600.0
22:38:18.493 #229 ws.term.active id=1 dt=781.40ms surface=6A7BC transition=1->0 active=0 visibleFlag=0 hostHidden=1 surfaceHidden=0 hiddenHierarchy=1 inWindow=0 hasSuperview=1 bounds=800.0x600.0 frame=800.0x600.0 firstResponder=nil
22:38:18.493 #230 surface.headless_window.adopt surface=6A7BC806 reason=input-demand window=ObjectIdentifier(0x0000000be44f8500)
22:38:18.493 #231 surface.headless_window.create surface=6A7BC806 reason=input-demand window=ObjectIdentifier(0x0000000be44f8500)
22:38:18.493 #232 surface.attach surface=6A7BC view=0x0000000bea949900 attached=1 hasSurface=0 inWindow=1
22:38:18.493 #233 surface.attach.create surface=6A7BC inWindow=1
22:38:18.493 #234 surface.attach.create.done surface=6A7BC hasSurface=0
22:38:18.493 #235 surface.background_start surface=6A7BC806 inWindow=1 ready=0 source=inputDemand ms=2.33
22:38:18.500 #236 workspace.gitProbe.apply workspace=BE9B1 panel=6A7BC branch=none dirty=0 pr=none
22:38:18.500 #237 zoom.create surface=6A7BC context=<redacted:40b>
22:38:18.503 #238 surface.size.apply surface=6A7BC806 caller=runtime.create.initial grid=99x35->99x35 pixels=800x600->800x600 target=800x600
22:38:18.503 #239 surface.socket_input.flush surface=6A7BC806 items=3 keys=0 bytes=142
22:38:18.503 #240 zoom.create.done surface=6A7BC context=<redacted:21b>
22:38:18.503 #241 ws.mount.reconcile id=1 dt=791.94ms hot=0 selected=7AB3E mounted=[7AB3E,BE9B1] added=[BE9B1] removed=[]
22:38:18.509 #242 sidebar.snapshot.refresh requested=3
22:38:18.519 #243 sidebar.table.rowsBuild items=3
22:38:18.534 #244 sidebar.table.rowsBuild items=3
22:38:18.541 #245 sidebar.row.titlePaint workspace=7AB3E57F title=<redacted:10b>
22:38:18.541 #246 sidebar.table.apply structural=0 contentChanges=1 rows=3
22:38:18.541 #247 sidebar.row.titlePaint workspace=7AB3E57F title=<redacted:10b>
22:38:18.548 #248 ws.swiftui.update id=1 dt=836.31ms surface=6A7BC visible=0 active=0 z=0 hostWindow=0 hostedWindow=1 hostedSuperview=1
22:38:18.548 #249 ws.hostState.deferBind surface=6A7BC reason=hostNoWindow visible=0 active=0 z=0 hostedWindow=1 hostedSuperview=1
22:38:18.557 #250 ws.hostState.rebindOnGeometry surface=6A7BC reason=portalEntryMissing visible=0 active=0 z=0
22:38:18.568 #251 terminal.portal.host.claim surface=6A7BC reason=geometryChanged host=ObjectIdentifier(0x0000000beac5d800) pane=836B2 inWin=1 size=760.0x644.0 replacingHost=nil
22:38:18.569 #252 portal.bind hosted=0x0000000bea949e00 anchor=0x0000000beac5d800 prevAnchor=nil visible=0 prevVisible=0 z=0 prevZ=-9223372036854775808
22:38:18.569 #253 surface.size.apply surface=6A7BC806 caller=layout() grid=99x35->94x37 pixels=800x600->760x644 target=760x644
22:38:18.569 #254 portal.reparent hosted=0x0000000bea949e00 reason=attach super=0x0000000be44f9680
22:38:18.570 #255 surface.view.windowMove surface=6A7BC inWindow=1 bounds=760.0x644.0 pending=760.0x644.0
22:38:18.570 #256 surface.attach surface=6A7BC view=0x0000000bea949900 attached=1 hasSurface=1 inWindow=1
22:38:18.570 #257 surface.headless_window.release surface=6A7BC806 realWindow=ObjectIdentifier(0x0000000be7f96800)
22:38:18.570 #258 surface.attach.reuse surface=6A7BC view=0x0000000bea949900
22:38:18.571 #259 portal.bonsplit.container hosted=0x0000000bea949e00 class=_TtGC7SwiftUI13NSHostingViewGV8Bonsplit17PaneContainerViewGVS_19_ConditionalContentGS3_GVS_15ModifiedContentV8cmux_DEV31RemoteTmuxWindowMirrorSplitViewVS_P10$232f25d3018TapGestureModifier_GS4_VS5_P10$12e2170f829WorkspacePanelContentHostViewS7___VS5_14EmptyPanelView_GS4_S9_S7____ frame=240.0,0.0 760.0x672.0 host=0.0,0.0 1000.0x700.0 anchor=240.0,0.0 760.0x644.0
22:38:18.575 #260 workspace.backgroundPrime.finish workspace=BE9B1 reason=no_surface_work ms=108.43
22:38:18.579 #261 surface.attach surface=DF4B5 view=0x0000000bea94ad00 attached=0 hasSurface=0 inWindow=0
22:38:18.579 #262 surface.attach.defer surface=DF4B5 reason=noWindow bounds=800.0x600.0
22:38:18.579 #263 surface.size.defer surface=DF4B5 reason=noWindow size=800.0x600.0
22:38:18.579 #264 focus.bonsplit pane=020AE
22:38:18.579 #265 focus.split.apply.begin workspace=5A831 pane=020AE tab=F1944 focusedPane=020AE selectedTab=F1944 reassert=1
22:38:18.579 #266 find.preparePanelFocusIntent surface=DF4B5 target=terminal
22:38:18.579 #267 find.preparePanelFocusIntent surface=DF4B5 target=terminal
22:38:18.579 #268 focus.split.moveFocus workspace=5A831 panel=DF4B5 previousExists=0 to=DF4B5
22:38:18.579 #269 find.moveFocus to=DF4B5 from=nil searchState=nil delayMs=0
22:38:18.579 #270 focus.split.ensureFocus workspace=5A831 panel=DF4B5 pane=020AE tab=F1944 intent=terminal(cmux_DEV.TerminalPanelFocusIntent.surface)
22:38:18.580 #271 focus.split.apply.end workspace=5A831 panel=DF4B5 type=TerminalPanel focusedPane=020AE selectedTab=F1944 prevPanel=DF4B5
22:38:18.580 #272 focus.bonsplit pane=020AE
22:38:18.580 #273 focus.split.apply.begin workspace=5A831 pane=020AE tab=F1944 focusedPane=020AE selectedTab=F1944 reassert=1
22:38:18.580 #274 find.preparePanelFocusIntent surface=DF4B5 target=terminal
22:38:18.580 #275 find.preparePanelFocusIntent surface=DF4B5 target=terminal
22:38:18.580 #276 focus.split.moveFocus workspace=5A831 panel=DF4B5 previousExists=0 to=DF4B5
22:38:18.580 #277 find.moveFocus to=DF4B5 from=nil searchState=nil delayMs=0
22:38:18.580 #278 focus.split.ensureFocus workspace=5A831 panel=DF4B5 pane=020AE tab=F1944 intent=terminal(cmux_DEV.TerminalPanelFocusIntent.surface)
22:38:18.580 #279 focus.split.apply.end workspace=5A831 panel=DF4B5 type=TerminalPanel focusedPane=020AE selectedTab=F1944 prevPanel=DF4B5
22:38:18.580 #280 workspace.customTitle.write workspace=5A8310B9 source=user title=<redacted:15b>
22:38:18.581 #281 ws.term.visible id=1 dt=869.67ms surface=DF4B5 transition=1->0 active=1 visibleFlag=0 hostHidden=1 surfaceHidden=0 hiddenHierarchy=1 inWindow=0 hasSuperview=0 bounds=0.0x0.0 frame=0.0x0.0 firstResponder=nil
22:38:18.581 #282 portal.hideEntry hosted=0x0000000bea949e00 reason=workspaceUnmount
22:38:18.581 #283 ws.mount.reconcile id=1 dt=869.77ms hot=0 selected=7AB3E mounted=[7AB3E] added=[] removed=[BE9B1]
22:38:18.581 #284 workspace.gitProbe.schedule workspace=5A831 panel=DF4B5 dir=<redacted:11b> reason=initial
22:38:18.582 #285 workspace.customDescription.update workspace=5A8310B9 inputLen=0 inputNewlines=0 normalizedLen=0 normalizedNewlines=0 input=<redacted:22b>
22:38:18.582 #286 notification.queue.drain batch=8 remaining=0 firstSeq=10 lastSeq=20
22:38:18.582 #287 surface.shellState workspace=0786E panel=312F5 from=unknown to=commandRunning
22:38:18.583 #288 surface.shellState workspace=BE9B1 panel=6A7BC from=unknown to=commandRunning
22:38:18.590 #289 sidebar.table.rowsBuild items=4
22:38:18.605 #290 ws.swiftui.dismantle id=1 dt=893.66ms surface=6A7BC inWindow=1
22:38:18.605 #291 terminal.portal.host.authorityCleared surface=6A7BC host=ObjectIdentifier(0x0000000beac5d800) pane=836B2 generation=1 serial=2
22:38:18.605 #292 terminal.portal.host.rearm surface=6A7BC reason=dismantle host=ObjectIdentifier(0x0000000beac5d800) pane=836B2 area=489440.0
22:38:18.612 #293 portal.detach hosted=0x0000000bea949e00 anchor=0x0000000beac5d800 hadSuperview=1
22:38:18.612 #294 surface.view.windowMove surface=6A7BC inWindow=0 bounds=760.0x644.0 pending=760.0x644.0
22:38:18.613 #295 portal.bonsplit.container hosted=0x0000000be9451e00 class=_TtGC7SwiftUI13NSHostingViewGV8Bonsplit17PaneContainerViewGVS_19_ConditionalContentGS3_GVS_15ModifiedContentV8cmux_DEV31RemoteTmuxWindowMirrorSplitViewVS_P10$232f25d3018TapGestureModifier_GS4_VS5_P10$12e2170f829WorkspacePanelContentHostViewS7___VS5_14EmptyPanelView_GS4_S9_S7____ frame=240.0,0.0 760.0x672.0 host=0.0,0.0 1000.0x700.0 anchor=240.0,0.0 760.0x644.0
22:38:18.615 #296 sidebar.row.titlePaint workspace=5A8310B9 title=<redacted:15b>
22:38:18.615 #297 sidebar.row.titlePaint workspace=BE9B10CB title=<redacted:15b>
22:38:18.616 #298 sidebar.row.titlePaint workspace=0786EE66 title=<redacted:15b>
22:38:18.616 #299 sidebar.table.apply structural=1 contentChanges=3 rows=4
22:38:18.628 #300 sidebar.row.titlePaint workspace=7AB3E57F title=<redacted:10b>
22:38:18.630 #301 sidebar.row.titlePaint workspace=5A8310B9 title=<redacted:15b>
22:38:18.632 #302 sidebar.row.titlePaint workspace=BE9B10CB title=<redacted:15b>
22:38:18.634 #303 sidebar.row.titlePaint workspace=0786EE66 title=<redacted:15b>
22:38:18.649 #304 surface.size.defer surface=6A7BC reason=noWindow size=760.0x644.0
22:38:18.650 #305 surface.socket_input.queue surface=DF4B51F3 items=3 keys=0 bytes=142
22:38:18.651 #306 notification.queue.drain batch=2 remaining=0 firstSeq=21 lastSeq=22
22:38:18.656 #307 surface.view.windowMove surface=DF4B5 inWindow=1 bounds=800.0x600.0 pending=800.0x600.0
22:38:18.656 #308 surface.attach surface=DF4B5 view=0x0000000bea94ad00 attached=1 hasSurface=0 inWindow=1
22:38:18.656 #309 surface.attach.create surface=DF4B5 inWindow=1
22:38:18.656 #310 surface.attach.create.done surface=DF4B5 hasSurface=0
22:38:18.656 #311 surface.size.resume surface=DF4B5 size=800.0x600.0 backing=800.0x600.0
22:38:18.657 #312 ws.term.active id=1 dt=945.32ms surface=DF4B5 transition=1->0 active=0 visibleFlag=0 hostHidden=1 surfaceHidden=0 hiddenHierarchy=1 inWindow=0 hasSuperview=1 bounds=800.0x600.0 frame=800.0x600.0 firstResponder=nil
22:38:18.657 #313 surface.headless_window.adopt surface=DF4B51F3 reason=input-demand window=ObjectIdentifier(0x0000000be44ee580)
22:38:18.657 #314 surface.headless_window.create surface=DF4B51F3 reason=input-demand window=ObjectIdentifier(0x0000000be44ee580)
22:38:18.657 #315 surface.attach surface=DF4B5 view=0x0000000bea94ad00 attached=1 hasSurface=0 inWindow=1
22:38:18.657 #316 surface.attach.create surface=DF4B5 inWindow=1
22:38:18.657 #317 surface.attach.create.done surface=DF4B5 hasSurface=0
22:38:18.657 #318 surface.background_start surface=DF4B51F3 inWindow=1 ready=0 source=inputDemand ms=5.30
22:38:18.662 #319 workspace.gitProbe.apply workspace=5A831 panel=DF4B5 branch=none dirty=0 pr=none
22:38:18.662 #320 zoom.create surface=DF4B5 context=<redacted:40b>
22:38:18.665 #321 surface.size.apply surface=DF4B51F3 caller=runtime.create.initial grid=99x35->99x35 pixels=800x600->800x600 target=800x600
22:38:18.665 #322 surface.socket_input.flush surface=DF4B51F3 items=3 keys=0 bytes=142
22:38:18.665 #323 zoom.create.done surface=DF4B5 context=<redacted:21b>
22:38:18.681 #324 sidebar.table.rowsBuild items=4
22:38:18.706 #325 sidebar.table.rowsBuild items=4
22:38:18.726 #326 surface.attach surface=0F685 view=0x0000000bea138000 attached=0 hasSurface=0 inWindow=0
22:38:18.726 #327 surface.attach.defer surface=0F685 reason=noWindow bounds=800.0x600.0
22:38:18.726 #328 surface.size.defer surface=0F685 reason=noWindow size=800.0x600.0
22:38:18.727 #329 focus.bonsplit pane=3D550
22:38:18.727 #330 focus.split.apply.begin workspace=DE713 pane=3D550 tab=B40F8 focusedPane=3D550 selectedTab=B40F8 reassert=1
22:38:18.727 #331 find.preparePanelFocusIntent surface=0F685 target=terminal
22:38:18.727 #332 find.preparePanelFocusIntent surface=0F685 target=terminal
22:38:18.727 #333 focus.split.moveFocus workspace=DE713 panel=0F685 previousExists=0 to=0F685
22:38:18.727 #334 find.moveFocus to=0F685 from=nil searchState=nil delayMs=0
22:38:18.727 #335 focus.split.ensureFocus workspace=DE713 panel=0F685 pane=3D550 tab=B40F8 intent=terminal(cmux_DEV.TerminalPanelFocusIntent.surface)
22:38:18.727 #336 focus.split.apply.end workspace=DE713 panel=0F685 type=TerminalPanel focusedPane=3D550 selectedTab=B40F8 prevPanel=0F685
22:38:18.727 #337 focus.bonsplit pane=3D550
22:38:18.728 #338 focus.split.apply.begin workspace=DE713 pane=3D550 tab=B40F8 focusedPane=3D550 selectedTab=B40F8 reassert=1
22:38:18.728 #339 find.preparePanelFocusIntent surface=0F685 target=terminal
22:38:18.728 #340 find.preparePanelFocusIntent surface=0F685 target=terminal
22:38:18.728 #341 focus.split.moveFocus workspace=DE713 panel=0F685 previousExists=0 to=0F685
22:38:18.728 #342 find.moveFocus to=0F685 from=nil searchState=nil delayMs=0
22:38:18.728 #343 focus.split.ensureFocus workspace=DE713 panel=0F685 pane=3D550 tab=B40F8 intent=terminal(cmux_DEV.TerminalPanelFocusIntent.surface)
22:38:18.728 #344 focus.split.apply.end workspace=DE713 panel=0F685 type=TerminalPanel focusedPane=3D550 selectedTab=B40F8 prevPanel=0F685
22:38:18.728 #345 workspace.customTitle.write workspace=DE713FA3 source=user title=<redacted:15b>
22:38:18.729 #346 ws.term.visible id=1 dt=1017.61ms surface=0F685 transition=1->0 active=1 visibleFlag=0 hostHidden=1 surfaceHidden=0 hiddenHierarchy=1 inWindow=0 hasSuperview=0 bounds=0.0x0.0 frame=0.0x0.0 firstResponder=nil
22:38:18.729 #347 workspace.gitProbe.schedule workspace=DE713 panel=0F685 dir=<redacted:11b> reason=initial
22:38:18.730 #348 workspace.customDescription.update workspace=DE713FA3 inputLen=0 inputNewlines=0 normalizedLen=0 normalizedNewlines=0 input=<redacted:22b>
22:38:18.730 #349 notification.queue.drain batch=4 remaining=0 firstSeq=23 lastSeq=26
22:38:18.730 #350 surface.shellState workspace=5A831 panel=DF4B5 from=unknown to=promptIdle
22:38:18.730 #351 workspace.prRefresh.schedule workspace=5A831 panel=DF4B5 reason=shellPrompt
22:38:18.738 #352 sidebar.table.rowsBuild items=5
22:38:18.757 #353 sidebar.row.titlePaint workspace=7AB3E57F title=<redacted:10b>
22:38:18.758 #354 sidebar.row.titlePaint workspace=DE713FA3 title=<redacted:15b>
22:38:18.758 #355 sidebar.row.titlePaint workspace=5A8310B9 title=<redacted:15b>
22:38:18.758 #356 sidebar.row.titlePaint workspace=BE9B10CB title=<redacted:15b>
22:38:18.758 #357 sidebar.row.titlePaint workspace=0786EE66 title=<redacted:15b>
22:38:18.758 #358 sidebar.table.apply structural=1 contentChanges=4 rows=5
22:38:18.772 #359 sidebar.row.titlePaint workspace=7AB3E57F title=<redacted:10b>
22:38:18.774 #360 sidebar.row.titlePaint workspace=DE713FA3 title=<redacted:15b>
22:38:18.776 #361 sidebar.row.titlePaint workspace=5A8310B9 title=<redacted:15b>
22:38:18.778 #362 sidebar.row.titlePaint workspace=BE9B10CB title=<redacted:15b>
22:38:18.780 #363 sidebar.row.titlePaint workspace=0786EE66 title=<redacted:15b>
22:38:18.798 #364 surface.socket_input.queue surface=0F6854E1 items=3 keys=0 bytes=142
22:38:18.798 #365 notification.queue.drain batch=3 remaining=0 firstSeq=27 lastSeq=29
22:38:18.798 #366 surface.shellState workspace=5A831 panel=DF4B5 from=promptIdle to=commandRunning
22:38:18.799 #367 workspace.backgroundPrime.start workspace=DE713
22:38:18.805 #368 sidebar.table.rowsBuild items=5
22:38:18.823 #369 surface.view.windowMove surface=0F685 inWindow=1 bounds=800.0x600.0 pending=800.0x600.0
22:38:18.823 #370 surface.attach surface=0F685 view=0x0000000bea138000 attached=1 hasSurface=0 inWindow=1
22:38:18.823 #371 surface.attach.create surface=0F685 inWindow=1
22:38:18.823 #372 surface.attach.create.done surface=0F685 hasSurface=0
22:38:18.823 #373 surface.size.resume surface=0F685 size=800.0x600.0 backing=800.0x600.0
22:38:18.823 #374 ws.term.active id=1 dt=1111.87ms surface=0F685 transition=1->0 active=0 visibleFlag=0 hostHidden=1 surfaceHidden=0 hiddenHierarchy=1 inWindow=0 hasSuperview=1 bounds=800.0x600.0 frame=800.0x600.0 firstResponder=nil
22:38:18.823 #375 surface.headless_window.adopt surface=0F6854E1 reason=input-demand window=ObjectIdentifier(0x0000000be69aa300)
22:38:18.823 #376 surface.headless_window.create surface=0F6854E1 reason=input-demand window=ObjectIdentifier(0x0000000be69aa300)
22:38:18.823 #377 surface.attach surface=0F685 view=0x0000000bea138000 attached=1 hasSurface=0 inWindow=1
22:38:18.823 #378 surface.attach.create surface=0F685 inWindow=1
22:38:18.823 #379 surface.attach.create.done surface=0F685 hasSurface=0
22:38:18.824 #380 surface.background_start surface=0F6854E1 inWindow=1 ready=0 source=inputDemand ms=3.07
22:38:18.826 #381 workspace.gitProbe.apply workspace=DE713 panel=0F685 branch=none dirty=0 pr=none
22:38:18.826 #382 zoom.create surface=0F685 context=<redacted:40b>
22:38:18.829 #383 surface.size.apply surface=0F6854E1 caller=runtime.create.initial grid=99x35->99x35 pixels=800x600->800x600 target=800x600
22:38:18.829 #384 surface.socket_input.flush surface=0F6854E1 items=3 keys=0 bytes=142
22:38:18.829 #385 zoom.create.done surface=0F685 context=<redacted:21b>
22:38:18.829 #386 ws.mount.reconcile id=1 dt=1117.88ms hot=0 selected=7AB3E mounted=[7AB3E,DE713] added=[DE713] removed=[]
22:38:18.843 #387 sidebar.table.rowsBuild items=5
22:38:18.857 #388 sidebar.table.rowsBuild items=5
22:38:18.871 #389 ws.swiftui.update id=1 dt=1159.43ms surface=0F685 visible=0 active=0 z=0 hostWindow=0 hostedWindow=1 hostedSuperview=1
22:38:18.871 #390 ws.hostState.deferBind surface=0F685 reason=hostNoWindow visible=0 active=0 z=0 hostedWindow=1 hostedSuperview=1
22:38:18.879 #391 ws.hostState.rebindOnGeometry surface=0F685 reason=portalEntryMissing visible=0 active=0 z=0
22:38:18.893 #392 terminal.portal.host.claim surface=0F685 reason=geometryChanged host=ObjectIdentifier(0x0000000bea15b000) pane=3D550 inWin=1 size=760.0x644.0 replacingHost=nil
22:38:18.893 #393 portal.bind hosted=0x0000000bea138500 anchor=0x0000000bea15b000 prevAnchor=nil visible=0 prevVisible=0 z=0 prevZ=-9223372036854775808
22:38:18.894 #394 surface.size.apply surface=0F6854E1 caller=layout() grid=99x35->94x37 pixels=800x600->760x644 target=760x644
22:38:18.894 #395 portal.reparent hosted=0x0000000bea138500 reason=attach super=0x0000000be69aaa80
22:38:18.894 #396 surface.view.windowMove surface=0F685 inWindow=1 bounds=760.0x644.0 pending=760.0x644.0
22:38:18.894 #397 surface.attach surface=0F685 view=0x0000000bea138000 attached=1 hasSurface=1 inWindow=1
22:38:18.895 #398 surface.headless_window.release surface=0F6854E1 realWindow=ObjectIdentifier(0x0000000be7f96800)
22:38:18.895 #399 surface.attach.reuse surface=0F685 view=0x0000000bea138000
22:38:18.895 #400 portal.bonsplit.container hosted=0x0000000bea138500 class=_TtGC7SwiftUI13NSHostingViewGV8Bonsplit17PaneContainerViewGVS_19_ConditionalContentGS3_GVS_15ModifiedContentV8cmux_DEV31RemoteTmuxWindowMirrorSplitViewVS_P10$232f25d3018TapGestureModifier_GS4_VS5_P10$12e2170f829WorkspacePanelContentHostViewS7___VS5_14EmptyPanelView_GS4_S9_S7____ frame=240.0,0.0 760.0x672.0 host=0.0,0.0 1000.0x700.0 anchor=240.0,0.0 760.0x644.0
22:38:18.899 #401 workspace.backgroundPrime.finish workspace=DE713 reason=no_surface_work ms=100.42
22:38:18.910 #402 surface.attach surface=70CA2 view=0x0000000bea13a800 attached=0 hasSurface=0 inWindow=0
22:38:18.910 #403 surface.attach.defer surface=70CA2 reason=noWindow bounds=800.0x600.0
22:38:18.910 #404 surface.size.defer surface=70CA2 reason=noWindow size=800.0x600.0
22:38:18.910 #405 focus.bonsplit pane=3A815
22:38:18.910 #406 focus.split.apply.begin workspace=D6AF9 pane=3A815 tab=450F7 focusedPane=3A815 selectedTab=450F7 reassert=1
22:38:18.910 #407 find.preparePanelFocusIntent surface=70CA2 target=terminal
22:38:18.911 #408 find.preparePanelFocusIntent surface=70CA2 target=terminal
22:38:18.911 #409 focus.split.moveFocus workspace=D6AF9 panel=70CA2 previousExists=0 to=70CA2
22:38:18.911 #410 find.moveFocus to=70CA2 from=nil searchState=nil delayMs=0
22:38:18.911 #411 focus.split.ensureFocus workspace=D6AF9 panel=70CA2 pane=3A815 tab=450F7 intent=terminal(cmux_DEV.TerminalPanelFocusIntent.surface)
22:38:18.911 #412 focus.split.apply.end workspace=D6AF9 panel=70CA2 type=TerminalPanel focusedPane=3A815 selectedTab=450F7 prevPanel=70CA2
22:38:18.911 #413 focus.bonsplit pane=3A815
22:38:18.911 #414 focus.split.apply.begin workspace=D6AF9 pane=3A815 tab=450F7 focusedPane=3A815 selectedTab=450F7 reassert=1
22:38:18.911 #415 find.preparePanelFocusIntent surface=70CA2 target=terminal
22:38:18.911 #416 find.preparePanelFocusIntent surface=70CA2 target=terminal
22:38:18.911 #417 focus.split.moveFocus workspace=D6AF9 panel=70CA2 previousExists=0 to=70CA2
22:38:18.911 #418 find.moveFocus to=70CA2 from=nil searchState=nil delayMs=0
22:38:18.911 #419 focus.split.ensureFocus workspace=D6AF9 panel=70CA2 pane=3A815 tab=450F7 intent=terminal(cmux_DEV.TerminalPanelFocusIntent.surface)
22:38:18.911 #420 focus.split.apply.end workspace=D6AF9 panel=70CA2 type=TerminalPanel focusedPane=3A815 selectedTab=450F7 prevPanel=70CA2
22:38:18.911 #421 workspace.customTitle.write workspace=D6AF905C source=user title=<redacted:15b>
22:38:18.912 #422 ws.term.visible id=1 dt=1201.24ms surface=70CA2 transition=1->0 active=1 visibleFlag=0 hostHidden=1 surfaceHidden=0 hiddenHierarchy=1 inWindow=0 hasSuperview=0 bounds=0.0x0.0 frame=0.0x0.0 firstResponder=nil
22:38:18.913 #423 portal.hideEntry hosted=0x0000000bea138500 reason=workspaceUnmount
22:38:18.913 #424 ws.mount.reconcile id=1 dt=1201.35ms hot=0 selected=7AB3E mounted=[7AB3E] added=[] removed=[DE713]
22:38:18.913 #425 workspace.gitProbe.schedule workspace=D6AF9 panel=70CA2 dir=<redacted:11b> reason=initial
22:38:18.913 #426 workspace.customDescription.update workspace=D6AF905C inputLen=0 inputNewlines=0 normalizedLen=0 normalizedNewlines=0 input=<redacted:22b>
22:38:18.914 #427 notification.queue.drain batch=4 remaining=0 firstSeq=31 lastSeq=35
22:38:18.914 #428 surface.shellState workspace=DE713 panel=0F685 from=unknown to=commandRunning
22:38:18.921 #429 sidebar.table.rowsBuild items=6
22:38:18.936 #430 ws.swiftui.dismantle id=1 dt=1224.92ms surface=0F685 inWindow=1
22:38:18.936 #431 terminal.portal.host.authorityCleared surface=0F685 host=ObjectIdentifier(0x0000000bea15b000) pane=3D550 generation=1 serial=3
22:38:18.936 #432 terminal.portal.host.rearm surface=0F685 reason=dismantle host=ObjectIdentifier(0x0000000bea15b000) pane=3D550 area=489440.0
22:38:18.943 #433 portal.detach hosted=0x0000000bea138500 anchor=0x0000000bea15b000 hadSuperview=1
22:38:18.943 #434 surface.view.windowMove surface=0F685 inWindow=0 bounds=760.0x644.0 pending=760.0x644.0
22:38:18.944 #435 portal.bonsplit.container hosted=0x0000000be9451e00 class=_TtGC7SwiftUI13NSHostingViewGV8Bonsplit17PaneContainerViewGVS_19_ConditionalContentGS3_GVS_15ModifiedContentV8cmux_DEV31RemoteTmuxWindowMirrorSplitViewVS_P10$232f25d3018TapGestureModifier_GS4_VS5_P10$12e2170f829WorkspacePanelContentHostViewS7___VS5_14EmptyPanelView_GS4_S9_S7____ frame=240.0,0.0 760.0x672.0 host=0.0,0.0 1000.0x700.0 anchor=240.0,0.0 760.0x644.0
22:38:18.946 #436 sidebar.row.titlePaint workspace=7AB3E57F title=<redacted:10b>
22:38:18.946 #437 sidebar.row.titlePaint workspace=D6AF905C title=<redacted:15b>
22:38:18.947 #438 sidebar.row.titlePaint workspace=DE713FA3 title=<redacted:15b>
22:38:18.947 #439 sidebar.row.titlePaint workspace=5A8310B9 title=<redacted:15b>
22:38:18.947 #440 sidebar.row.titlePaint workspace=BE9B10CB title=<redacted:15b>
22:38:18.947 #441 sidebar.row.titlePaint workspace=0786EE66 title=<redacted:15b>
22:38:18.947 #442 sidebar.table.apply structural=1 contentChanges=5 rows=6
22:38:18.964 #443 sidebar.row.titlePaint workspace=7AB3E57F title=<redacted:10b>
22:38:18.966 #444 sidebar.row.titlePaint workspace=D6AF905C title=<redacted:15b>
22:38:18.968 #445 sidebar.row.titlePaint workspace=DE713FA3 title=<redacted:15b>
22:38:18.970 #446 sidebar.row.titlePaint workspace=5A8310B9 title=<redacted:15b>
22:38:18.972 #447 sidebar.row.titlePaint workspace=BE9B10CB title=<redacted:15b>
22:38:18.974 #448 sidebar.row.titlePaint workspace=0786EE66 title=<redacted:15b>
22:38:18.994 #449 surface.size.defer surface=0F685 reason=noWindow size=760.0x644.0
22:38:18.995 #450 notification.queue.drain batch=1 remaining=0 firstSeq=36 lastSeq=36
22:38:18.996 #451 surface.socket_input.queue surface=70CA2AE8 items=3 keys=0 bytes=142
22:38:18.999 #452 surface.view.windowMove surface=70CA2 inWindow=1 bounds=800.0x600.0 pending=800.0x600.0
22:38:18.999 #453 surface.attach surface=70CA2 view=0x0000000bea13a800 attached=1 hasSurface=0 inWindow=1
22:38:18.999 #454 surface.attach.create surface=70CA2 inWindow=1
22:38:18.999 #455 surface.attach.create.done surface=70CA2 hasSurface=0
22:38:18.999 #456 surface.size.resume surface=70CA2 size=800.0x600.0 backing=800.0x600.0
22:38:18.999 #457 ws.term.active id=1 dt=1287.93ms surface=70CA2 transition=1->0 active=0 visibleFlag=0 hostHidden=1 surfaceHidden=0 hiddenHierarchy=1 inWindow=0 hasSuperview=1 bounds=800.0x600.0 frame=800.0x600.0 firstResponder=nil
22:38:18.999 #458 surface.headless_window.adopt surface=70CA2AE8 reason=input-demand window=ObjectIdentifier(0x0000000be6b9c500)
22:38:18.999 #459 surface.headless_window.create surface=70CA2AE8 reason=input-demand window=ObjectIdentifier(0x0000000be6b9c500)
22:38:18.999 #460 surface.attach surface=70CA2 view=0x0000000bea13a800 attached=1 hasSurface=0 inWindow=1
22:38:18.999 #461 surface.attach.create surface=70CA2 inWindow=1
22:38:18.999 #462 surface.attach.create.done surface=70CA2 hasSurface=0
22:38:19.000 #463 surface.background_start surface=70CA2AE8 inWindow=1 ready=0 source=inputDemand ms=2.00
22:38:19.001 #464 workspace.gitProbe.apply workspace=D6AF9 panel=70CA2 branch=none dirty=0 pr=none
22:38:19.001 #465 zoom.create surface=70CA2 context=<redacted:40b>
22:38:19.003 #466 surface.size.apply surface=70CA2AE8 caller=runtime.create.initial grid=99x35->99x35 pixels=800x600->800x600 target=800x600
22:38:19.003 #467 surface.socket_input.flush surface=70CA2AE8 items=3 keys=0 bytes=142
22:38:19.004 #468 zoom.create.done surface=70CA2 context=<redacted:21b>
22:38:19.038 #469 surface.attach surface=BF2FF view=0x0000000bea948f00 attached=0 hasSurface=0 inWindow=0
22:38:19.038 #470 surface.attach.defer surface=BF2FF reason=noWindow bounds=800.0x600.0
22:38:19.038 #471 surface.size.defer surface=BF2FF reason=noWindow size=800.0x600.0
22:38:19.038 #472 focus.bonsplit pane=6F653
22:38:19.038 #473 focus.split.apply.begin workspace=481B3 pane=6F653 tab=E02EB focusedPane=6F653 selectedTab=E02EB reassert=1
22:38:19.038 #474 find.preparePanelFocusIntent surface=BF2FF target=terminal
22:38:19.038 #475 find.preparePanelFocusIntent surface=BF2FF target=terminal
22:38:19.039 #476 focus.split.moveFocus workspace=481B3 panel=BF2FF previousExists=0 to=BF2FF
22:38:19.039 #477 find.moveFocus to=BF2FF from=nil searchState=nil delayMs=0
22:38:19.039 #478 focus.split.ensureFocus workspace=481B3 panel=BF2FF pane=6F653 tab=E02EB intent=terminal(cmux_DEV.TerminalPanelFocusIntent.surface)
22:38:19.039 #479 focus.split.apply.end workspace=481B3 panel=BF2FF type=TerminalPanel focusedPane=6F653 selectedTab=E02EB prevPanel=BF2FF
22:38:19.039 #480 focus.bonsplit pane=6F653
22:38:19.039 #481 focus.split.apply.begin workspace=481B3 pane=6F653 tab=E02EB focusedPane=6F653 selectedTab=E02EB reassert=1
22:38:19.039 #482 find.preparePanelFocusIntent surface=BF2FF target=terminal
22:38:19.039 #483 find.preparePanelFocusIntent surface=BF2FF target=terminal
22:38:19.039 #484 focus.split.moveFocus workspace=481B3 panel=BF2FF previousExists=0 to=BF2FF
22:38:19.039 #485 find.moveFocus to=BF2FF from=nil searchState=nil delayMs=0
22:38:19.039 #486 focus.split.ensureFocus workspace=481B3 panel=BF2FF pane=6F653 tab=E02EB intent=terminal(cmux_DEV.TerminalPanelFocusIntent.surface)
22:38:19.039 #487 focus.split.apply.end workspace=481B3 panel=BF2FF type=TerminalPanel focusedPane=6F653 selectedTab=E02EB prevPanel=BF2FF
22:38:19.039 #488 workspace.customTitle.write workspace=481B3CBD source=user title=<redacted:15b>
22:38:19.041 #489 ws.term.visible id=1 dt=1329.48ms surface=BF2FF transition=1->0 active=1 visibleFlag=0 hostHidden=1 surfaceHidden=0 hiddenHierarchy=1 inWindow=0 hasSuperview=0 bounds=0.0x0.0 frame=0.0x0.0 firstResponder=nil
22:38:19.041 #490 workspace.gitProbe.schedule workspace=481B3 panel=BF2FF dir=<redacted:11b> reason=initial
22:38:19.041 #491 workspace.customDescription.update workspace=481B3CBD inputLen=0 inputNewlines=0 normalizedLen=0 normalizedNewlines=0 input=<redacted:22b>
22:38:19.049 #492 sidebar.table.rowsBuild items=7
22:38:19.073 #493 sidebar.row.titlePaint workspace=7AB3E57F title=<redacted:10b>
22:38:19.073 #494 sidebar.row.titlePaint workspace=481B3CBD title=<redacted:15b>
22:38:19.073 #495 sidebar.row.titlePaint workspace=D6AF905C title=<redacted:15b>
22:38:19.073 #496 sidebar.row.titlePaint workspace=DE713FA3 title=<redacted:15b>
22:38:19.074 #497 sidebar.row.titlePaint workspace=5A8310B9 title=<redacted:15b>
22:38:19.074 #498 sidebar.row.titlePaint workspace=BE9B10CB title=<redacted:15b>
22:38:19.074 #499 sidebar.row.titlePaint workspace=0786EE66 title=<redacted:15b>
22:38:19.074 #500 sidebar.table.apply structural=1 contentChanges=6 rows=7
22:38:19.087 #501 surface.socket_input.queue surface=BF2FF175 items=3 keys=0 bytes=142
22:38:19.087 #502 notification.queue.drain batch=4 remaining=0 firstSeq=38 lastSeq=42
22:38:19.088 #503 surface.shellState workspace=D6AF9 panel=70CA2 from=unknown to=commandRunning
22:38:19.088 #504 workspace.backgroundPrime.start workspace=481B3
22:38:19.095 #505 sidebar.table.rowsBuild items=7
22:38:19.116 #506 sidebar.row.titlePaint workspace=7AB3E57F title=<redacted:10b>
22:38:19.118 #507 sidebar.row.titlePaint workspace=481B3CBD title=<redacted:15b>
22:38:19.120 #508 sidebar.row.titlePaint workspace=D6AF905C title=<redacted:15b>
22:38:19.122 #509 sidebar.row.titlePaint workspace=DE713FA3 title=<redacted:15b>
22:38:19.124 #510 sidebar.row.titlePaint workspace=5A8310B9 title=<redacted:15b>
22:38:19.125 #511 sidebar.row.titlePaint workspace=BE9B10CB title=<redacted:15b>
22:38:19.127 #512 sidebar.row.titlePaint workspace=0786EE66 title=<redacted:15b>
22:38:19.153 #513 surface.view.windowMove surface=BF2FF inWindow=1 bounds=800.0x600.0 pending=800.0x600.0
22:38:19.154 #514 surface.attach surface=BF2FF view=0x0000000bea948f00 attached=1 hasSurface=0 inWindow=1
22:38:19.154 #515 surface.attach.create surface=BF2FF inWindow=1
22:38:19.154 #516 surface.attach.create.done surface=BF2FF hasSurface=0
22:38:19.154 #517 surface.size.resume surface=BF2FF size=800.0x600.0 backing=800.0x600.0
22:38:19.154 #518 ws.term.active id=1 dt=1442.65ms surface=BF2FF transition=1->0 active=0 visibleFlag=0 hostHidden=1 surfaceHidden=0 hiddenHierarchy=1 inWindow=0 hasSuperview=1 bounds=800.0x600.0 frame=800.0x600.0 firstResponder=nil
22:38:19.154 #519 surface.headless_window.adopt surface=BF2FF175 reason=input-demand window=ObjectIdentifier(0x0000000be20df980)
22:38:19.154 #520 surface.headless_window.create surface=BF2FF175 reason=input-demand window=ObjectIdentifier(0x0000000be20df980)
22:38:19.154 #521 surface.attach surface=BF2FF view=0x0000000bea948f00 attached=1 hasSurface=0 inWindow=1
22:38:19.154 #522 surface.attach.create surface=BF2FF inWindow=1
22:38:19.154 #523 surface.attach.create.done surface=BF2FF hasSurface=0
22:38:19.155 #524 surface.background_start surface=BF2FF175 inWindow=1 ready=0 source=inputDemand ms=2.67
22:38:19.155 #525 notification.queue.drain batch=1 remaining=0 firstSeq=43 lastSeq=43
22:38:19.158 #526 surface.attach surface=D628C view=0x0000000beb018000 attached=0 hasSurface=0 inWindow=0
22:38:19.158 #527 surface.attach.defer surface=D628C reason=noWindow bounds=800.0x600.0
22:38:19.158 #528 surface.size.defer surface=D628C reason=noWindow size=800.0x600.0
22:38:19.158 #529 focus.bonsplit pane=216CC
22:38:19.158 #530 focus.split.apply.begin workspace=C0EB2 pane=216CC tab=1C2F3 focusedPane=216CC selectedTab=1C2F3 reassert=1
22:38:19.158 #531 find.preparePanelFocusIntent surface=D628C target=terminal
22:38:19.158 #532 find.preparePanelFocusIntent surface=D628C target=terminal
22:38:19.158 #533 focus.split.moveFocus workspace=C0EB2 panel=D628C previousExists=0 to=D628C
22:38:19.158 #534 find.moveFocus to=D628C from=nil searchState=nil delayMs=0
22:38:19.158 #535 focus.split.ensureFocus workspace=C0EB2 panel=D628C pane=216CC tab=1C2F3 intent=terminal(cmux_DEV.TerminalPanelFocusIntent.surface)
22:38:19.159 #536 focus.split.apply.end workspace=C0EB2 panel=D628C type=TerminalPanel focusedPane=216CC selectedTab=1C2F3 prevPanel=D628C
22:38:19.159 #537 focus.bonsplit pane=216CC
22:38:19.159 #538 focus.split.apply.begin workspace=C0EB2 pane=216CC tab=1C2F3 focusedPane=216CC selectedTab=1C2F3 reassert=1
22:38:19.159 #539 find.preparePanelFocusIntent surface=D628C target=terminal
22:38:19.159 #540 find.preparePanelFocusIntent surface=D628C target=terminal
22:38:19.159 #541 focus.split.moveFocus workspace=C0EB2 panel=D628C previousExists=0 to=D628C
22:38:19.159 #542 find.moveFocus to=D628C from=nil searchState=nil delayMs=0
22:38:19.159 #543 focus.split.ensureFocus workspace=C0EB2 panel=D628C pane=216CC tab=1C2F3 intent=terminal(cmux_DEV.TerminalPanelFocusIntent.surface)
22:38:19.159 #544 focus.split.apply.end workspace=C0EB2 panel=D628C type=TerminalPanel focusedPane=216CC selectedTab=1C2F3 prevPanel=D628C
22:38:19.159 #545 workspace.customTitle.write workspace=C0EB2E56 source=user title=<redacted:15b>
22:38:19.160 #546 ws.term.visible id=1 dt=1448.73ms surface=D628C transition=1->0 active=1 visibleFlag=0 hostHidden=1 surfaceHidden=0 hiddenHierarchy=1 inWindow=0 hasSuperview=0 bounds=0.0x0.0 frame=0.0x0.0 firstResponder=nil
22:38:19.160 #547 ws.mount.reconcile id=1 dt=1448.80ms hot=0 selected=7AB3E mounted=[7AB3E,481B3] added=[481B3] removed=[]
22:38:19.160 #548 workspace.gitProbe.schedule workspace=C0EB2 panel=D628C dir=<redacted:11b> reason=initial
22:38:19.161 #549 workspace.customDescription.update workspace=C0EB2E56 inputLen=0 inputNewlines=0 normalizedLen=0 normalizedNewlines=0 input=<redacted:22b>
22:38:19.168 #550 sidebar.table.rowsBuild items=8
22:38:19.189 #551 sidebar.table.rowsBuild items=8
22:38:19.196 #552 sidebar.row.titlePaint workspace=7AB3E57F title=<redacted:10b>
22:38:19.197 #553 sidebar.row.titlePaint workspace=C0EB2E56 title=<redacted:15b>
22:38:19.197 #554 sidebar.row.titlePaint workspace=481B3CBD title=<redacted:15b>
22:38:19.197 #555 sidebar.row.titlePaint workspace=D6AF905C title=<redacted:15b>
22:38:19.197 #556 sidebar.row.titlePaint workspace=DE713FA3 title=<redacted:15b>
22:38:19.197 #557 sidebar.row.titlePaint workspace=5A8310B9 title=<redacted:15b>
22:38:19.197 #558 sidebar.row.titlePaint workspace=BE9B10CB title=<redacted:15b>
22:38:19.197 #559 sidebar.row.titlePaint workspace=0786EE66 title=<redacted:15b>
22:38:19.199 #560 sidebar.table.apply structural=1 contentChanges=7 rows=8
22:38:19.217 #561 ws.swiftui.update id=1 dt=1505.39ms surface=BF2FF visible=0 active=0 z=0 hostWindow=0 hostedWindow=1 hostedSuperview=1
22:38:19.217 #562 ws.hostState.deferBind surface=BF2FF reason=hostNoWindow visible=0 active=0 z=0 hostedWindow=1 hostedSuperview=1
22:38:19.224 #563 ws.hostState.rebindOnGeometry surface=BF2FF reason=portalEntryMissing visible=0 active=0 z=0
22:38:19.231 #564 sidebar.row.titlePaint workspace=7AB3E57F title=<redacted:10b>
22:38:19.233 #565 sidebar.row.titlePaint workspace=C0EB2E56 title=<redacted:15b>
22:38:19.235 #566 sidebar.row.titlePaint workspace=481B3CBD title=<redacted:15b>
22:38:19.237 #567 sidebar.row.titlePaint workspace=D6AF905C title=<redacted:15b>
22:38:19.239 #568 sidebar.row.titlePaint workspace=DE713FA3 title=<redacted:15b>
22:38:19.241 #569 sidebar.row.titlePaint workspace=5A8310B9 title=<redacted:15b>
22:38:19.242 #570 sidebar.row.titlePaint workspace=BE9B10CB title=<redacted:15b>
22:38:19.244 #571 sidebar.row.titlePaint workspace=0786EE66 title=<redacted:15b>
22:38:19.272 #572 terminal.portal.host.claim surface=BF2FF reason=geometryChanged host=ObjectIdentifier(0x0000000bea3f0000) pane=6F653 inWin=1 size=760.0x644.0 replacingHost=nil
22:38:19.272 #573 surface.attach surface=BF2FF view=0x0000000bea948f00 attached=1 hasSurface=0 inWindow=1
22:38:19.272 #574 surface.attach.create surface=BF2FF inWindow=1
22:38:19.272 #575 surface.attach.create.done surface=BF2FF hasSurface=0
22:38:19.272 #576 portal.bind hosted=0x0000000bea949400 anchor=0x0000000bea3f0000 prevAnchor=nil visible=0 prevVisible=0 z=0 prevZ=-9223372036854775808
22:38:19.272 #577 portal.reparent hosted=0x0000000bea949400 reason=attach super=0x0000000be2144000
22:38:19.273 #578 surface.view.windowMove surface=BF2FF inWindow=1 bounds=760.0x644.0 pending=760.0x644.0
22:38:19.273 #579 surface.attach surface=BF2FF view=0x0000000bea948f00 attached=1 hasSurface=0 inWindow=1
22:38:19.273 #580 surface.headless_window.release surface=BF2FF175 realWindow=ObjectIdentifier(0x0000000be7f96800)
22:38:19.273 #581 surface.attach.create surface=BF2FF inWindow=1
22:38:19.273 #582 surface.attach.create.done surface=BF2FF hasSurface=0
22:38:19.274 #583 portal.bonsplit.container hosted=0x0000000bea949400 class=_TtGC7SwiftUI13NSHostingViewGV8Bonsplit17PaneContainerViewGVS_19_ConditionalContentGS3_GVS_15ModifiedContentV8cmux_DEV31RemoteTmuxWindowMirrorSplitViewVS_P10$232f25d3018TapGestureModifier_GS4_VS5_P10$12e2170f829WorkspacePanelContentHostViewS7___VS5_14EmptyPanelView_GS4_S9_S7____ frame=240.0,0.0 760.0x672.0 host=0.0,0.0 1000.0x700.0 anchor=240.0,0.0 760.0x644.0
22:38:19.276 #584 workspace.gitProbe.apply workspace=481B3 panel=BF2FF branch=none dirty=0 pr=none
22:38:19.276 #585 zoom.create surface=BF2FF context=<redacted:40b>
22:38:19.279 #586 surface.size.apply surface=BF2FF175 caller=runtime.create.initial grid=99x35->94x37 pixels=800x600->760x644 target=760x644
22:38:19.279 #587 surface.socket_input.flush surface=BF2FF175 items=3 keys=0 bytes=142
22:38:19.279 #588 zoom.create.done surface=BF2FF context=<redacted:21b>
22:38:19.293 #589 sidebar.table.rowsBuild items=8
22:38:19.311 #590 portal.bonsplit.container hosted=0x0000000be9451e00 class=_TtGC7SwiftUI13NSHostingViewGV8Bonsplit17PaneContainerViewGVS_19_ConditionalContentGS3_GVS_15ModifiedContentV8cmux_DEV31RemoteTmuxWindowMirrorSplitViewVS_P10$232f25d3018TapGestureModifier_GS4_VS5_P10$12e2170f829WorkspacePanelContentHostViewS7___VS5_14EmptyPanelView_GS4_S9_S7____ frame=240.0,0.0 760.0x672.0 host=0.0,0.0 1000.0x700.0 anchor=240.0,0.0 760.0x644.0
22:38:19.312 #591 surface.socket_input.queue surface=D628CE01 items=3 keys=0 bytes=142
22:38:19.313 #592 find.preparePanelFocusIntent surface=BF2FF target=terminal
22:38:19.313 #593 ws.term.active id=1 dt=1601.58ms surface=BF2FF transition=0->1 active=1 visibleFlag=0 hostHidden=1 surfaceHidden=0 hiddenHierarchy=1 inWindow=1 hasSuperview=1 bounds=760.0x644.0 frame=760.0x644.0 firstResponder=GhosttyNSView
22:38:19.313 #594 focus.ensure.defer surface=BF2FF reason=not_visible
22:38:19.313 #595 focus.ensure.defer surface=BF2FF reason=not_visible
22:38:19.315 #596 ws.term.active id=1 dt=1603.43ms surface=BF2FF transition=1->0 active=0 visibleFlag=0 hostHidden=1 surfaceHidden=0 hiddenHierarchy=1 inWindow=1 hasSuperview=1 bounds=760.0x644.0 frame=760.0x644.0 firstResponder=GhosttyNSView
22:38:19.323 #597 forceRefresh: BF2FF175-06F4-49FD-B2B0-A003E73A8F27 reason=unspecified inWindow=true bounds=(0.0, 0.0, 760.0, 644.0) metalOK=false hasSurface=true
22:38:19.323 #598 ws.term.visible id=1 dt=1611.58ms surface=BF2FF transition=0->1 active=0 visibleFlag=1 hostHidden=0 surfaceHidden=0 hiddenHierarchy=0 inWindow=1 hasSuperview=1 bounds=760.0x644.0 frame=760.0x644.0 firstResponder=GhosttyNSView
22:38:19.323 #599 ws.term.active id=1 dt=1611.64ms surface=BF2FF transition=0->1 active=1 visibleFlag=1 hostHidden=0 surfaceHidden=0 hiddenHierarchy=0 inWindow=1 hasSuperview=1 bounds=760.0x644.0 frame=760.0x644.0 firstResponder=GhosttyNSView
22:38:19.323 #600 workspace.backgroundPrime.finish workspace=481B3 reason=no_surface_work ms=235.02
22:38:19.323 #601 ws.term.visible id=1 dt=1611.92ms surface=BF2FF transition=1->0 active=1 visibleFlag=0 hostHidden=1 surfaceHidden=0 hiddenHierarchy=1 inWindow=1 hasSuperview=1 bounds=760.0x644.0 frame=760.0x644.0 firstResponder=GhosttyNSView
22:38:19.323 #602 portal.hideEntry hosted=0x0000000bea949400 reason=workspaceUnmount
22:38:19.323 #603 ws.mount.reconcile id=1 dt=1611.98ms hot=0 selected=7AB3E mounted=[7AB3E] added=[] removed=[481B3]
22:38:19.323 #604 workspace.backgroundPrime.start workspace=C0EB2
22:38:19.325 #605 surface.view.windowMove surface=D628C inWindow=1 bounds=800.0x600.0 pending=800.0x600.0
22:38:19.325 #606 surface.attach surface=D628C view=0x0000000beb018000 attached=1 hasSurface=0 inWindow=1
22:38:19.325 #607 surface.attach.create surface=D628C inWindow=1
22:38:19.325 #608 surface.attach.create.done surface=D628C hasSurface=0
22:38:19.325 #609 surface.size.resume surface=D628C size=800.0x600.0 backing=800.0x600.0
22:38:19.325 #610 ws.term.active id=1 dt=1613.93ms surface=D628C transition=1->0 active=0 visibleFlag=0 hostHidden=1 surfaceHidden=0 hiddenHierarchy=1 inWindow=0 hasSuperview=1 bounds=800.0x600.0 frame=800.0x600.0 firstResponder=nil
22:38:19.325 #611 surface.headless_window.adopt surface=D628CE01 reason=input-demand window=ObjectIdentifier(0x0000000be21ed680)
22:38:19.325 #612 surface.headless_window.create surface=D628CE01 reason=input-demand window=ObjectIdentifier(0x0000000be21ed680)
22:38:19.325 #613 surface.attach surface=D628C view=0x0000000beb018000 attached=1 hasSurface=0 inWindow=1
22:38:19.325 #614 surface.attach.create surface=D628C inWindow=1
22:38:19.325 #615 surface.attach.create.done surface=D628C hasSurface=0
22:38:19.326 #616 surface.background_start surface=D628CE01 inWindow=1 ready=0 source=inputDemand ms=2.26
22:38:19.327 #617 find.applyFirstResponder.defer surface=BF2FF reason=setActive
22:38:19.334 #618 sidebar.table.rowsBuild items=8
22:38:19.348 #619 ws.swiftui.dismantle id=1 dt=1636.64ms surface=BF2FF inWindow=1
22:38:19.348 #620 terminal.portal.host.authorityCleared surface=BF2FF host=ObjectIdentifier(0x0000000bea3f0000) pane=6F653 generation=1 serial=4
22:38:19.348 #621 terminal.portal.host.rearm surface=BF2FF reason=dismantle host=ObjectIdentifier(0x0000000bea3f0000) pane=6F653 area=489440.0
22:38:19.363 #622 portal.detach hosted=0x0000000bea949400 anchor=nil hadSuperview=1
22:38:19.363 #623 surface.view.windowMove surface=BF2FF inWindow=0 bounds=760.0x644.0 pending=760.0x644.0
22:38:19.365 #624 workspace.gitProbe.apply workspace=C0EB2 panel=D628C branch=none dirty=0 pr=none
22:38:19.366 #625 zoom.create surface=D628C context=<redacted:40b>
22:38:19.368 #626 surface.size.apply surface=D628CE01 caller=runtime.create.initial grid=99x35->99x35 pixels=800x600->800x600 target=800x600
22:38:19.368 #627 surface.socket_input.flush surface=D628CE01 items=3 keys=0 bytes=142
22:38:19.369 #628 zoom.create.done surface=D628C context=<redacted:21b>
22:38:19.369 #629 ws.mount.reconcile id=1 dt=1657.49ms hot=0 selected=7AB3E mounted=[7AB3E,C0EB2] added=[C0EB2] removed=[]
22:38:19.374 #630 notification.queue.drain batch=4 remaining=0 firstSeq=45 lastSeq=49
22:38:19.375 #631 surface.shellState workspace=481B3 panel=BF2FF from=unknown to=commandRunning
22:38:19.378 #632 surface.attach surface=137C2 view=0x0000000be9453200 attached=0 hasSurface=0 inWindow=0
22:38:19.378 #633 surface.attach.defer surface=137C2 reason=noWindow bounds=800.0x600.0
22:38:19.378 #634 surface.size.defer surface=137C2 reason=noWindow size=800.0x600.0
22:38:19.378 #635 focus.bonsplit pane=7D86D
22:38:19.378 #636 focus.split.apply.begin workspace=A9442 pane=7D86D tab=D9802 focusedPane=7D86D selectedTab=D9802 reassert=1
22:38:19.378 #637 find.preparePanelFocusIntent surface=137C2 target=terminal
22:38:19.378 #638 find.preparePanelFocusIntent surface=137C2 target=terminal
22:38:19.378 #639 focus.split.moveFocus workspace=A9442 panel=137C2 previousExists=0 to=137C2
22:38:19.378 #640 find.moveFocus to=137C2 from=nil searchState=nil delayMs=0
22:38:19.378 #641 focus.split.ensureFocus workspace=A9442 panel=137C2 pane=7D86D tab=D9802 intent=terminal(cmux_DEV.TerminalPanelFocusIntent.surface)
22:38:19.379 #642 focus.split.apply.end workspace=A9442 panel=137C2 type=TerminalPanel focusedPane=7D86D selectedTab=D9802 prevPanel=137C2
22:38:19.379 #643 focus.bonsplit pane=7D86D
22:38:19.379 #644 focus.split.apply.begin workspace=A9442 pane=7D86D tab=D9802 focusedPane=7D86D selectedTab=D9802 reassert=1
22:38:19.379 #645 find.preparePanelFocusIntent surface=137C2 target=terminal
22:38:19.379 #646 find.preparePanelFocusIntent surface=137C2 target=terminal
22:38:19.379 #647 focus.split.moveFocus workspace=A9442 panel=137C2 previousExists=0 to=137C2
22:38:19.379 #648 find.moveFocus to=137C2 from=nil searchState=nil delayMs=0
22:38:19.379 #649 focus.split.ensureFocus workspace=A9442 panel=137C2 pane=7D86D tab=D9802 intent=terminal(cmux_DEV.TerminalPanelFocusIntent.surface)
22:38:19.379 #650 focus.split.apply.end workspace=A9442 panel=137C2 type=TerminalPanel focusedPane=7D86D selectedTab=D9802 prevPanel=137C2
22:38:19.379 #651 workspace.customTitle.write workspace=A9442F6F source=user title=<redacted:15b>
22:38:19.380 #652 ws.term.visible id=1 dt=1669.23ms surface=137C2 transition=1->0 active=1 visibleFlag=0 hostHidden=1 surfaceHidden=0 hiddenHierarchy=1 inWindow=0 hasSuperview=0 bounds=0.0x0.0 frame=0.0x0.0 firstResponder=nil
22:38:19.381 #653 ws.mount.reconcile id=1 dt=1669.34ms hot=0 selected=7AB3E mounted=[7AB3E] added=[] removed=[C0EB2]
22:38:19.381 #654 workspace.gitProbe.schedule workspace=A9442 panel=137C2 dir=<redacted:11b> reason=initial
22:38:19.381 #655 workspace.customDescription.update workspace=A9442F6F inputLen=0 inputNewlines=0 normalizedLen=0 normalizedNewlines=0 input=<redacted:22b>
22:38:19.390 #656 sidebar.table.rowsBuild items=9
22:38:19.413 #657 sidebar.row.titlePaint workspace=7AB3E57F title=<redacted:10b>
22:38:19.413 #658 sidebar.row.titlePaint workspace=A9442F6F title=<redacted:15b>
22:38:19.414 #659 sidebar.row.titlePaint workspace=C0EB2E56 title=<redacted:15b>
22:38:19.414 #660 sidebar.row.titlePaint workspace=481B3CBD title=<redacted:15b>
22:38:19.414 #661 sidebar.row.titlePaint workspace=D6AF905C title=<redacted:15b>
22:38:19.414 #662 sidebar.row.titlePaint workspace=DE713FA3 title=<redacted:15b>
22:38:19.414 #663 sidebar.row.titlePaint workspace=5A8310B9 title=<redacted:15b>
22:38:19.414 #664 sidebar.row.titlePaint workspace=BE9B10CB title=<redacted:15b>
22:38:19.415 #665 sidebar.row.titlePaint workspace=0786EE66 title=<redacted:15b>
22:38:19.415 #666 sidebar.table.apply structural=1 contentChanges=8 rows=9
22:38:19.441 #667 sidebar.row.titlePaint workspace=7AB3E57F title=<redacted:10b>
22:38:19.443 #668 sidebar.row.titlePaint workspace=A9442F6F title=<redacted:15b>
22:38:19.445 #669 sidebar.row.titlePaint workspace=C0EB2E56 title=<redacted:15b>
22:38:19.446 #670 sidebar.row.titlePaint workspace=481B3CBD title=<redacted:15b>
22:38:19.448 #671 sidebar.row.titlePaint workspace=D6AF905C title=<redacted:15b>
22:38:19.450 #672 sidebar.row.titlePaint workspace=DE713FA3 title=<redacted:15b>
22:38:19.452 #673 sidebar.row.titlePaint workspace=5A8310B9 title=<redacted:15b>
22:38:19.454 #674 sidebar.row.titlePaint workspace=BE9B10CB title=<redacted:15b>
22:38:19.456 #675 sidebar.row.titlePaint workspace=0786EE66 title=<redacted:15b>
22:38:19.490 #676 surface.size.defer surface=BF2FF reason=noWindow size=760.0x644.0
22:38:19.490 #677 workspace.backgroundPrime.finish workspace=C0EB2 reason=no_surface_work ms=166.96
22:38:19.490 #678 notification.queue.drain batch=5 remaining=0 firstSeq=50 lastSeq=56
22:38:19.491 #679 surface.shellState workspace=C0EB2 panel=D628C from=unknown to=commandRunning
22:38:19.492 #680 surface.socket_input.queue surface=137C21CA items=3 keys=0 bytes=142
22:38:19.499 #681 sidebar.table.rowsBuild items=9
22:38:19.518 #682 surface.view.windowMove surface=137C2 inWindow=1 bounds=800.0x600.0 pending=800.0x600.0
22:38:19.518 #683 surface.attach surface=137C2 view=0x0000000be9453200 attached=1 hasSurface=0 inWindow=1
22:38:19.518 #684 surface.attach.create surface=137C2 inWindow=1
22:38:19.518 #685 surface.attach.create.done surface=137C2 hasSurface=0
22:38:19.518 #686 surface.size.resume surface=137C2 size=800.0x600.0 backing=800.0x600.0
22:38:19.518 #687 ws.term.active id=1 dt=1806.95ms surface=137C2 transition=1->0 active=0 visibleFlag=0 hostHidden=1 surfaceHidden=0 hiddenHierarchy=1 inWindow=0 hasSuperview=1 bounds=800.0x600.0 frame=800.0x600.0 firstResponder=nil
22:38:19.518 #688 surface.headless_window.adopt surface=137C21CA reason=input-demand window=ObjectIdentifier(0x0000000be147b200)
22:38:19.518 #689 surface.headless_window.create surface=137C21CA reason=input-demand window=ObjectIdentifier(0x0000000be147b200)
22:38:19.518 #690 surface.attach surface=137C2 view=0x0000000be9453200 attached=1 hasSurface=0 inWindow=1
22:38:19.518 #691 surface.attach.create surface=137C2 inWindow=1
22:38:19.518 #692 surface.attach.create.done surface=137C2 hasSurface=0
22:38:19.519 #693 surface.background_start surface=137C21CA inWindow=1 ready=0 source=inputDemand ms=2.13
22:38:19.520 #694 notification.queue.drain batch=1 remaining=0 firstSeq=57 lastSeq=57
22:38:19.522 #695 workspace.gitProbe.apply workspace=A9442 panel=137C2 branch=none dirty=0 pr=none
22:38:19.522 #696 zoom.create surface=137C2 context=<redacted:40b>
22:38:19.525 #697 surface.size.apply surface=137C21CA caller=runtime.create.initial grid=99x35->99x35 pixels=800x600->800x600 target=800x600
22:38:19.525 #698 surface.socket_input.flush surface=137C21CA items=3 keys=0 bytes=142
22:38:19.525 #699 zoom.create.done surface=137C2 context=<redacted:21b>
22:38:19.543 #700 surface.attach surface=BBF17 view=0x0000000beb01a800 attached=0 hasSurface=0 inWindow=0
22:38:19.543 #701 surface.attach.defer surface=BBF17 reason=noWindow bounds=800.0x600.0
22:38:19.543 #702 surface.size.defer surface=BBF17 reason=noWindow size=800.0x600.0
22:38:19.543 #703 focus.bonsplit pane=A1C8B
22:38:19.543 #704 focus.split.apply.begin workspace=0220B pane=A1C8B tab=3B4CD focusedPane=A1C8B selectedTab=3B4CD reassert=1
22:38:19.543 #705 find.preparePanelFocusIntent surface=BBF17 target=terminal
22:38:19.543 #706 find.preparePanelFocusIntent surface=BBF17 target=terminal
22:38:19.543 #707 focus.split.moveFocus workspace=0220B panel=BBF17 previousExists=0 to=BBF17
22:38:19.543 #708 find.moveFocus to=BBF17 from=nil searchState=nil delayMs=0
22:38:19.543 #709 focus.split.ensureFocus workspace=0220B panel=BBF17 pane=A1C8B tab=3B4CD intent=terminal(cmux_DEV.TerminalPanelFocusIntent.surface)
22:38:19.544 #710 focus.split.apply.end workspace=0220B panel=BBF17 type=TerminalPanel focusedPane=A1C8B selectedTab=3B4CD prevPanel=BBF17
22:38:19.544 #711 focus.bonsplit pane=A1C8B
22:38:19.544 #712 focus.split.apply.begin workspace=0220B pane=A1C8B tab=3B4CD focusedPane=A1C8B selectedTab=3B4CD reassert=1
22:38:19.544 #713 find.preparePanelFocusIntent surface=BBF17 target=terminal
22:38:19.544 #714 find.preparePanelFocusIntent surface=BBF17 target=terminal
22:38:19.544 #715 focus.split.moveFocus workspace=0220B panel=BBF17 previousExists=0 to=BBF17
22:38:19.544 #716 find.moveFocus to=BBF17 from=nil searchState=nil delayMs=0
22:38:19.544 #717 focus.split.ensureFocus workspace=0220B panel=BBF17 pane=A1C8B tab=3B4CD intent=terminal(cmux_DEV.TerminalPanelFocusIntent.surface)
22:38:19.544 #718 focus.split.apply.end workspace=0220B panel=BBF17 type=TerminalPanel focusedPane=A1C8B selectedTab=3B4CD prevPanel=BBF17
22:38:19.544 #719 workspace.customTitle.write workspace=0220BA90 source=user title=<redacted:15b>
22:38:19.545 #720 ws.term.visible id=1 dt=1834.14ms surface=BBF17 transition=1->0 active=1 visibleFlag=0 hostHidden=1 surfaceHidden=0 hiddenHierarchy=1 inWindow=0 hasSuperview=0 bounds=0.0x0.0 frame=0.0x0.0 firstResponder=nil
22:38:19.546 #721 workspace.gitProbe.schedule workspace=0220B panel=BBF17 dir=<redacted:11b> reason=initial
22:38:19.546 #722 workspace.customDescription.update workspace=0220BA90 inputLen=0 inputNewlines=0 normalizedLen=0 normalizedNewlines=0 input=<redacted:22b>
22:38:19.554 #723 sidebar.table.rowsBuild items=10
22:38:19.578 #724 sidebar.row.titlePaint workspace=7AB3E57F title=<redacted:10b>
22:38:19.578 #725 sidebar.row.titlePaint workspace=0220BA90 title=<redacted:15b>
22:38:19.578 #726 sidebar.row.titlePaint workspace=A9442F6F title=<redacted:15b>
22:38:19.578 #727 sidebar.row.titlePaint workspace=C0EB2E56 title=<redacted:15b>
22:38:19.579 #728 sidebar.row.titlePaint workspace=481B3CBD title=<redacted:15b>
22:38:19.579 #729 sidebar.row.titlePaint workspace=D6AF905C title=<redacted:15b>
22:38:19.579 #730 sidebar.row.titlePaint workspace=DE713FA3 title=<redacted:15b>
22:38:19.579 #731 sidebar.row.titlePaint workspace=5A8310B9 title=<redacted:15b>
22:38:19.579 #732 sidebar.row.titlePaint workspace=BE9B10CB title=<redacted:15b>
22:38:19.579 #733 sidebar.row.titlePaint workspace=0786EE66 title=<redacted:15b>
22:38:19.580 #734 sidebar.table.apply structural=1 contentChanges=9 rows=10
22:38:19.602 #735 surface.socket_input.queue surface=BBF17A28 items=3 keys=0 bytes=142
22:38:19.602 #736 notification.queue.drain batch=4 remaining=0 firstSeq=59 lastSeq=63
22:38:19.603 #737 surface.shellState workspace=A9442 panel=137C2 from=unknown to=commandRunning
22:38:19.603 #738 workspace.backgroundPrime.start workspace=0220B
22:38:19.610 #739 sidebar.table.rowsBuild items=10
22:38:19.632 #740 sidebar.row.titlePaint workspace=7AB3E57F title=<redacted:10b>
22:38:19.635 #741 sidebar.row.titlePaint workspace=0220BA90 title=<redacted:15b>
22:38:19.637 #742 sidebar.row.titlePaint workspace=A9442F6F title=<redacted:15b>
22:38:19.639 #743 sidebar.row.titlePaint workspace=C0EB2E56 title=<redacted:15b>
22:38:19.641 #744 sidebar.row.titlePaint workspace=481B3CBD title=<redacted:15b>
22:38:19.642 #745 sidebar.row.titlePaint workspace=D6AF905C title=<redacted:15b>
22:38:19.644 #746 sidebar.row.titlePaint workspace=DE713FA3 title=<redacted:15b>
22:38:19.646 #747 sidebar.row.titlePaint workspace=5A8310B9 title=<redacted:15b>
22:38:19.648 #748 sidebar.row.titlePaint workspace=BE9B10CB title=<redacted:15b>
22:38:19.650 #749 sidebar.row.titlePaint workspace=0786EE66 title=<redacted:15b>
22:38:19.685 #750 surface.view.windowMove surface=BBF17 inWindow=1 bounds=800.0x600.0 pending=800.0x600.0
22:38:19.685 #751 surface.attach surface=BBF17 view=0x0000000beb01a800 attached=1 hasSurface=0 inWindow=1
22:38:19.685 #752 surface.attach.create surface=BBF17 inWindow=1
22:38:19.685 #753 surface.attach.create.done surface=BBF17 hasSurface=0
22:38:19.685 #754 surface.size.resume surface=BBF17 size=800.0x600.0 backing=800.0x600.0
22:38:19.685 #755 ws.term.active id=1 dt=1973.92ms surface=BBF17 transition=1->0 active=0 visibleFlag=0 hostHidden=1 surfaceHidden=0 hiddenHierarchy=1 inWindow=0 hasSuperview=1 bounds=800.0x600.0 frame=800.0x600.0 firstResponder=nil
22:38:19.685 #756 surface.headless_window.adopt surface=BBF17A28 reason=input-demand window=ObjectIdentifier(0x0000000be15b0a00)
22:38:19.685 #757 surface.headless_window.create surface=BBF17A28 reason=input-demand window=ObjectIdentifier(0x0000000be15b0a00)
22:38:19.685 #758 surface.attach surface=BBF17 view=0x0000000beb01a800 attached=1 hasSurface=0 inWindow=1
22:38:19.685 #759 surface.attach.create surface=BBF17 inWindow=1
22:38:19.685 #760 surface.attach.create.done surface=BBF17 hasSurface=0
22:38:19.686 #761 surface.background_start surface=BBF17A28 inWindow=1 ready=0 source=inputDemand ms=1.96
22:38:19.687 #762 notification.queue.drain batch=1 remaining=0 firstSeq=64 lastSeq=64
22:38:19.689 #763 surface.attach surface=57A67 view=0x0000000beb428500 attached=0 hasSurface=0 inWindow=0
22:38:19.689 #764 surface.attach.defer surface=57A67 reason=noWindow bounds=800.0x600.0
22:38:19.689 #765 surface.size.defer surface=57A67 reason=noWindow size=800.0x600.0
22:38:19.689 #766 focus.bonsplit pane=6EAC7
22:38:19.689 #767 focus.split.apply.begin workspace=021AC pane=6EAC7 tab=FC904 focusedPane=6EAC7 selectedTab=FC904 reassert=1
22:38:19.689 #768 find.preparePanelFocusIntent surface=57A67 target=terminal
22:38:19.689 #769 find.preparePanelFocusIntent surface=57A67 target=terminal
22:38:19.689 #770 focus.split.moveFocus workspace=021AC panel=57A67 previousExists=0 to=57A67
22:38:19.689 #771 find.moveFocus to=57A67 from=nil searchState=nil delayMs=0
22:38:19.690 #772 focus.split.ensureFocus workspace=021AC panel=57A67 pane=6EAC7 tab=FC904 intent=terminal(cmux_DEV.TerminalPanelFocusIntent.surface)
22:38:19.690 #773 focus.split.apply.end workspace=021AC panel=57A67 type=TerminalPanel focusedPane=6EAC7 selectedTab=FC904 prevPanel=57A67
22:38:19.690 #774 focus.bonsplit pane=6EAC7
22:38:19.690 #775 focus.split.apply.begin workspace=021AC pane=6EAC7 tab=FC904 focusedPane=6EAC7 selectedTab=FC904 reassert=1
22:38:19.690 #776 find.preparePanelFocusIntent surface=57A67 target=terminal
22:38:19.690 #777 find.preparePanelFocusIntent surface=57A67 target=terminal
22:38:19.690 #778 focus.split.moveFocus workspace=021AC panel=57A67 previousExists=0 to=57A67
22:38:19.690 #779 find.moveFocus to=57A67 from=nil searchState=nil delayMs=0
22:38:19.690 #780 focus.split.ensureFocus workspace=021AC panel=57A67 pane=6EAC7 tab=FC904 intent=terminal(cmux_DEV.TerminalPanelFocusIntent.surface)
22:38:19.690 #781 focus.split.apply.end workspace=021AC panel=57A67 type=TerminalPanel focusedPane=6EAC7 selectedTab=FC904 prevPanel=57A67
22:38:19.690 #782 workspace.customTitle.write workspace=021AC524 source=user title=<redacted:16b>
22:38:19.691 #783 ws.term.visible id=1 dt=1980.07ms surface=57A67 transition=1->0 active=1 visibleFlag=0 hostHidden=1 surfaceHidden=0 hiddenHierarchy=1 inWindow=0 hasSuperview=0 bounds=0.0x0.0 frame=0.0x0.0 firstResponder=nil
22:38:19.691 #784 ws.mount.reconcile id=1 dt=1980.14ms hot=0 selected=7AB3E mounted=[7AB3E,0220B] added=[0220B] removed=[]
22:38:19.692 #785 workspace.gitProbe.schedule workspace=021AC panel=57A67 dir=<redacted:11b> reason=initial
22:38:19.692 #786 workspace.customDescription.update workspace=021AC524 inputLen=0 inputNewlines=0 normalizedLen=0 normalizedNewlines=0 input=<redacted:22b>
22:38:19.700 #787 sidebar.table.rowsBuild items=11
22:38:19.722 #788 sidebar.table.rowsBuild items=11
22:38:19.730 #789 sidebar.row.titlePaint workspace=7AB3E57F title=<redacted:10b>
22:38:19.731 #790 sidebar.row.titlePaint workspace=021AC524 title=<redacted:16b>
22:38:19.731 #791 sidebar.row.titlePaint workspace=0220BA90 title=<redacted:15b>
22:38:19.731 #792 sidebar.row.titlePaint workspace=A9442F6F title=<redacted:15b>
22:38:19.731 #793 sidebar.row.titlePaint workspace=C0EB2E56 title=<redacted:15b>
22:38:19.731 #794 sidebar.row.titlePaint workspace=481B3CBD title=<redacted:15b>
22:38:19.731 #795 sidebar.row.titlePaint workspace=D6AF905C title=<redacted:15b>
22:38:19.731 #796 sidebar.row.titlePaint workspace=DE713FA3 title=<redacted:15b>
22:38:19.731 #797 sidebar.row.titlePaint workspace=5A8310B9 title=<redacted:15b>
22:38:19.732 #798 sidebar.row.titlePaint workspace=BE9B10CB title=<redacted:15b>
22:38:19.732 #799 sidebar.row.titlePaint workspace=0786EE66 title=<redacted:15b>
22:38:19.733 #800 sidebar.table.apply structural=1 contentChanges=10 rows=11
22:38:19.758 #801 ws.swiftui.update id=1 dt=2046.83ms surface=BBF17 visible=0 active=0 z=0 hostWindow=0 hostedWindow=1 hostedSuperview=1
22:38:19.758 #802 ws.hostState.deferBind surface=BBF17 reason=hostNoWindow visible=0 active=0 z=0 hostedWindow=1 hostedSuperview=1
22:38:19.766 #803 ws.hostState.rebindOnGeometry surface=BBF17 reason=portalEntryMissing visible=0 active=0 z=0
22:38:19.772 #804 sidebar.row.titlePaint workspace=7AB3E57F title=<redacted:10b>
22:38:19.775 #805 sidebar.row.titlePaint workspace=021AC524 title=<redacted:16b>
22:38:19.777 #806 sidebar.row.titlePaint workspace=0220BA90 title=<redacted:15b>
22:38:19.779 #807 sidebar.row.titlePaint workspace=A9442F6F title=<redacted:15b>
22:38:19.781 #808 sidebar.row.titlePaint workspace=C0EB2E56 title=<redacted:15b>
22:38:19.782 #809 sidebar.row.titlePaint workspace=481B3CBD title=<redacted:15b>
22:38:19.784 #810 sidebar.row.titlePaint workspace=D6AF905C title=<redacted:15b>
22:38:19.786 #811 sidebar.row.titlePaint workspace=DE713FA3 title=<redacted:15b>
22:38:19.788 #812 sidebar.row.titlePaint workspace=5A8310B9 title=<redacted:15b>
22:38:19.790 #813 sidebar.row.titlePaint workspace=BE9B10CB title=<redacted:15b>
22:38:19.792 #814 sidebar.row.titlePaint workspace=0786EE66 title=<redacted:15b>
22:38:19.830 #815 terminal.portal.host.claim surface=BBF17 reason=geometryChanged host=ObjectIdentifier(0x0000000beb438600) pane=A1C8B inWin=1 size=760.0x644.0 replacingHost=nil
22:38:19.830 #816 surface.attach surface=BBF17 view=0x0000000beb01a800 attached=1 hasSurface=0 inWindow=1
22:38:19.830 #817 surface.attach.create surface=BBF17 inWindow=1
22:38:19.830 #818 surface.attach.create.done surface=BBF17 hasSurface=0
22:38:19.830 #819 portal.bind hosted=0x0000000beb01ad00 anchor=0x0000000beb438600 prevAnchor=nil visible=0 prevVisible=0 z=0 prevZ=-9223372036854775808
22:38:19.831 #820 portal.reparent hosted=0x0000000beb01ad00 reason=attach super=0x0000000be15b1180
22:38:19.831 #821 surface.view.windowMove surface=BBF17 inWindow=1 bounds=760.0x644.0 pending=760.0x644.0
22:38:19.831 #822 surface.attach surface=BBF17 view=0x0000000beb01a800 attached=1 hasSurface=0 inWindow=1
22:38:19.833 #823 surface.headless_window.release surface=BBF17A28 realWindow=ObjectIdentifier(0x0000000be7f96800)
22:38:19.833 #824 surface.attach.create surface=BBF17 inWindow=1
22:38:19.833 #825 surface.attach.create.done surface=BBF17 hasSurface=0
22:38:19.833 #826 portal.bonsplit.container hosted=0x0000000beb01ad00 class=_TtGC7SwiftUI13NSHostingViewGV8Bonsplit17PaneContainerViewGVS_19_ConditionalContentGS3_GVS_15ModifiedContentV8cmux_DEV31RemoteTmuxWindowMirrorSplitViewVS_P10$232f25d3018TapGestureModifier_GS4_VS5_P10$12e2170f829WorkspacePanelContentHostViewS7___VS5_14EmptyPanelView_GS4_S9_S7____ frame=240.0,0.0 760.0x672.0 host=0.0,0.0 1000.0x700.0 anchor=240.0,0.0 760.0x644.0
22:38:19.839 #827 workspace.gitProbe.apply workspace=0220B panel=BBF17 branch=none dirty=0 pr=none
22:38:19.840 #828 zoom.create surface=BBF17 context=<redacted:40b>
22:38:19.842 #829 surface.size.apply surface=BBF17A28 caller=runtime.create.initial grid=99x35->94x37 pixels=800x600->760x644 target=760x644
22:38:19.842 #830 surface.socket_input.flush surface=BBF17A28 items=3 keys=0 bytes=142
22:38:19.843 #831 zoom.create.done surface=BBF17 context=<redacted:21b>
22:38:19.857 #832 sidebar.table.rowsBuild items=11
22:38:19.876 #833 portal.bonsplit.container hosted=0x0000000be9451e00 class=_TtGC7SwiftUI13NSHostingViewGV8Bonsplit17PaneContainerViewGVS_19_ConditionalContentGS3_GVS_15ModifiedContentV8cmux_DEV31RemoteTmuxWindowMirrorSplitViewVS_P10$232f25d3018TapGestureModifier_GS4_VS5_P10$12e2170f829WorkspacePanelContentHostViewS7___VS5_14EmptyPanelView_GS4_S9_S7____ frame=240.0,0.0 760.0x672.0 host=0.0,0.0 1000.0x700.0 anchor=240.0,0.0 760.0x644.0
22:38:19.877 #834 surface.socket_input.queue surface=57A67735 items=3 keys=0 bytes=142
22:38:19.877 #835 find.preparePanelFocusIntent surface=BBF17 target=terminal
22:38:19.877 #836 ws.term.active id=1 dt=2166.11ms surface=BBF17 transition=0->1 active=1 visibleFlag=0 hostHidden=1 surfaceHidden=0 hiddenHierarchy=1 inWindow=1 hasSuperview=1 bounds=760.0x644.0 frame=760.0x644.0 firstResponder=GhosttyNSView
22:38:19.877 #837 focus.ensure.defer surface=BBF17 reason=not_visible
22:38:19.877 #838 focus.ensure.defer surface=BBF17 reason=not_visible
22:38:19.879 #839 ws.term.active id=1 dt=2168.08ms surface=BBF17 transition=1->0 active=0 visibleFlag=0 hostHidden=1 surfaceHidden=0 hiddenHierarchy=1 inWindow=1 hasSuperview=1 bounds=760.0x644.0 frame=760.0x644.0 firstResponder=GhosttyNSView
22:38:19.885 #840 forceRefresh: BBF17A28-B758-471E-BCD5-705E79A614B8 reason=unspecified inWindow=true bounds=(0.0, 0.0, 760.0, 644.0) metalOK=false hasSurface=true
22:38:19.885 #841 ws.term.visible id=1 dt=2173.95ms surface=BBF17 transition=0->1 active=0 visibleFlag=1 hostHidden=0 surfaceHidden=0 hiddenHierarchy=0 inWindow=1 hasSuperview=1 bounds=760.0x644.0 frame=760.0x644.0 firstResponder=GhosttyNSView
22:38:19.885 #842 ws.term.active id=1 dt=2174.02ms surface=BBF17 transition=0->1 active=1 visibleFlag=1 hostHidden=0 surfaceHidden=0 hiddenHierarchy=0 inWindow=1 hasSuperview=1 bounds=760.0x644.0 frame=760.0x644.0 firstResponder=GhosttyNSView
22:38:19.885 #843 workspace.backgroundPrime.finish workspace=0220B reason=no_surface_work ms=282.75
22:38:19.886 #844 ws.term.visible id=1 dt=2174.29ms surface=BBF17 transition=1->0 active=1 visibleFlag=0 hostHidden=1 surfaceHidden=0 hiddenHierarchy=1 inWindow=1 hasSuperview=1 bounds=760.0x644.0 frame=760.0x644.0 firstResponder=GhosttyNSView
22:38:19.886 #845 portal.hideEntry hosted=0x0000000beb01ad00 reason=workspaceUnmount
22:38:19.886 #846 ws.mount.reconcile id=1 dt=2174.35ms hot=0 selected=7AB3E mounted=[7AB3E] added=[] removed=[0220B]
22:38:19.886 #847 workspace.backgroundPrime.start workspace=021AC
22:38:19.887 #848 surface.view.windowMove surface=57A67 inWindow=1 bounds=800.0x600.0 pending=800.0x600.0
22:38:19.887 #849 surface.attach surface=57A67 view=0x0000000beb428500 attached=1 hasSurface=0 inWindow=1
22:38:19.887 #850 surface.attach.create surface=57A67 inWindow=1
22:38:19.887 #851 surface.attach.create.done surface=57A67 hasSurface=0
22:38:19.888 #852 surface.size.resume surface=57A67 size=800.0x600.0 backing=800.0x600.0
22:38:19.888 #853 ws.term.active id=1 dt=2176.57ms surface=57A67 transition=1->0 active=0 visibleFlag=0 hostHidden=1 surfaceHidden=0 hiddenHierarchy=1 inWindow=0 hasSuperview=1 bounds=800.0x600.0 frame=800.0x600.0 firstResponder=nil
22:38:19.888 #854 surface.headless_window.adopt surface=57A67735 reason=input-demand window=ObjectIdentifier(0x0000000be169f980)
22:38:19.888 #855 surface.headless_window.create surface=57A67735 reason=input-demand window=ObjectIdentifier(0x0000000be169f980)
22:38:19.888 #856 surface.attach surface=57A67 view=0x0000000beb428500 attached=1 hasSurface=0 inWindow=1
22:38:19.888 #857 surface.attach.create surface=57A67 inWindow=1
22:38:19.888 #858 surface.attach.create.done surface=57A67 hasSurface=0
22:38:19.889 #859 surface.background_start surface=57A67735 inWindow=1 ready=0 source=inputDemand ms=2.56
22:38:19.890 #860 find.applyFirstResponder.defer surface=BBF17 reason=setActive
22:38:19.897 #861 sidebar.table.rowsBuild items=11
22:38:19.912 #862 ws.swiftui.dismantle id=1 dt=2200.81ms surface=BBF17 inWindow=1
22:38:19.912 #863 terminal.portal.host.authorityCleared surface=BBF17 host=ObjectIdentifier(0x0000000beb438600) pane=A1C8B generation=1 serial=5
22:38:19.912 #864 terminal.portal.host.rearm surface=BBF17 reason=dismantle host=ObjectIdentifier(0x0000000beb438600) pane=A1C8B area=489440.0
22:38:19.928 #865 portal.detach hosted=0x0000000beb01ad00 anchor=nil hadSuperview=1
22:38:19.928 #866 surface.view.windowMove surface=BBF17 inWindow=0 bounds=760.0x644.0 pending=760.0x644.0
22:38:19.931 #867 workspace.gitProbe.apply workspace=021AC panel=57A67 branch=none dirty=0 pr=none
22:38:19.931 #868 zoom.create surface=57A67 context=<redacted:40b>
22:38:19.934 #869 surface.size.apply surface=57A67735 caller=runtime.create.initial grid=99x35->99x35 pixels=800x600->800x600 target=800x600
22:38:19.934 #870 surface.socket_input.flush surface=57A67735 items=3 keys=0 bytes=142
22:38:19.934 #871 zoom.create.done surface=57A67 context=<redacted:21b>
22:38:19.934 #872 ws.mount.reconcile id=1 dt=2222.99ms hot=0 selected=7AB3E mounted=[7AB3E,021AC] added=[021AC] removed=[]
22:38:19.941 #873 notification.queue.drain batch=4 remaining=0 firstSeq=66 lastSeq=70
22:38:19.941 #874 surface.shellState workspace=0220B panel=BBF17 from=unknown to=commandRunning
22:38:19.944 #875 surface.attach surface=F6215 view=0x0000000beb019e00 attached=0 hasSurface=0 inWindow=0
22:38:19.944 #876 surface.attach.defer surface=F6215 reason=noWindow bounds=800.0x600.0
22:38:19.945 #877 surface.size.defer surface=F6215 reason=noWindow size=800.0x600.0
22:38:19.945 #878 focus.bonsplit pane=C29CD
22:38:19.945 #879 focus.split.apply.begin workspace=CC803 pane=C29CD tab=8ED00 focusedPane=C29CD selectedTab=8ED00 reassert=1
22:38:19.945 #880 find.preparePanelFocusIntent surface=F6215 target=terminal
22:38:19.945 #881 find.preparePanelFocusIntent surface=F6215 target=terminal
22:38:19.945 #882 focus.split.moveFocus workspace=CC803 panel=F6215 previousExists=0 to=F6215
22:38:19.945 #883 find.moveFocus to=F6215 from=nil searchState=nil delayMs=0
22:38:19.945 #884 focus.split.ensureFocus workspace=CC803 panel=F6215 pane=C29CD tab=8ED00 intent=terminal(cmux_DEV.TerminalPanelFocusIntent.surface)
22:38:19.946 #885 focus.split.apply.end workspace=CC803 panel=F6215 type=TerminalPanel focusedPane=C29CD selectedTab=8ED00 prevPanel=F6215
22:38:19.946 #886 focus.bonsplit pane=C29CD
22:38:19.946 #887 focus.split.apply.begin workspace=CC803 pane=C29CD tab=8ED00 focusedPane=C29CD selectedTab=8ED00 reassert=1
22:38:19.946 #888 find.preparePanelFocusIntent surface=F6215 target=terminal
22:38:19.946 #889 find.preparePanelFocusIntent surface=F6215 target=terminal
22:38:19.946 #890 focus.split.moveFocus workspace=CC803 panel=F6215 previousExists=0 to=F6215
22:38:19.946 #891 find.moveFocus to=F6215 from=nil searchState=nil delayMs=0
22:38:19.946 #892 focus.split.ensureFocus workspace=CC803 panel=F6215 pane=C29CD tab=8ED00 intent=terminal(cmux_DEV.TerminalPanelFocusIntent.surface)
22:38:19.946 #893 focus.split.apply.end workspace=CC803 panel=F6215 type=TerminalPanel focusedPane=C29CD selectedTab=8ED00 prevPanel=F6215
22:38:19.946 #894 workspace.customTitle.write workspace=CC803048 source=user title=<redacted:16b>
22:38:19.947 #895 ws.term.visible id=1 dt=2236.06ms surface=F6215 transition=1->0 active=1 visibleFlag=0 hostHidden=1 surfaceHidden=0 hiddenHierarchy=1 inWindow=0 hasSuperview=0 bounds=0.0x0.0 frame=0.0x0.0 firstResponder=nil
22:38:19.947 #896 ws.mount.reconcile id=1 dt=2236.16ms hot=0 selected=7AB3E mounted=[7AB3E] added=[] removed=[021AC]
22:38:19.948 #897 workspace.gitProbe.schedule workspace=CC803 panel=F6215 dir=<redacted:11b> reason=initial
22:38:19.948 #898 workspace.customDescription.update workspace=CC803048 inputLen=0 inputNewlines=0 normalizedLen=0 normalizedNewlines=0 input=<redacted:22b>
22:38:19.957 #899 sidebar.table.rowsBuild items=12
22:38:19.981 #900 sidebar.row.titlePaint workspace=7AB3E57F title=<redacted:10b>
22:38:19.982 #901 sidebar.row.titlePaint workspace=CC803048 title=<redacted:16b>
22:38:19.982 #902 sidebar.row.titlePaint workspace=021AC524 title=<redacted:16b>
22:38:19.982 #903 sidebar.row.titlePaint workspace=0220BA90 title=<redacted:15b>
22:38:19.982 #904 sidebar.row.titlePaint workspace=A9442F6F title=<redacted:15b>
22:38:19.982 #905 sidebar.row.titlePaint workspace=C0EB2E56 title=<redacted:15b>
22:38:19.982 #906 sidebar.row.titlePaint workspace=481B3CBD title=<redacted:15b>
22:38:19.983 #907 sidebar.row.titlePaint workspace=D6AF905C title=<redacted:15b>
22:38:19.983 #908 sidebar.row.titlePaint workspace=DE713FA3 title=<redacted:15b>
22:38:19.983 #909 sidebar.row.titlePaint workspace=5A8310B9 title=<redacted:15b>
22:38:19.983 #910 sidebar.row.titlePaint workspace=BE9B10CB title=<redacted:15b>
22:38:19.983 #911 sidebar.row.titlePaint workspace=0786EE66 title=<redacted:15b>
22:38:19.983 #912 sidebar.table.apply structural=1 contentChanges=11 rows=12
22:38:20.016 #913 sidebar.row.titlePaint workspace=7AB3E57F title=<redacted:10b>
22:38:20.018 #914 sidebar.row.titlePaint workspace=CC803048 title=<redacted:16b>
22:38:20.020 #915 sidebar.row.titlePaint workspace=021AC524 title=<redacted:16b>
22:38:20.022 #916 sidebar.row.titlePaint workspace=0220BA90 title=<redacted:15b>
22:38:20.024 #917 sidebar.row.titlePaint workspace=A9442F6F title=<redacted:15b>
22:38:20.026 #918 sidebar.row.titlePaint workspace=C0EB2E56 title=<redacted:15b>
22:38:20.028 #919 sidebar.row.titlePaint workspace=481B3CBD title=<redacted:15b>
22:38:20.030 #920 sidebar.row.titlePaint workspace=D6AF905C title=<redacted:15b>
22:38:20.031 #921 sidebar.row.titlePaint workspace=DE713FA3 title=<redacted:15b>
22:38:20.033 #922 sidebar.row.titlePaint workspace=5A8310B9 title=<redacted:15b>
22:38:20.035 #923 sidebar.row.titlePaint workspace=BE9B10CB title=<redacted:15b>
22:38:20.037 #924 sidebar.row.titlePaint workspace=0786EE66 title=<redacted:15b>
22:38:20.075 #925 surface.size.defer surface=BBF17 reason=noWindow size=760.0x644.0
22:38:20.076 #926 workspace.backgroundPrime.finish workspace=021AC reason=no_surface_work ms=190.28
22:38:20.076 #927 notification.queue.drain batch=5 remaining=0 firstSeq=71 lastSeq=77
22:38:20.077 #928 surface.shellState workspace=021AC panel=57A67 from=unknown to=commandRunning
22:38:20.078 #929 surface.socket_input.queue surface=F6215363 items=3 keys=0 bytes=142
22:38:20.085 #930 sidebar.table.rowsBuild items=12
22:38:20.106 #931 surface.view.windowMove surface=F6215 inWindow=1 bounds=800.0x600.0 pending=800.0x600.0
22:38:20.106 #932 surface.attach surface=F6215 view=0x0000000beb019e00 attached=1 hasSurface=0 inWindow=1
22:38:20.106 #933 surface.attach.create surface=F6215 inWindow=1
22:38:20.106 #934 surface.attach.create.done surface=F6215 hasSurface=0
22:38:20.106 #935 surface.size.resume surface=F6215 size=800.0x600.0 backing=800.0x600.0
22:38:20.106 #936 ws.term.active id=1 dt=2394.85ms surface=F6215 transition=1->0 active=0 visibleFlag=0 hostHidden=1 surfaceHidden=0 hiddenHierarchy=1 inWindow=0 hasSuperview=1 bounds=800.0x600.0 frame=800.0x600.0 firstResponder=nil
22:38:20.106 #937 surface.headless_window.adopt surface=F6215363 reason=input-demand window=ObjectIdentifier(0x0000000be04dcf00)
22:38:20.106 #938 surface.headless_window.create surface=F6215363 reason=input-demand window=ObjectIdentifier(0x0000000be04dcf00)
22:38:20.106 #939 surface.attach surface=F6215 view=0x0000000beb019e00 attached=1 hasSurface=0 inWindow=1
22:38:20.106 #940 surface.attach.create surface=F6215 inWindow=1
22:38:20.106 #941 surface.attach.create.done surface=F6215 hasSurface=0
22:38:20.107 #942 surface.background_start surface=F6215363 inWindow=1 ready=0 source=inputDemand ms=2.14
22:38:20.108 #943 notification.queue.drain batch=1 remaining=0 firstSeq=78 lastSeq=78
22:38:20.111 #944 workspace.gitProbe.apply workspace=CC803 panel=F6215 branch=none dirty=0 pr=none
22:38:20.111 #945 zoom.create surface=F6215 context=<redacted:40b>
22:38:20.114 #946 surface.size.apply surface=F6215363 caller=runtime.create.initial grid=99x35->99x35 pixels=800x600->800x600 target=800x600
22:38:20.114 #947 surface.socket_input.flush surface=F6215363 items=3 keys=0 bytes=142
22:38:20.114 #948 zoom.create.done surface=F6215 context=<redacted:21b>
22:38:20.131 #949 surface.attach surface=6D7A1 view=0x0000000beb018f00 attached=0 hasSurface=0 inWindow=0
22:38:20.131 #950 surface.attach.defer surface=6D7A1 reason=noWindow bounds=800.0x600.0
22:38:20.131 #951 surface.size.defer surface=6D7A1 reason=noWindow size=800.0x600.0
22:38:20.132 #952 focus.bonsplit pane=42DFF
22:38:20.132 #953 focus.split.apply.begin workspace=12B9D pane=42DFF tab=7B804 focusedPane=42DFF selectedTab=7B804 reassert=1
22:38:20.132 #954 find.preparePanelFocusIntent surface=6D7A1 target=terminal
22:38:20.132 #955 find.preparePanelFocusIntent surface=6D7A1 target=terminal
22:38:20.132 #956 focus.split.moveFocus workspace=12B9D panel=6D7A1 previousExists=0 to=6D7A1
22:38:20.132 #957 find.moveFocus to=6D7A1 from=nil searchState=nil delayMs=0
22:38:20.132 #958 focus.split.ensureFocus workspace=12B9D panel=6D7A1 pane=42DFF tab=7B804 intent=terminal(cmux_DEV.TerminalPanelFocusIntent.surface)
22:38:20.132 #959 focus.split.apply.end workspace=12B9D panel=6D7A1 type=TerminalPanel focusedPane=42DFF selectedTab=7B804 prevPanel=6D7A1
22:38:20.133 #960 focus.bonsplit pane=42DFF
22:38:20.133 #961 focus.split.apply.begin workspace=12B9D pane=42DFF tab=7B804 focusedPane=42DFF selectedTab=7B804 reassert=1
22:38:20.133 #962 find.preparePanelFocusIntent surface=6D7A1 target=terminal
22:38:20.133 #963 find.preparePanelFocusIntent surface=6D7A1 target=terminal
22:38:20.133 #964 focus.split.moveFocus workspace=12B9D panel=6D7A1 previousExists=0 to=6D7A1
22:38:20.133 #965 find.moveFocus to=6D7A1 from=nil searchState=nil delayMs=0
22:38:20.133 #966 focus.split.ensureFocus workspace=12B9D panel=6D7A1 pane=42DFF tab=7B804 intent=terminal(cmux_DEV.TerminalPanelFocusIntent.surface)
22:38:20.133 #967 focus.split.apply.end workspace=12B9D panel=6D7A1 type=TerminalPanel focusedPane=42DFF selectedTab=7B804 prevPanel=6D7A1
22:38:20.133 #968 workspace.customTitle.write workspace=12B9D223 source=user title=<redacted:16b>
22:38:20.134 #969 ws.term.visible id=1 dt=2422.83ms surface=6D7A1 transition=1->0 active=1 visibleFlag=0 hostHidden=1 surfaceHidden=0 hiddenHierarchy=1 inWindow=0 hasSuperview=0 bounds=0.0x0.0 frame=0.0x0.0 firstResponder=nil
22:38:20.134 #970 workspace.gitProbe.schedule workspace=12B9D panel=6D7A1 dir=<redacted:11b> reason=initial
22:38:20.135 #971 workspace.customDescription.update workspace=12B9D223 inputLen=0 inputNewlines=0 normalizedLen=0 normalizedNewlines=0 input=<redacted:22b>
22:38:20.143 #972 sidebar.table.rowsBuild items=13
22:38:20.169 #973 sidebar.row.titlePaint workspace=7AB3E57F title=<redacted:10b>
22:38:20.169 #974 sidebar.row.titlePaint workspace=12B9D223 title=<redacted:16b>
22:38:20.170 #975 sidebar.row.titlePaint workspace=CC803048 title=<redacted:16b>
22:38:20.170 #976 sidebar.row.titlePaint workspace=021AC524 title=<redacted:16b>
22:38:20.170 #977 sidebar.row.titlePaint workspace=0220BA90 title=<redacted:15b>
22:38:20.170 #978 sidebar.row.titlePaint workspace=A9442F6F title=<redacted:15b>
22:38:20.170 #979 sidebar.row.titlePaint workspace=C0EB2E56 title=<redacted:15b>
22:38:20.170 #980 sidebar.row.titlePaint workspace=481B3CBD title=<redacted:15b>
22:38:20.170 #981 sidebar.row.titlePaint workspace=D6AF905C title=<redacted:15b>
22:38:20.171 #982 sidebar.row.titlePaint workspace=DE713FA3 title=<redacted:15b>
22:38:20.171 #983 sidebar.row.titlePaint workspace=5A8310B9 title=<redacted:15b>
22:38:20.171 #984 sidebar.row.titlePaint workspace=BE9B10CB title=<redacted:15b>
22:38:20.171 #985 sidebar.row.titlePaint workspace=0786EE66 title=<redacted:15b>
22:38:20.171 #986 sidebar.table.apply structural=1 contentChanges=12 rows=13
22:38:20.204 #987 sidebar.row.titlePaint workspace=7AB3E57F title=<redacted:10b>
22:38:20.206 #988 sidebar.row.titlePaint workspace=12B9D223 title=<redacted:16b>
22:38:20.208 #989 sidebar.row.titlePaint workspace=CC803048 title=<redacted:16b>
22:38:20.210 #990 sidebar.row.titlePaint workspace=021AC524 title=<redacted:16b>
22:38:20.212 #991 sidebar.row.titlePaint workspace=0220BA90 title=<redacted:15b>
22:38:20.214 #992 sidebar.row.titlePaint workspace=A9442F6F title=<redacted:15b>
22:38:20.216 #993 sidebar.row.titlePaint workspace=C0EB2E56 title=<redacted:15b>
22:38:20.218 #994 sidebar.row.titlePaint workspace=481B3CBD title=<redacted:15b>
22:38:20.219 #995 sidebar.row.titlePaint workspace=D6AF905C title=<redacted:15b>
22:38:20.221 #996 sidebar.row.titlePaint workspace=DE713FA3 title=<redacted:15b>
22:38:20.223 #997 sidebar.row.titlePaint workspace=5A8310B9 title=<redacted:15b>
22:38:20.225 #998 sidebar.row.titlePaint workspace=BE9B10CB title=<redacted:15b>
22:38:20.227 #999 sidebar.row.titlePaint workspace=0786EE66 title=<redacted:15b>
22:38:20.273 #1000 surface.socket_input.queue surface=6D7A12C4 items=3 keys=0 bytes=142
22:38:20.273 #1001 notification.queue.drain batch=4 remaining=0 firstSeq=80 lastSeq=84
22:38:20.274 #1002 surface.shellState workspace=CC803 panel=F6215 from=unknown to=commandRunning
22:38:20.274 #1003 workspace.backgroundPrime.start workspace=12B9D
22:38:20.282 #1004 sidebar.table.rowsBuild items=13
22:38:20.301 #1005 surface.view.windowMove surface=6D7A1 inWindow=1 bounds=800.0x600.0 pending=800.0x600.0
22:38:20.301 #1006 surface.attach surface=6D7A1 view=0x0000000beb018f00 attached=1 hasSurface=0 inWindow=1
22:38:20.301 #1007 surface.attach.create surface=6D7A1 inWindow=1
22:38:20.301 #1008 surface.attach.create.done surface=6D7A1 hasSurface=0
22:38:20.301 #1009 surface.size.resume surface=6D7A1 size=800.0x600.0 backing=800.0x600.0
22:38:20.301 #1010 ws.term.active id=1 dt=2590.01ms surface=6D7A1 transition=1->0 active=0 visibleFlag=0 hostHidden=1 surfaceHidden=0 hiddenHierarchy=1 inWindow=0 hasSuperview=1 bounds=800.0x600.0 frame=800.0x600.0 firstResponder=nil
22:38:20.301 #1011 surface.headless_window.adopt surface=6D7A12C4 reason=input-demand window=ObjectIdentifier(0x0000000be05e6080)
22:38:20.301 #1012 surface.headless_window.create surface=6D7A12C4 reason=input-demand window=ObjectIdentifier(0x0000000be05e6080)
22:38:20.301 #1013 surface.attach surface=6D7A1 view=0x0000000beb018f00 attached=1 hasSurface=0 inWindow=1
22:38:20.301 #1014 surface.attach.create surface=6D7A1 inWindow=1
22:38:20.301 #1015 surface.attach.create.done surface=6D7A1 hasSurface=0
22:38:20.302 #1016 surface.background_start surface=6D7A12C4 inWindow=1 ready=0 source=inputDemand ms=2.33
22:38:20.303 #1017 notification.queue.drain batch=1 remaining=0 firstSeq=85 lastSeq=85
22:38:20.306 #1018 workspace.gitProbe.apply workspace=12B9D panel=6D7A1 branch=none dirty=0 pr=none
22:38:20.306 #1019 zoom.create surface=6D7A1 context=<redacted:40b>
22:38:20.309 #1020 surface.size.apply surface=6D7A12C4 caller=runtime.create.initial grid=99x35->99x35 pixels=800x600->800x600 target=800x600
22:38:20.309 #1021 surface.socket_input.flush surface=6D7A12C4 items=3 keys=0 bytes=142
22:38:20.309 #1022 zoom.create.done surface=6D7A1 context=<redacted:21b>
22:38:20.309 #1023 ws.mount.reconcile id=1 dt=2598.00ms hot=0 selected=7AB3E mounted=[7AB3E,12B9D] added=[12B9D] removed=[]
22:38:20.326 #1024 sidebar.table.rowsBuild items=13
22:38:20.342 #1025 sidebar.table.rowsBuild items=13
22:38:20.362 #1026 ws.swiftui.update id=1 dt=2651.20ms surface=6D7A1 visible=0 active=0 z=0 hostWindow=0 hostedWindow=1 hostedSuperview=1
22:38:20.363 #1027 ws.hostState.deferBind surface=6D7A1 reason=hostNoWindow visible=0 active=0 z=0 hostedWindow=1 hostedSuperview=1
22:38:20.372 #1028 ws.hostState.rebindOnGeometry surface=6D7A1 reason=portalEntryMissing visible=0 active=0 z=0
22:38:20.385 #1029 terminal.portal.host.claim surface=6D7A1 reason=geometryChanged host=ObjectIdentifier(0x0000000beb8a2d00) pane=42DFF inWin=1 size=760.0x644.0 replacingHost=nil
22:38:20.385 #1030 portal.bind hosted=0x0000000beb019400 anchor=0x0000000beb8a2d00 prevAnchor=nil visible=0 prevVisible=0 z=0 prevZ=-9223372036854775808
22:38:20.385 #1031 surface.size.apply surface=6D7A12C4 caller=layout() grid=99x35->94x37 pixels=800x600->760x644 target=760x644
22:38:20.386 #1032 portal.reparent hosted=0x0000000beb019400 reason=attach super=0x0000000be05e6800
22:38:20.386 #1033 surface.view.windowMove surface=6D7A1 inWindow=1 bounds=760.0x644.0 pending=760.0x644.0
22:38:20.386 #1034 surface.attach surface=6D7A1 view=0x0000000beb018f00 attached=1 hasSurface=1 inWindow=1
22:38:20.386 #1035 surface.headless_window.release surface=6D7A12C4 realWindow=ObjectIdentifier(0x0000000be7f96800)
22:38:20.386 #1036 surface.attach.reuse surface=6D7A1 view=0x0000000beb018f00
22:38:20.387 #1037 portal.bonsplit.container hosted=0x0000000beb019400 class=_TtGC7SwiftUI13NSHostingViewGV8Bonsplit17PaneContainerViewGVS_19_ConditionalContentGS3_GVS_15ModifiedContentV8cmux_DEV31RemoteTmuxWindowMirrorSplitViewVS_P10$232f25d3018TapGestureModifier_GS4_VS5_P10$12e2170f829WorkspacePanelContentHostViewS7___VS5_14EmptyPanelView_GS4_S9_S7____ frame=240.0,0.0 760.0x672.0 host=0.0,0.0 1000.0x700.0 anchor=240.0,0.0 760.0x644.0
22:38:20.391 #1038 workspace.backgroundPrime.finish workspace=12B9D reason=no_surface_work ms=116.42
22:38:20.410 #1039 surface.attach surface=5C478 view=0x0000000bea13b700 attached=0 hasSurface=0 inWindow=0
22:38:20.410 #1040 surface.attach.defer surface=5C478 reason=noWindow bounds=800.0x600.0
22:38:20.410 #1041 surface.size.defer surface=5C478 reason=noWindow size=800.0x600.0
22:38:20.410 #1042 focus.bonsplit pane=571AA
22:38:20.410 #1043 focus.split.apply.begin workspace=BB3C4 pane=571AA tab=6FFD1 focusedPane=571AA selectedTab=6FFD1 reassert=1
22:38:20.410 #1044 find.preparePanelFocusIntent surface=5C478 target=terminal
22:38:20.410 #1045 find.preparePanelFocusIntent surface=5C478 target=terminal
22:38:20.410 #1046 focus.split.moveFocus workspace=BB3C4 panel=5C478 previousExists=0 to=5C478
22:38:20.410 #1047 find.moveFocus to=5C478 from=nil searchState=nil delayMs=0
22:38:20.410 #1048 focus.split.ensureFocus workspace=BB3C4 panel=5C478 pane=571AA tab=6FFD1 intent=terminal(cmux_DEV.TerminalPanelFocusIntent.surface)
22:38:20.411 #1049 focus.split.apply.end workspace=BB3C4 panel=5C478 type=TerminalPanel focusedPane=571AA selectedTab=6FFD1 prevPanel=5C478
22:38:20.411 #1050 focus.bonsplit pane=571AA
22:38:20.411 #1051 focus.split.apply.begin workspace=BB3C4 pane=571AA tab=6FFD1 focusedPane=571AA selectedTab=6FFD1 reassert=1
22:38:20.411 #1052 find.preparePanelFocusIntent surface=5C478 target=terminal
22:38:20.411 #1053 find.preparePanelFocusIntent surface=5C478 target=terminal
22:38:20.411 #1054 focus.split.moveFocus workspace=BB3C4 panel=5C478 previousExists=0 to=5C478
22:38:20.411 #1055 find.moveFocus to=5C478 from=nil searchState=nil delayMs=0
22:38:20.411 #1056 focus.split.ensureFocus workspace=BB3C4 panel=5C478 pane=571AA tab=6FFD1 intent=terminal(cmux_DEV.TerminalPanelFocusIntent.surface)
22:38:20.411 #1057 focus.split.apply.end workspace=BB3C4 panel=5C478 type=TerminalPanel focusedPane=571AA selectedTab=6FFD1 prevPanel=5C478
22:38:20.411 #1058 workspace.customTitle.write workspace=BB3C48A9 source=user title=<redacted:16b>
22:38:20.413 #1059 ws.term.visible id=1 dt=2701.28ms surface=5C478 transition=1->0 active=1 visibleFlag=0 hostHidden=1 surfaceHidden=0 hiddenHierarchy=1 inWindow=0 hasSuperview=0 bounds=0.0x0.0 frame=0.0x0.0 firstResponder=nil
22:38:20.413 #1060 portal.hideEntry hosted=0x0000000beb019400 reason=workspaceUnmount
22:38:20.413 #1061 ws.mount.reconcile id=1 dt=2701.41ms hot=0 selected=7AB3E mounted=[7AB3E] added=[] removed=[12B9D]
22:38:20.413 #1062 workspace.gitProbe.schedule workspace=BB3C4 panel=5C478 dir=<redacted:11b> reason=initial
22:38:20.413 #1063 workspace.customDescription.update workspace=BB3C48A9 inputLen=0 inputNewlines=0 normalizedLen=0 normalizedNewlines=0 input=<redacted:22b>
22:38:20.414 #1064 notification.queue.drain batch=4 remaining=0 firstSeq=87 lastSeq=91
22:38:20.414 #1065 surface.shellState workspace=12B9D panel=6D7A1 from=unknown to=commandRunning
22:38:20.414 #1066 workspace.title.updatePanel workspace=D6AF9 panel=70CA2 panels=1 custom=1 panelChanged=1 workspaceChanged=0 title=<redacted:9b>
22:38:20.415 #1067 workspace.title.updatePanel workspace=0786E panel=312F5 panels=1 custom=1 panelChanged=1 workspaceChanged=0 title=<redacted:9b>
22:38:20.415 #1068 workspace.title.updatePanel workspace=481B3 panel=BF2FF panels=1 custom=1 panelChanged=1 workspaceChanged=0 title=<redacted:9b>
22:38:20.415 #1069 workspace.title.updatePanel workspace=BE9B1 panel=6A7BC panels=1 custom=1 panelChanged=1 workspaceChanged=0 title=<redacted:9b>
22:38:20.415 #1070 workspace.title.applyProcess workspace=7AB3E from="Terminal" to="~"
22:38:20.415 #1071 workspace.title.updatePanel workspace=7AB3E panel=D24C7 panels=1 custom=0 panelChanged=1 workspaceChanged=1 title=<redacted:3b>
22:38:20.415 #1072 workspace.title.updatePanel workspace=DE713 panel=0F685 panels=1 custom=1 panelChanged=1 workspaceChanged=0 title=<redacted:9b>
22:38:20.415 #1073 workspace.title.updatePanel workspace=5A831 panel=DF4B5 panels=1 custom=1 panelChanged=1 workspaceChanged=0 title=<redacted:9b>
22:38:20.422 #1074 sidebar.table.rowsBuild items=14
22:38:20.440 #1075 ws.swiftui.dismantle id=1 dt=2728.80ms surface=6D7A1 inWindow=1
22:38:20.440 #1076 terminal.portal.host.authorityCleared surface=6D7A1 host=ObjectIdentifier(0x0000000beb8a2d00) pane=42DFF generation=1 serial=6
22:38:20.440 #1077 terminal.portal.host.rearm surface=6D7A1 reason=dismantle host=ObjectIdentifier(0x0000000beb8a2d00) pane=42DFF area=489440.0
22:38:20.451 #1078 portal.detach hosted=0x0000000beb019400 anchor=0x0000000beb8a2d00 hadSuperview=1
22:38:20.451 #1079 surface.view.windowMove surface=6D7A1 inWindow=0 bounds=760.0x644.0 pending=760.0x644.0
22:38:20.452 #1080 portal.bonsplit.container hosted=0x0000000be9451e00 class=_TtGC7SwiftUI13NSHostingViewGV8Bonsplit17PaneContainerViewGVS_19_ConditionalContentGS3_GVS_15ModifiedContentV8cmux_DEV31RemoteTmuxWindowMirrorSplitViewVS_P10$232f25d3018TapGestureModifier_GS4_VS5_P10$12e2170f829WorkspacePanelContentHostViewS7___VS5_14EmptyPanelView_GS4_S9_S7____ frame=240.0,0.0 760.0x672.0 host=0.0,0.0 1000.0x700.0 anchor=240.0,0.0 760.0x644.0
22:38:20.454 #1081 sidebar.row.titlePaint workspace=7AB3E57F title=<redacted:10b>
22:38:20.454 #1082 sidebar.row.titlePaint workspace=BB3C48A9 title=<redacted:16b>
22:38:20.455 #1083 sidebar.row.titlePaint workspace=12B9D223 title=<redacted:16b>
22:38:20.455 #1084 sidebar.row.titlePaint workspace=CC803048 title=<redacted:16b>
22:38:20.455 #1085 sidebar.row.titlePaint workspace=021AC524 title=<redacted:16b>
22:38:20.455 #1086 sidebar.row.titlePaint workspace=0220BA90 title=<redacted:15b>
22:38:20.455 #1087 sidebar.row.titlePaint workspace=A9442F6F title=<redacted:15b>
22:38:20.455 #1088 sidebar.row.titlePaint workspace=C0EB2E56 title=<redacted:15b>
22:38:20.455 #1089 sidebar.row.titlePaint workspace=481B3CBD title=<redacted:15b>
22:38:20.455 #1090 sidebar.row.titlePaint workspace=D6AF905C title=<redacted:15b>
22:38:20.456 #1091 sidebar.row.titlePaint workspace=DE713FA3 title=<redacted:15b>
22:38:20.456 #1092 sidebar.row.titlePaint workspace=5A8310B9 title=<redacted:15b>
22:38:20.456 #1093 sidebar.row.titlePaint workspace=BE9B10CB title=<redacted:15b>
22:38:20.456 #1094 sidebar.row.titlePaint workspace=0786EE66 title=<redacted:15b>
22:38:20.456 #1095 sidebar.table.apply structural=1 contentChanges=13 rows=14
22:38:20.489 #1096 sidebar.row.titlePaint workspace=7AB3E57F title=<redacted:10b>
22:38:20.492 #1097 sidebar.row.titlePaint workspace=BB3C48A9 title=<redacted:16b>
22:38:20.494 #1098 sidebar.row.titlePaint workspace=12B9D223 title=<redacted:16b>
22:38:20.496 #1099 sidebar.row.titlePaint workspace=CC803048 title=<redacted:16b>
22:38:20.498 #1100 sidebar.row.titlePaint workspace=021AC524 title=<redacted:16b>
22:38:20.499 #1101 sidebar.row.titlePaint workspace=0220BA90 title=<redacted:15b>
22:38:20.501 #1102 sidebar.row.titlePaint workspace=A9442F6F title=<redacted:15b>
22:38:20.503 #1103 sidebar.row.titlePaint workspace=C0EB2E56 title=<redacted:15b>
22:38:20.505 #1104 sidebar.row.titlePaint workspace=481B3CBD title=<redacted:15b>
22:38:20.507 #1105 sidebar.row.titlePaint workspace=D6AF905C title=<redacted:15b>
22:38:20.508 #1106 sidebar.row.titlePaint workspace=DE713FA3 title=<redacted:15b>
22:38:20.510 #1107 sidebar.row.titlePaint workspace=5A8310B9 title=<redacted:15b>
22:38:20.512 #1108 sidebar.row.titlePaint workspace=BE9B10CB title=<redacted:15b>
22:38:20.514 #1109 sidebar.row.titlePaint workspace=0786EE66 title=<redacted:15b>
22:38:20.559 #1110 surface.size.defer surface=6D7A1 reason=noWindow size=760.0x644.0
22:38:20.561 #1111 surface.socket_input.queue surface=5C478DF4 items=3 keys=0 bytes=142
22:38:20.561 #1112 notification.queue.drain batch=1 remaining=0 firstSeq=92 lastSeq=92
22:38:20.566 #1113 surface.view.windowMove surface=5C478 inWindow=1 bounds=800.0x600.0 pending=800.0x600.0
22:38:20.566 #1114 surface.attach surface=5C478 view=0x0000000bea13b700 attached=1 hasSurface=0 inWindow=1
22:38:20.566 #1115 surface.attach.create surface=5C478 inWindow=1
22:38:20.566 #1116 surface.attach.create.done surface=5C478 hasSurface=0
22:38:20.566 #1117 surface.size.resume surface=5C478 size=800.0x600.0 backing=800.0x600.0
22:38:20.567 #1118 ws.term.active id=1 dt=2855.41ms surface=5C478 transition=1->0 active=0 visibleFlag=0 hostHidden=1 surfaceHidden=0 hiddenHierarchy=1 inWindow=0 hasSuperview=1 bounds=800.0x600.0 frame=800.0x600.0 firstResponder=nil
22:38:20.567 #1119 surface.headless_window.adopt surface=5C478DF4 reason=input-demand window=ObjectIdentifier(0x0000000be07c4780)
22:38:20.567 #1120 surface.headless_window.create surface=5C478DF4 reason=input-demand window=ObjectIdentifier(0x0000000be07c4780)
22:38:20.567 #1121 surface.attach surface=5C478 view=0x0000000bea13b700 attached=1 hasSurface=0 inWindow=1
22:38:20.567 #1122 surface.attach.create surface=5C478 inWindow=1
22:38:20.567 #1123 surface.attach.create.done surface=5C478 hasSurface=0
22:38:20.567 #1124 surface.background_start surface=5C478DF4 inWindow=1 ready=0 source=inputDemand ms=2.13
22:38:20.571 #1125 workspace.gitProbe.apply workspace=BB3C4 panel=5C478 branch=none dirty=0 pr=none
22:38:20.572 #1126 zoom.create surface=5C478 context=<redacted:40b>
22:38:20.574 #1127 surface.size.apply surface=5C478DF4 caller=runtime.create.initial grid=99x35->99x35 pixels=800x600->800x600 target=800x600
22:38:20.574 #1128 surface.socket_input.flush surface=5C478DF4 items=3 keys=0 bytes=142
22:38:20.574 #1129 zoom.create.done surface=5C478 context=<redacted:21b>
22:38:20.583 #1130 sidebar.snapshot.refresh requested=14
22:38:20.583 #1131 sidebar.table.rowsBuild items=14
22:38:20.591 #1132 sidebar.row.titlePaint workspace=7AB3E57F title=<redacted:3b>
22:38:20.592 #1133 sidebar.table.apply structural=0 contentChanges=1 rows=14
22:38:20.592 #1134 sidebar.row.titlePaint workspace=7AB3E57F title=<redacted:3b>
22:38:20.608 #1135 surface.attach surface=95692 view=0x0000000beb7f6800 attached=0 hasSurface=0 inWindow=0
22:38:20.608 #1136 surface.attach.defer surface=95692 reason=noWindow bounds=800.0x600.0
22:38:20.608 #1137 surface.size.defer surface=95692 reason=noWindow size=800.0x600.0
22:38:20.609 #1138 focus.bonsplit pane=6051F
22:38:20.609 #1139 focus.split.apply.begin workspace=2AE56 pane=6051F tab=24F32 focusedPane=6051F selectedTab=24F32 reassert=1
22:38:20.609 #1140 find.preparePanelFocusIntent surface=95692 target=terminal
22:38:20.609 #1141 find.preparePanelFocusIntent surface=95692 target=terminal
22:38:20.609 #1142 focus.split.moveFocus workspace=2AE56 panel=95692 previousExists=0 to=95692
22:38:20.609 #1143 find.moveFocus to=95692 from=nil searchState=nil delayMs=0
22:38:20.609 #1144 focus.split.ensureFocus workspace=2AE56 panel=95692 pane=6051F tab=24F32 intent=terminal(cmux_DEV.TerminalPanelFocusIntent.surface)
22:38:20.610 #1145 focus.split.apply.end workspace=2AE56 panel=95692 type=TerminalPanel focusedPane=6051F selectedTab=24F32 prevPanel=95692
22:38:20.610 #1146 focus.bonsplit pane=6051F
22:38:20.610 #1147 focus.split.apply.begin workspace=2AE56 pane=6051F tab=24F32 focusedPane=6051F selectedTab=24F32 reassert=1
22:38:20.610 #1148 find.preparePanelFocusIntent surface=95692 target=terminal
22:38:20.610 #1149 find.preparePanelFocusIntent surface=95692 target=terminal
22:38:20.610 #1150 focus.split.moveFocus workspace=2AE56 panel=95692 previousExists=0 to=95692
22:38:20.610 #1151 find.moveFocus to=95692 from=nil searchState=nil delayMs=0
22:38:20.610 #1152 focus.split.ensureFocus workspace=2AE56 panel=95692 pane=6051F tab=24F32 intent=terminal(cmux_DEV.TerminalPanelFocusIntent.surface)
22:38:20.610 #1153 focus.split.apply.end workspace=2AE56 panel=95692 type=TerminalPanel focusedPane=6051F selectedTab=24F32 prevPanel=95692
22:38:20.610 #1154 workspace.customTitle.write workspace=2AE567F7 source=user title=<redacted:16b>
22:38:20.611 #1155 ws.term.visible id=1 dt=2899.87ms surface=95692 transition=1->0 active=1 visibleFlag=0 hostHidden=1 surfaceHidden=0 hiddenHierarchy=1 inWindow=0 hasSuperview=0 bounds=0.0x0.0 frame=0.0x0.0 firstResponder=nil
22:38:20.611 #1156 workspace.gitProbe.schedule workspace=2AE56 panel=95692 dir=<redacted:11b> reason=initial
22:38:20.612 #1157 workspace.customDescription.update workspace=2AE567F7 inputLen=0 inputNewlines=0 normalizedLen=0 normalizedNewlines=0 input=<redacted:22b>
22:38:20.620 #1158 sidebar.table.rowsBuild items=15
22:38:20.647 #1159 sidebar.row.titlePaint workspace=2AE567F7 title=<redacted:16b>
22:38:20.647 #1160 sidebar.row.titlePaint workspace=BB3C48A9 title=<redacted:16b>
22:38:20.647 #1161 sidebar.row.titlePaint workspace=12B9D223 title=<redacted:16b>
22:38:20.647 #1162 sidebar.row.titlePaint workspace=CC803048 title=<redacted:16b>
22:38:20.648 #1163 sidebar.row.titlePaint workspace=021AC524 title=<redacted:16b>
22:38:20.648 #1164 sidebar.row.titlePaint workspace=0220BA90 title=<redacted:15b>
22:38:20.648 #1165 sidebar.row.titlePaint workspace=A9442F6F title=<redacted:15b>
22:38:20.648 #1166 sidebar.row.titlePaint workspace=C0EB2E56 title=<redacted:15b>
22:38:20.648 #1167 sidebar.row.titlePaint workspace=481B3CBD title=<redacted:15b>
22:38:20.648 #1168 sidebar.row.titlePaint workspace=D6AF905C title=<redacted:15b>
22:38:20.648 #1169 sidebar.row.titlePaint workspace=DE713FA3 title=<redacted:15b>
22:38:20.648 #1170 sidebar.row.titlePaint workspace=5A8310B9 title=<redacted:15b>
22:38:20.648 #1171 sidebar.row.titlePaint workspace=BE9B10CB title=<redacted:15b>
22:38:20.649 #1172 sidebar.row.titlePaint workspace=0786EE66 title=<redacted:15b>
22:38:20.649 #1173 sidebar.table.apply structural=1 contentChanges=14 rows=15
22:38:20.679 #1174 surface.socket_input.queue surface=956921B3 items=3 keys=0 bytes=142
22:38:20.679 #1175 notification.queue.drain batch=4 remaining=0 firstSeq=94 lastSeq=98
22:38:20.679 #1176 surface.shellState workspace=BB3C4 panel=5C478 from=unknown to=commandRunning
22:38:20.680 #1177 workspace.backgroundPrime.start workspace=2AE56
22:38:20.687 #1178 sidebar.table.rowsBuild items=15
22:38:20.711 #1179 sidebar.row.titlePaint workspace=7AB3E57F title=<redacted:3b>
22:38:20.714 #1180 sidebar.row.titlePaint workspace=2AE567F7 title=<redacted:16b>
22:38:20.716 #1181 sidebar.row.titlePaint workspace=BB3C48A9 title=<redacted:16b>
22:38:20.718 #1182 sidebar.row.titlePaint workspace=12B9D223 title=<redacted:16b>
22:38:20.720 #1183 sidebar.row.titlePaint workspace=CC803048 title=<redacted:16b>
22:38:20.722 #1184 sidebar.row.titlePaint workspace=021AC524 title=<redacted:16b>
22:38:20.724 #1185 sidebar.row.titlePaint workspace=0220BA90 title=<redacted:15b>
22:38:20.726 #1186 sidebar.row.titlePaint workspace=A9442F6F title=<redacted:15b>
22:38:20.728 #1187 sidebar.row.titlePaint workspace=C0EB2E56 title=<redacted:15b>
22:38:20.730 #1188 sidebar.row.titlePaint workspace=481B3CBD title=<redacted:15b>
22:38:20.731 #1189 sidebar.row.titlePaint workspace=D6AF905C title=<redacted:15b>
22:38:20.733 #1190 sidebar.row.titlePaint workspace=DE713FA3 title=<redacted:15b>
22:38:20.735 #1191 sidebar.row.titlePaint workspace=5A8310B9 title=<redacted:15b>
22:38:20.737 #1192 sidebar.row.titlePaint workspace=BE9B10CB title=<redacted:15b>
22:38:20.789 #1193 surface.view.windowMove surface=95692 inWindow=1 bounds=800.0x600.0 pending=800.0x600.0
22:38:20.789 #1194 surface.attach surface=95692 view=0x0000000beb7f6800 attached=1 hasSurface=0 inWindow=1
22:38:20.789 #1195 surface.attach.create surface=95692 inWindow=1
22:38:20.789 #1196 surface.attach.create.done surface=95692 hasSurface=0
22:38:20.789 #1197 surface.size.resume surface=95692 size=800.0x600.0 backing=800.0x600.0
22:38:20.789 #1198 ws.term.active id=1 dt=3077.90ms surface=95692 transition=1->0 active=0 visibleFlag=0 hostHidden=1 surfaceHidden=0 hiddenHierarchy=1 inWindow=0 hasSuperview=1 bounds=800.0x600.0 frame=800.0x600.0 firstResponder=nil
22:38:20.789 #1199 surface.headless_window.adopt surface=956921B3 reason=input-demand window=ObjectIdentifier(0x0000000bdf0d4500)
22:38:20.789 #1200 surface.headless_window.create surface=956921B3 reason=input-demand window=ObjectIdentifier(0x0000000bdf0d4500)
22:38:20.789 #1201 surface.attach surface=95692 view=0x0000000beb7f6800 attached=1 hasSurface=0 inWindow=1
22:38:20.789 #1202 surface.attach.create surface=95692 inWindow=1
22:38:20.789 #1203 surface.attach.create.done surface=95692 hasSurface=0
22:38:20.790 #1204 surface.background_start surface=956921B3 inWindow=1 ready=0 source=inputDemand ms=7.13
22:38:20.790 #1205 notification.queue.drain batch=1 remaining=0 firstSeq=99 lastSeq=99
22:38:20.794 #1206 surface.attach surface=3F461 view=0x0000000beb42b700 attached=0 hasSurface=0 inWindow=0
22:38:20.794 #1207 surface.attach.defer surface=3F461 reason=noWindow bounds=800.0x600.0
22:38:20.794 #1208 surface.size.defer surface=3F461 reason=noWindow size=800.0x600.0
22:38:20.794 #1209 focus.bonsplit pane=F516D
22:38:20.794 #1210 focus.split.apply.begin workspace=5C2DF pane=F516D tab=7B5E6 focusedPane=F516D selectedTab=7B5E6 reassert=1
22:38:20.794 #1211 find.preparePanelFocusIntent surface=3F461 target=terminal
22:38:20.795 #1212 find.preparePanelFocusIntent surface=3F461 target=terminal
22:38:20.795 #1213 focus.split.moveFocus workspace=5C2DF panel=3F461 previousExists=0 to=3F461
22:38:20.795 #1214 find.moveFocus to=3F461 from=nil searchState=nil delayMs=0
22:38:20.795 #1215 focus.split.ensureFocus workspace=5C2DF panel=3F461 pane=F516D tab=7B5E6 intent=terminal(cmux_DEV.TerminalPanelFocusIntent.surface)
22:38:20.795 #1216 focus.split.apply.end workspace=5C2DF panel=3F461 type=TerminalPanel focusedPane=F516D selectedTab=7B5E6 prevPanel=3F461
22:38:20.795 #1217 focus.bonsplit pane=F516D
22:38:20.795 #1218 focus.split.apply.begin workspace=5C2DF pane=F516D tab=7B5E6 focusedPane=F516D selectedTab=7B5E6 reassert=1
22:38:20.795 #1219 find.preparePanelFocusIntent surface=3F461 target=terminal
22:38:20.795 #1220 find.preparePanelFocusIntent surface=3F461 target=terminal
22:38:20.795 #1221 focus.split.moveFocus workspace=5C2DF panel=3F461 previousExists=0 to=3F461
22:38:20.795 #1222 find.moveFocus to=3F461 from=nil searchState=nil delayMs=0
22:38:20.795 #1223 focus.split.ensureFocus workspace=5C2DF panel=3F461 pane=F516D tab=7B5E6 intent=terminal(cmux_DEV.TerminalPanelFocusIntent.surface)
22:38:20.795 #1224 focus.split.apply.end workspace=5C2DF panel=3F461 type=TerminalPanel focusedPane=F516D selectedTab=7B5E6 prevPanel=3F461
22:38:20.795 #1225 workspace.customTitle.write workspace=5C2DF2DB source=user title=<redacted:16b>
22:38:20.797 #1226 ws.term.visible id=1 dt=3085.41ms surface=3F461 transition=1->0 active=1 visibleFlag=0 hostHidden=1 surfaceHidden=0 hiddenHierarchy=1 inWindow=0 hasSuperview=0 bounds=0.0x0.0 frame=0.0x0.0 firstResponder=nil
22:38:20.797 #1227 ws.mount.reconcile id=1 dt=3085.50ms hot=0 selected=7AB3E mounted=[7AB3E,2AE56] added=[2AE56] removed=[]
22:38:20.797 #1228 workspace.gitProbe.schedule workspace=5C2DF panel=3F461 dir=<redacted:11b> reason=initial
22:38:20.797 #1229 workspace.customDescription.update workspace=5C2DF2DB inputLen=0 inputNewlines=0 normalizedLen=0 normalizedNewlines=0 input=<redacted:22b>
22:38:20.805 #1230 sidebar.table.rowsBuild items=16
22:38:20.829 #1231 sidebar.table.rowsBuild items=16
22:38:20.839 #1232 sidebar.row.titlePaint workspace=7AB3E57F title=<redacted:3b>
22:38:20.840 #1233 sidebar.row.titlePaint workspace=5C2DF2DB title=<redacted:16b>
22:38:20.840 #1234 sidebar.row.titlePaint workspace=2AE567F7 title=<redacted:16b>
22:38:20.840 #1235 sidebar.row.titlePaint workspace=BB3C48A9 title=<redacted:16b>
22:38:20.840 #1236 sidebar.row.titlePaint workspace=12B9D223 title=<redacted:16b>
22:38:20.840 #1237 sidebar.row.titlePaint workspace=CC803048 title=<redacted:16b>
22:38:20.840 #1238 sidebar.row.titlePaint workspace=021AC524 title=<redacted:16b>
22:38:20.841 #1239 sidebar.row.titlePaint workspace=0220BA90 title=<redacted:15b>
22:38:20.841 #1240 sidebar.row.titlePaint workspace=A9442F6F title=<redacted:15b>
22:38:20.841 #1241 sidebar.row.titlePaint workspace=C0EB2E56 title=<redacted:15b>
22:38:20.841 #1242 sidebar.row.titlePaint workspace=481B3CBD title=<redacted:15b>
22:38:20.841 #1243 sidebar.row.titlePaint workspace=D6AF905C title=<redacted:15b>
22:38:20.841 #1244 sidebar.row.titlePaint workspace=DE713FA3 title=<redacted:15b>
22:38:20.841 #1245 sidebar.row.titlePaint workspace=5A8310B9 title=<redacted:15b>
22:38:20.841 #1246 sidebar.row.titlePaint workspace=BE9B10CB title=<redacted:15b>
22:38:20.841 #1247 sidebar.row.titlePaint workspace=0786EE66 title=<redacted:15b>
22:38:20.844 #1248 sidebar.table.apply structural=1 contentChanges=15 rows=16
22:38:20.878 #1249 ws.swiftui.update id=1 dt=3166.40ms surface=95692 visible=0 active=0 z=0 hostWindow=0 hostedWindow=1 hostedSuperview=1
22:38:20.878 #1250 ws.hostState.deferBind surface=95692 reason=hostNoWindow visible=0 active=0 z=0 hostedWindow=1 hostedSuperview=1
22:38:20.885 #1251 ws.hostState.rebindOnGeometry surface=95692 reason=portalEntryMissing visible=0 active=0 z=0
22:38:20.892 #1252 sidebar.row.titlePaint workspace=7AB3E57F title=<redacted:3b>
22:38:20.894 #1253 sidebar.row.titlePaint workspace=5C2DF2DB title=<redacted:16b>
22:38:20.897 #1254 sidebar.row.titlePaint workspace=2AE567F7 title=<redacted:16b>
22:38:20.899 #1255 sidebar.row.titlePaint workspace=BB3C48A9 title=<redacted:16b>
22:38:20.901 #1256 sidebar.row.titlePaint workspace=12B9D223 title=<redacted:16b>
22:38:20.902 #1257 sidebar.row.titlePaint workspace=CC803048 title=<redacted:16b>
22:38:20.904 #1258 sidebar.row.titlePaint workspace=021AC524 title=<redacted:16b>
22:38:20.906 #1259 sidebar.row.titlePaint workspace=0220BA90 title=<redacted:15b>
22:38:20.908 #1260 sidebar.row.titlePaint workspace=A9442F6F title=<redacted:15b>
22:38:20.910 #1261 sidebar.row.titlePaint workspace=C0EB2E56 title=<redacted:15b>
22:38:20.911 #1262 sidebar.row.titlePaint workspace=481B3CBD title=<redacted:15b>
22:38:20.913 #1263 sidebar.row.titlePaint workspace=D6AF905C title=<redacted:15b>
22:38:20.915 #1264 sidebar.row.titlePaint workspace=DE713FA3 title=<redacted:15b>
22:38:20.917 #1265 sidebar.row.titlePaint workspace=5A8310B9 title=<redacted:15b>
22:38:20.965 #1266 terminal.portal.host.claim surface=95692 reason=geometryChanged host=ObjectIdentifier(0x0000000bebb60600) pane=6051F inWin=1 size=760.0x644.0 replacingHost=nil
22:38:20.965 #1267 surface.attach surface=95692 view=0x0000000beb7f6800 attached=1 hasSurface=0 inWindow=1
22:38:20.965 #1268 surface.attach.create surface=95692 inWindow=1
22:38:20.965 #1269 surface.attach.create.done surface=95692 hasSurface=0
22:38:20.965 #1270 portal.bind hosted=0x0000000beb7f6d00 anchor=0x0000000bebb60600 prevAnchor=nil visible=0 prevVisible=0 z=0 prevZ=-9223372036854775808
22:38:20.965 #1271 portal.reparent hosted=0x0000000beb7f6d00 reason=attach super=0x0000000bdf0d4c80
22:38:20.966 #1272 surface.view.windowMove surface=95692 inWindow=1 bounds=760.0x644.0 pending=760.0x644.0
22:38:20.966 #1273 surface.attach surface=95692 view=0x0000000beb7f6800 attached=1 hasSurface=0 inWindow=1
22:38:20.971 #1274 surface.headless_window.release surface=956921B3 realWindow=ObjectIdentifier(0x0000000be7f96800)
22:38:20.971 #1275 surface.attach.create surface=95692 inWindow=1
22:38:20.971 #1276 surface.attach.create.done surface=95692 hasSurface=0
22:38:20.972 #1277 portal.bonsplit.container hosted=0x0000000beb7f6d00 class=_TtGC7SwiftUI13NSHostingViewGV8Bonsplit17PaneContainerViewGVS_19_ConditionalContentGS3_GVS_15ModifiedContentV8cmux_DEV31RemoteTmuxWindowMirrorSplitViewVS_P10$232f25d3018TapGestureModifier_GS4_VS5_P10$12e2170f829WorkspacePanelContentHostViewS7___VS5_14EmptyPanelView_GS4_S9_S7____ frame=240.0,0.0 760.0x672.0 host=0.0,0.0 1000.0x700.0 anchor=240.0,0.0 760.0x644.0
22:38:20.979 #1278 workspace.gitProbe.apply workspace=2AE56 panel=95692 branch=none dirty=0 pr=none
22:38:20.980 #1279 zoom.create surface=95692 context=<redacted:40b>
22:38:20.982 #1280 surface.size.apply surface=956921B3 caller=runtime.create.initial grid=99x35->94x37 pixels=800x600->760x644 target=760x644
22:38:20.982 #1281 surface.socket_input.flush surface=956921B3 items=3 keys=0 bytes=142
22:38:20.983 #1282 zoom.create.done surface=95692 context=<redacted:21b>
22:38:20.998 #1283 sidebar.table.rowsBuild items=16
22:38:21.019 #1284 portal.bonsplit.container hosted=0x0000000be9451e00 class=_TtGC7SwiftUI13NSHostingViewGV8Bonsplit17PaneContainerViewGVS_19_ConditionalContentGS3_GVS_15ModifiedContentV8cmux_DEV31RemoteTmuxWindowMirrorSplitViewVS_P10$232f25d3018TapGestureModifier_GS4_VS5_P10$12e2170f829WorkspacePanelContentHostViewS7___VS5_14EmptyPanelView_GS4_S9_S7____ frame=240.0,0.0 760.0x672.0 host=0.0,0.0 1000.0x700.0 anchor=240.0,0.0 760.0x644.0
22:38:21.021 #1285 surface.socket_input.queue surface=3F461101 items=3 keys=0 bytes=142
22:38:21.021 #1286 find.preparePanelFocusIntent surface=95692 target=terminal
22:38:21.021 #1287 ws.term.active id=1 dt=3309.83ms surface=95692 transition=0->1 active=1 visibleFlag=0 hostHidden=1 surfaceHidden=0 hiddenHierarchy=1 inWindow=1 hasSuperview=1 bounds=760.0x644.0 frame=760.0x644.0 firstResponder=GhosttyNSView
22:38:21.021 #1288 focus.ensure.defer surface=95692 reason=not_visible
22:38:21.021 #1289 focus.ensure.defer surface=95692 reason=not_visible
22:38:21.024 #1290 ws.term.active id=1 dt=3312.34ms surface=95692 transition=1->0 active=0 visibleFlag=0 hostHidden=1 surfaceHidden=0 hiddenHierarchy=1 inWindow=1 hasSuperview=1 bounds=760.0x644.0 frame=760.0x644.0 firstResponder=GhosttyNSView
22:38:21.027 #1291 forceRefresh: 956921B3-A6B1-4D03-800B-DA4E8FEF7EDE reason=unspecified inWindow=true bounds=(0.0, 0.0, 760.0, 644.0) metalOK=false hasSurface=true
22:38:21.028 #1292 ws.term.visible id=1 dt=3316.30ms surface=95692 transition=0->1 active=0 visibleFlag=1 hostHidden=0 surfaceHidden=0 hiddenHierarchy=0 inWindow=1 hasSuperview=1 bounds=760.0x644.0 frame=760.0x644.0 firstResponder=GhosttyNSView
22:38:21.028 #1293 ws.term.active id=1 dt=3316.37ms surface=95692 transition=0->1 active=1 visibleFlag=1 hostHidden=0 surfaceHidden=0 hiddenHierarchy=0 inWindow=1 hasSuperview=1 bounds=760.0x644.0 frame=760.0x644.0 firstResponder=GhosttyNSView
22:38:21.028 #1294 workspace.backgroundPrime.finish workspace=2AE56 reason=no_surface_work ms=348.11
22:38:21.028 #1295 ws.term.visible id=1 dt=3316.64ms surface=95692 transition=1->0 active=1 visibleFlag=0 hostHidden=1 surfaceHidden=0 hiddenHierarchy=1 inWindow=1 hasSuperview=1 bounds=760.0x644.0 frame=760.0x644.0 firstResponder=GhosttyNSView
22:38:21.028 #1296 portal.hideEntry hosted=0x0000000beb7f6d00 reason=workspaceUnmount
22:38:21.028 #1297 ws.mount.reconcile id=1 dt=3316.70ms hot=0 selected=7AB3E mounted=[7AB3E] added=[] removed=[2AE56]
22:38:21.028 #1298 workspace.backgroundPrime.start workspace=5C2DF
22:38:21.030 #1299 surface.view.windowMove surface=3F461 inWindow=1 bounds=800.0x600.0 pending=800.0x600.0
22:38:21.030 #1300 surface.attach surface=3F461 view=0x0000000beb42b700 attached=1 hasSurface=0 inWindow=1
22:38:21.030 #1301 surface.attach.create surface=3F461 inWindow=1
22:38:21.030 #1302 surface.attach.create.done surface=3F461 hasSurface=0
22:38:21.030 #1303 surface.size.resume surface=3F461 size=800.0x600.0 backing=800.0x600.0
22:38:21.030 #1304 ws.term.active id=1 dt=3319.03ms surface=3F461 transition=1->0 active=0 visibleFlag=0 hostHidden=1 surfaceHidden=0 hiddenHierarchy=1 inWindow=0 hasSuperview=1 bounds=800.0x600.0 frame=800.0x600.0 firstResponder=nil
22:38:21.030 #1305 surface.headless_window.adopt surface=3F461101 reason=input-demand window=ObjectIdentifier(0x0000000bdf14cf00)
22:38:21.030 #1306 surface.headless_window.create surface=3F461101 reason=input-demand window=ObjectIdentifier(0x0000000bdf14cf00)
22:38:21.030 #1307 surface.attach surface=3F461 view=0x0000000beb42b700 attached=1 hasSurface=0 inWindow=1
22:38:21.030 #1308 surface.attach.create surface=3F461 inWindow=1
22:38:21.030 #1309 surface.attach.create.done surface=3F461 hasSurface=0
22:38:21.031 #1310 surface.background_start surface=3F461101 inWindow=1 ready=0 source=inputDemand ms=2.52
22:38:21.032 #1311 find.applyFirstResponder.defer surface=95692 reason=setActive
22:38:21.033 #1312 ws.term.active id=1 dt=3321.98ms surface=95692 transition=1->0 active=0 visibleFlag=0 hostHidden=1 surfaceHidden=0 hiddenHierarchy=1 inWindow=1 hasSuperview=1 bounds=760.0x644.0 frame=760.0x644.0 firstResponder=GhosttyNSView
22:38:21.041 #1313 sidebar.table.rowsBuild items=16
22:38:21.057 #1314 ws.swiftui.dismantle id=1 dt=3345.98ms surface=95692 inWindow=1
22:38:21.057 #1315 terminal.portal.host.authorityCleared surface=95692 host=ObjectIdentifier(0x0000000bebb60600) pane=6051F generation=1 serial=7
22:38:21.057 #1316 terminal.portal.host.rearm surface=95692 reason=dismantle host=ObjectIdentifier(0x0000000bebb60600) pane=6051F area=489440.0
22:38:21.074 #1317 portal.detach hosted=0x0000000beb7f6d00 anchor=nil hadSuperview=1
22:38:21.074 #1318 surface.view.windowMove surface=95692 inWindow=0 bounds=760.0x644.0 pending=760.0x644.0
22:38:21.077 #1319 workspace.gitProbe.apply workspace=5C2DF panel=3F461 branch=none dirty=0 pr=none
22:38:21.078 #1320 zoom.create surface=3F461 context=<redacted:40b>
22:38:21.081 #1321 surface.size.apply surface=3F461101 caller=runtime.create.initial grid=99x35->99x35 pixels=800x600->800x600 target=800x600
22:38:21.081 #1322 surface.socket_input.flush surface=3F461101 items=3 keys=0 bytes=142
22:38:21.081 #1323 zoom.create.done surface=3F461 context=<redacted:21b>
22:38:21.081 #1324 ws.mount.reconcile id=1 dt=3369.64ms hot=0 selected=7AB3E mounted=[7AB3E,5C2DF] added=[5C2DF] removed=[]
22:38:21.087 #1325 notification.queue.drain batch=4 remaining=0 firstSeq=101 lastSeq=105
22:38:21.087 #1326 surface.shellState workspace=2AE56 panel=95692 from=unknown to=commandRunning
22:38:21.090 #1327 surface.attach surface=31BFD view=0x0000000bebbf4500 attached=0 hasSurface=0 inWindow=0
22:38:21.091 #1328 surface.attach.defer surface=31BFD reason=noWindow bounds=800.0x600.0
22:38:21.091 #1329 surface.size.defer surface=31BFD reason=noWindow size=800.0x600.0
22:38:21.091 #1330 focus.bonsplit pane=38DAC
22:38:21.091 #1331 focus.split.apply.begin workspace=88E0C pane=38DAC tab=5B6FA focusedPane=38DAC selectedTab=5B6FA reassert=1
22:38:21.091 #1332 find.preparePanelFocusIntent surface=31BFD target=terminal
22:38:21.091 #1333 find.preparePanelFocusIntent surface=31BFD target=terminal
22:38:21.091 #1334 focus.split.moveFocus workspace=88E0C panel=31BFD previousExists=0 to=31BFD
22:38:21.091 #1335 find.moveFocus to=31BFD from=nil searchState=nil delayMs=0
22:38:21.091 #1336 focus.split.ensureFocus workspace=88E0C panel=31BFD pane=38DAC tab=5B6FA intent=terminal(cmux_DEV.TerminalPanelFocusIntent.surface)
22:38:21.092 #1337 focus.split.apply.end workspace=88E0C panel=31BFD type=TerminalPanel focusedPane=38DAC selectedTab=5B6FA prevPanel=31BFD
22:38:21.092 #1338 focus.bonsplit pane=38DAC
22:38:21.092 #1339 focus.split.apply.begin workspace=88E0C pane=38DAC tab=5B6FA focusedPane=38DAC selectedTab=5B6FA reassert=1
22:38:21.092 #1340 find.preparePanelFocusIntent surface=31BFD target=terminal
22:38:21.092 #1341 find.preparePanelFocusIntent surface=31BFD target=terminal
22:38:21.092 #1342 focus.split.moveFocus workspace=88E0C panel=31BFD previousExists=0 to=31BFD
22:38:21.092 #1343 find.moveFocus to=31BFD from=nil searchState=nil delayMs=0
22:38:21.092 #1344 focus.split.ensureFocus workspace=88E0C panel=31BFD pane=38DAC tab=5B6FA intent=terminal(cmux_DEV.TerminalPanelFocusIntent.surface)
22:38:21.092 #1345 focus.split.apply.end workspace=88E0C panel=31BFD type=TerminalPanel focusedPane=38DAC selectedTab=5B6FA prevPanel=31BFD
22:38:21.092 #1346 workspace.customTitle.write workspace=88E0CB7B source=user title=<redacted:16b>
22:38:21.093 #1347 ws.term.visible id=1 dt=3382.08ms surface=31BFD transition=1->0 active=1 visibleFlag=0 hostHidden=1 surfaceHidden=0 hiddenHierarchy=1 inWindow=0 hasSuperview=0 bounds=0.0x0.0 frame=0.0x0.0 firstResponder=nil
22:38:21.093 #1348 ws.mount.reconcile id=1 dt=3382.20ms hot=0 selected=7AB3E mounted=[7AB3E] added=[] removed=[5C2DF]
22:38:21.094 #1349 workspace.gitProbe.schedule workspace=88E0C panel=31BFD dir=<redacted:11b> reason=initial
22:38:21.094 #1350 workspace.customDescription.update workspace=88E0CB7B inputLen=0 inputNewlines=0 normalizedLen=0 normalizedNewlines=0 input=<redacted:22b>
22:38:21.103 #1351 sidebar.table.rowsBuild items=17
22:38:21.130 #1352 sidebar.row.titlePaint workspace=7AB3E57F title=<redacted:3b>
22:38:21.130 #1353 sidebar.row.titlePaint workspace=88E0CB7B title=<redacted:16b>
22:38:21.131 #1354 sidebar.row.titlePaint workspace=5C2DF2DB title=<redacted:16b>
22:38:21.131 #1355 sidebar.row.titlePaint workspace=2AE567F7 title=<redacted:16b>
22:38:21.131 #1356 sidebar.row.titlePaint workspace=BB3C48A9 title=<redacted:16b>
22:38:21.131 #1357 sidebar.row.titlePaint workspace=12B9D223 title=<redacted:16b>
22:38:21.131 #1358 sidebar.row.titlePaint workspace=CC803048 title=<redacted:16b>
22:38:21.131 #1359 sidebar.row.titlePaint workspace=021AC524 title=<redacted:16b>
22:38:21.132 #1360 sidebar.row.titlePaint workspace=0220BA90 title=<redacted:15b>
22:38:21.132 #1361 sidebar.row.titlePaint workspace=A9442F6F title=<redacted:15b>
22:38:21.132 #1362 sidebar.row.titlePaint workspace=C0EB2E56 title=<redacted:15b>
22:38:21.132 #1363 sidebar.row.titlePaint workspace=481B3CBD title=<redacted:15b>
22:38:21.132 #1364 sidebar.row.titlePaint workspace=D6AF905C title=<redacted:15b>
22:38:21.132 #1365 sidebar.row.titlePaint workspace=DE713FA3 title=<redacted:15b>
22:38:21.132 #1366 sidebar.row.titlePaint workspace=5A8310B9 title=<redacted:15b>
22:38:21.133 #1367 sidebar.row.titlePaint workspace=BE9B10CB title=<redacted:15b>
22:38:21.133 #1368 sidebar.row.titlePaint workspace=0786EE66 title=<redacted:15b>
22:38:21.134 #1369 sidebar.table.apply structural=1 contentChanges=16 rows=17
22:38:21.172 #1370 sidebar.row.titlePaint workspace=7AB3E57F title=<redacted:3b>
22:38:21.174 #1371 sidebar.row.titlePaint workspace=88E0CB7B title=<redacted:16b>
22:38:21.176 #1372 sidebar.row.titlePaint workspace=5C2DF2DB title=<redacted:16b>
22:38:21.178 #1373 sidebar.row.titlePaint workspace=2AE567F7 title=<redacted:16b>
22:38:21.180 #1374 sidebar.row.titlePaint workspace=BB3C48A9 title=<redacted:16b>
22:38:21.182 #1375 sidebar.row.titlePaint workspace=12B9D223 title=<redacted:16b>
22:38:21.184 #1376 sidebar.row.titlePaint workspace=CC803048 title=<redacted:16b>
22:38:21.186 #1377 sidebar.row.titlePaint workspace=021AC524 title=<redacted:16b>
22:38:21.188 #1378 sidebar.row.titlePaint workspace=0220BA90 title=<redacted:15b>
22:38:21.189 #1379 sidebar.row.titlePaint workspace=A9442F6F title=<redacted:15b>
22:38:21.192 #1380 sidebar.row.titlePaint workspace=C0EB2E56 title=<redacted:15b>
22:38:21.193 #1381 sidebar.row.titlePaint workspace=481B3CBD title=<redacted:15b>
22:38:21.195 #1382 sidebar.row.titlePaint workspace=D6AF905C title=<redacted:15b>
22:38:21.197 #1383 sidebar.row.titlePaint workspace=DE713FA3 title=<redacted:15b>
22:38:21.248 #1384 surface.size.defer surface=95692 reason=noWindow size=760.0x644.0
22:38:21.249 #1385 workspace.backgroundPrime.finish workspace=5C2DF reason=no_surface_work ms=220.49
22:38:21.249 #1386 notification.queue.drain batch=5 remaining=0 firstSeq=106 lastSeq=112
22:38:21.249 #1387 surface.shellState workspace=5C2DF panel=3F461 from=unknown to=commandRunning
22:38:21.250 #1388 surface.socket_input.queue surface=31BFD764 items=3 keys=0 bytes=142
22:38:21.258 #1389 sidebar.table.rowsBuild items=17
22:38:21.280 #1390 surface.view.windowMove surface=31BFD inWindow=1 bounds=800.0x600.0 pending=800.0x600.0
22:38:21.280 #1391 surface.attach surface=31BFD view=0x0000000bebbf4500 attached=1 hasSurface=0 inWindow=1
22:38:21.280 #1392 surface.attach.create surface=31BFD inWindow=1
22:38:21.280 #1393 surface.attach.create.done surface=31BFD hasSurface=0
22:38:21.280 #1394 surface.size.resume surface=31BFD size=800.0x600.0 backing=800.0x600.0
22:38:21.280 #1395 ws.term.active id=1 dt=3568.81ms surface=31BFD transition=1->0 active=0 visibleFlag=0 hostHidden=1 surfaceHidden=0 hiddenHierarchy=1 inWindow=0 hasSuperview=1 bounds=800.0x600.0 frame=800.0x600.0 firstResponder=nil
22:38:21.280 #1396 surface.headless_window.adopt surface=31BFD764 reason=input-demand window=ObjectIdentifier(0x0000000bdf133480)
22:38:21.280 #1397 surface.headless_window.create surface=31BFD764 reason=input-demand window=ObjectIdentifier(0x0000000bdf133480)
22:38:21.280 #1398 surface.attach surface=31BFD view=0x0000000bebbf4500 attached=1 hasSurface=0 inWindow=1
22:38:21.280 #1399 surface.attach.create surface=31BFD inWindow=1
22:38:21.280 #1400 surface.attach.create.done surface=31BFD hasSurface=0
22:38:21.281 #1401 surface.background_start surface=31BFD764 inWindow=1 ready=0 source=inputDemand ms=2.19
22:38:21.282 #1402 notification.queue.drain batch=1 remaining=0 firstSeq=113 lastSeq=113
22:38:21.285 #1403 workspace.gitProbe.apply workspace=88E0C panel=31BFD branch=none dirty=0 pr=none
22:38:21.286 #1404 zoom.create surface=31BFD context=<redacted:40b>
22:38:21.289 #1405 surface.size.apply surface=31BFD764 caller=runtime.create.initial grid=99x35->99x35 pixels=800x600->800x600 target=800x600
22:38:21.289 #1406 surface.socket_input.flush surface=31BFD764 items=3 keys=0 bytes=142
22:38:21.289 #1407 zoom.create.done surface=31BFD context=<redacted:21b>
22:38:21.307 #1408 surface.attach surface=C310B view=0x0000000beb7f6300 attached=0 hasSurface=0 inWindow=0
22:38:21.307 #1409 surface.attach.defer surface=C310B reason=noWindow bounds=800.0x600.0
22:38:21.307 #1410 surface.size.defer surface=C310B reason=noWindow size=800.0x600.0
22:38:21.307 #1411 focus.bonsplit pane=1A0E2
22:38:21.308 #1412 focus.split.apply.begin workspace=9BB39 pane=1A0E2 tab=AD941 focusedPane=1A0E2 selectedTab=AD941 reassert=1
22:38:21.308 #1413 find.preparePanelFocusIntent surface=C310B target=terminal
22:38:21.308 #1414 find.preparePanelFocusIntent surface=C310B target=terminal
22:38:21.308 #1415 focus.split.moveFocus workspace=9BB39 panel=C310B previousExists=0 to=C310B
22:38:21.308 #1416 find.moveFocus to=C310B from=nil searchState=nil delayMs=0
22:38:21.308 #1417 focus.split.ensureFocus workspace=9BB39 panel=C310B pane=1A0E2 tab=AD941 intent=terminal(cmux_DEV.TerminalPanelFocusIntent.surface)
22:38:21.308 #1418 focus.split.apply.end workspace=9BB39 panel=C310B type=TerminalPanel focusedPane=1A0E2 selectedTab=AD941 prevPanel=C310B
22:38:21.308 #1419 focus.bonsplit pane=1A0E2
22:38:21.308 #1420 focus.split.apply.begin workspace=9BB39 pane=1A0E2 tab=AD941 focusedPane=1A0E2 selectedTab=AD941 reassert=1
22:38:21.308 #1421 find.preparePanelFocusIntent surface=C310B target=terminal
22:38:21.308 #1422 find.preparePanelFocusIntent surface=C310B target=terminal
22:38:21.309 #1423 focus.split.moveFocus workspace=9BB39 panel=C310B previousExists=0 to=C310B
22:38:21.309 #1424 find.moveFocus to=C310B from=nil searchState=nil delayMs=0
22:38:21.309 #1425 focus.split.ensureFocus workspace=9BB39 panel=C310B pane=1A0E2 tab=AD941 intent=terminal(cmux_DEV.TerminalPanelFocusIntent.surface)
22:38:21.309 #1426 focus.split.apply.end workspace=9BB39 panel=C310B type=TerminalPanel focusedPane=1A0E2 selectedTab=AD941 prevPanel=C310B
22:38:21.309 #1427 workspace.customTitle.write workspace=9BB39338 source=user title=<redacted:16b>
22:38:21.310 #1428 ws.term.visible id=1 dt=3598.74ms surface=C310B transition=1->0 active=1 visibleFlag=0 hostHidden=1 surfaceHidden=0 hiddenHierarchy=1 inWindow=0 hasSuperview=0 bounds=0.0x0.0 frame=0.0x0.0 firstResponder=nil
22:38:21.310 #1429 workspace.gitProbe.schedule workspace=9BB39 panel=C310B dir=<redacted:11b> reason=initial
22:38:21.311 #1430 workspace.customDescription.update workspace=9BB39338 inputLen=0 inputNewlines=0 normalizedLen=0 normalizedNewlines=0 input=<redacted:22b>
22:38:21.319 #1431 sidebar.table.rowsBuild items=18
22:38:21.346 #1432 sidebar.row.titlePaint workspace=7AB3E57F title=<redacted:3b>
22:38:21.347 #1433 sidebar.row.titlePaint workspace=9BB39338 title=<redacted:16b>
22:38:21.347 #1434 sidebar.row.titlePaint workspace=88E0CB7B title=<redacted:16b>
22:38:21.347 #1435 sidebar.row.titlePaint workspace=5C2DF2DB title=<redacted:16b>
22:38:21.347 #1436 sidebar.row.titlePaint workspace=2AE567F7 title=<redacted:16b>
22:38:21.347 #1437 sidebar.row.titlePaint workspace=BB3C48A9 title=<redacted:16b>
22:38:21.348 #1438 sidebar.row.titlePaint workspace=12B9D223 title=<redacted:16b>
22:38:21.348 #1439 sidebar.row.titlePaint workspace=CC803048 title=<redacted:16b>
22:38:21.348 #1440 sidebar.row.titlePaint workspace=021AC524 title=<redacted:16b>
22:38:21.348 #1441 sidebar.row.titlePaint workspace=0220BA90 title=<redacted:15b>
22:38:21.348 #1442 sidebar.row.titlePaint workspace=A9442F6F title=<redacted:15b>
22:38:21.348 #1443 sidebar.row.titlePaint workspace=C0EB2E56 title=<redacted:15b>
22:38:21.348 #1444 sidebar.row.titlePaint workspace=481B3CBD title=<redacted:15b>
22:38:21.348 #1445 sidebar.row.titlePaint workspace=D6AF905C title=<redacted:15b>
22:38:21.349 #1446 sidebar.row.titlePaint workspace=DE713FA3 title=<redacted:15b>
22:38:21.349 #1447 sidebar.row.titlePaint workspace=5A8310B9 title=<redacted:15b>
22:38:21.349 #1448 sidebar.row.titlePaint workspace=BE9B10CB title=<redacted:15b>
22:38:21.349 #1449 sidebar.row.titlePaint workspace=0786EE66 title=<redacted:15b>
22:38:21.350 #1450 sidebar.table.apply structural=1 contentChanges=17 rows=18
22:38:21.387 #1451 sidebar.row.titlePaint workspace=7AB3E57F title=<redacted:3b>
22:38:21.389 #1452 sidebar.row.titlePaint workspace=9BB39338 title=<redacted:16b>
22:38:21.391 #1453 sidebar.row.titlePaint workspace=88E0CB7B title=<redacted:16b>
22:38:21.393 #1454 sidebar.row.titlePaint workspace=5C2DF2DB title=<redacted:16b>
22:38:21.395 #1455 sidebar.row.titlePaint workspace=2AE567F7 title=<redacted:16b>
22:38:21.398 #1456 sidebar.row.titlePaint workspace=BB3C48A9 title=<redacted:16b>
22:38:21.399 #1457 sidebar.row.titlePaint workspace=12B9D223 title=<redacted:16b>
22:38:21.401 #1458 sidebar.row.titlePaint workspace=CC803048 title=<redacted:16b>
22:38:21.403 #1459 sidebar.row.titlePaint workspace=021AC524 title=<redacted:16b>
22:38:21.405 #1460 sidebar.row.titlePaint workspace=0220BA90 title=<redacted:15b>
22:38:21.407 #1461 sidebar.row.titlePaint workspace=A9442F6F title=<redacted:15b>
22:38:21.409 #1462 sidebar.row.titlePaint workspace=C0EB2E56 title=<redacted:15b>
22:38:21.411 #1463 sidebar.row.titlePaint workspace=481B3CBD title=<redacted:15b>
22:38:21.412 #1464 sidebar.row.titlePaint workspace=D6AF905C title=<redacted:15b>
22:38:21.460 #1465 surface.socket_input.queue surface=C310B3CB items=3 keys=0 bytes=142
22:38:21.460 #1466 notification.queue.drain batch=4 remaining=0 firstSeq=115 lastSeq=119
22:38:21.460 #1467 surface.shellState workspace=88E0C panel=31BFD from=unknown to=commandRunning
22:38:21.461 #1468 workspace.backgroundPrime.start workspace=9BB39
22:38:21.468 #1469 sidebar.table.rowsBuild items=18
22:38:21.490 #1470 surface.view.windowMove surface=C310B inWindow=1 bounds=800.0x600.0 pending=800.0x600.0
22:38:21.490 #1471 surface.attach surface=C310B view=0x0000000beb7f6300 attached=1 hasSurface=0 inWindow=1
22:38:21.490 #1472 surface.attach.create surface=C310B inWindow=1
22:38:21.490 #1473 surface.attach.create.done surface=C310B hasSurface=0
22:38:21.490 #1474 surface.size.resume surface=C310B size=800.0x600.0 backing=800.0x600.0
22:38:21.491 #1475 ws.term.active id=1 dt=3779.46ms surface=C310B transition=1->0 active=0 visibleFlag=0 hostHidden=1 surfaceHidden=0 hiddenHierarchy=1 inWindow=0 hasSuperview=1 bounds=800.0x600.0 frame=800.0x600.0 firstResponder=nil
22:38:21.491 #1476 surface.headless_window.adopt surface=C310B3CB reason=input-demand window=ObjectIdentifier(0x0000000bdf140280)
22:38:21.491 #1477 surface.headless_window.create surface=C310B3CB reason=input-demand window=ObjectIdentifier(0x0000000bdf140280)
22:38:21.491 #1478 surface.attach surface=C310B view=0x0000000beb7f6300 attached=1 hasSurface=0 inWindow=1
22:38:21.491 #1479 surface.attach.create surface=C310B inWindow=1
22:38:21.491 #1480 surface.attach.create.done surface=C310B hasSurface=0
22:38:21.491 #1481 surface.background_start surface=C310B3CB inWindow=1 ready=0 source=inputDemand ms=2.27
22:38:21.493 #1482 notification.queue.drain batch=1 remaining=0 firstSeq=120 lastSeq=120
22:38:21.499 #1483 workspace.gitProbe.apply workspace=9BB39 panel=C310B branch=none dirty=0 pr=none
22:38:21.500 #1484 zoom.create surface=C310B context=<redacted:40b>
22:38:21.503 #1485 surface.size.apply surface=C310B3CB caller=runtime.create.initial grid=99x35->99x35 pixels=800x600->800x600 target=800x600
22:38:21.503 #1486 surface.socket_input.flush surface=C310B3CB items=3 keys=0 bytes=142
22:38:21.503 #1487 zoom.create.done surface=C310B context=<redacted:21b>
22:38:21.503 #1488 ws.mount.reconcile id=1 dt=3791.68ms hot=0 selected=7AB3E mounted=[7AB3E,9BB39] added=[9BB39] removed=[]
22:38:21.521 #1489 sidebar.table.rowsBuild items=18
22:38:21.538 #1490 sidebar.table.rowsBuild items=18
22:38:21.562 #1491 ws.swiftui.update id=1 dt=3850.41ms surface=C310B visible=0 active=0 z=0 hostWindow=0 hostedWindow=1 hostedSuperview=1
22:38:21.562 #1492 ws.hostState.deferBind surface=C310B reason=hostNoWindow visible=0 active=0 z=0 hostedWindow=1 hostedSuperview=1
22:38:21.571 #1493 ws.hostState.rebindOnGeometry surface=C310B reason=portalEntryMissing visible=0 active=0 z=0
22:38:21.581 #1494 terminal.portal.host.claim surface=C310B reason=geometryChanged host=ObjectIdentifier(0x0000000beb04fc00) pane=1A0E2 inWin=1 size=760.0x644.0 replacingHost=nil
22:38:21.582 #1495 portal.bind hosted=0x0000000beb7f7700 anchor=0x0000000beb04fc00 prevAnchor=nil visible=0 prevVisible=0 z=0 prevZ=-9223372036854775808
22:38:21.582 #1496 surface.size.apply surface=C310B3CB caller=layout() grid=99x35->94x37 pixels=800x600->760x644 target=760x644
22:38:21.582 #1497 portal.reparent hosted=0x0000000beb7f7700 reason=attach super=0x0000000bdf140a00
22:38:21.583 #1498 surface.view.windowMove surface=C310B inWindow=1 bounds=760.0x644.0 pending=760.0x644.0
22:38:21.583 #1499 surface.attach surface=C310B view=0x0000000beb7f6300 attached=1 hasSurface=1 inWindow=1
22:38:21.583 #1500 surface.headless_window.release surface=C310B3CB realWindow=ObjectIdentifier(0x0000000be7f96800)
22:38:21.583 #1501 surface.attach.reuse surface=C310B view=0x0000000beb7f6300
22:38:21.584 #1502 portal.bonsplit.container hosted=0x0000000beb7f7700 class=_TtGC7SwiftUI13NSHostingViewGV8Bonsplit17PaneContainerViewGVS_19_ConditionalContentGS3_GVS_15ModifiedContentV8cmux_DEV31RemoteTmuxWindowMirrorSplitViewVS_P10$232f25d3018TapGestureModifier_GS4_VS5_P10$12e2170f829WorkspacePanelContentHostViewS7___VS5_14EmptyPanelView_GS4_S9_S7____ frame=240.0,0.0 760.0x672.0 host=0.0,0.0 1000.0x700.0 anchor=240.0,0.0 760.0x644.0
22:38:21.588 #1503 workspace.backgroundPrime.finish workspace=9BB39 reason=no_surface_work ms=127.75
22:38:21.594 #1504 surface.attach surface=9D69D view=0x0000000beb7f4a00 attached=0 hasSurface=0 inWindow=0
22:38:21.594 #1505 surface.attach.defer surface=9D69D reason=noWindow bounds=800.0x600.0
22:38:21.594 #1506 surface.size.defer surface=9D69D reason=noWindow size=800.0x600.0
22:38:21.594 #1507 focus.bonsplit pane=83F86
22:38:21.594 #1508 focus.split.apply.begin workspace=D1FD4 pane=83F86 tab=8EC89 focusedPane=83F86 selectedTab=8EC89 reassert=1
22:38:21.594 #1509 find.preparePanelFocusIntent surface=9D69D target=terminal
22:38:21.594 #1510 find.preparePanelFocusIntent surface=9D69D target=terminal
22:38:21.594 #1511 focus.split.moveFocus workspace=D1FD4 panel=9D69D previousExists=0 to=9D69D
22:38:21.594 #1512 find.moveFocus to=9D69D from=nil searchState=nil delayMs=0
22:38:21.594 #1513 focus.split.ensureFocus workspace=D1FD4 panel=9D69D pane=83F86 tab=8EC89 intent=terminal(cmux_DEV.TerminalPanelFocusIntent.surface)
22:38:21.595 #1514 focus.split.apply.end workspace=D1FD4 panel=9D69D type=TerminalPanel focusedPane=83F86 selectedTab=8EC89 prevPanel=9D69D
22:38:21.595 #1515 focus.bonsplit pane=83F86
22:38:21.595 #1516 focus.split.apply.begin workspace=D1FD4 pane=83F86 tab=8EC89 focusedPane=83F86 selectedTab=8EC89 reassert=1
22:38:21.595 #1517 find.preparePanelFocusIntent surface=9D69D target=terminal
22:38:21.595 #1518 find.preparePanelFocusIntent surface=9D69D target=terminal
22:38:21.595 #1519 focus.split.moveFocus workspace=D1FD4 panel=9D69D previousExists=0 to=9D69D
22:38:21.595 #1520 find.moveFocus to=9D69D from=nil searchState=nil delayMs=0
22:38:21.595 #1521 focus.split.ensureFocus workspace=D1FD4 panel=9D69D pane=83F86 tab=8EC89 intent=terminal(cmux_DEV.TerminalPanelFocusIntent.surface)
22:38:21.595 #1522 focus.split.apply.end workspace=D1FD4 panel=9D69D type=TerminalPanel focusedPane=83F86 selectedTab=8EC89 prevPanel=9D69D
22:38:21.595 #1523 workspace.customTitle.write workspace=D1FD40D4 source=user title=<redacted:16b>
22:38:21.597 #1524 ws.term.visible id=1 dt=3885.23ms surface=9D69D transition=1->0 active=1 visibleFlag=0 hostHidden=1 surfaceHidden=0 hiddenHierarchy=1 inWindow=0 hasSuperview=0 bounds=0.0x0.0 frame=0.0x0.0 firstResponder=nil
22:38:21.597 #1525 portal.hideEntry hosted=0x0000000beb7f7700 reason=workspaceUnmount
22:38:21.597 #1526 ws.mount.reconcile id=1 dt=3885.36ms hot=0 selected=7AB3E mounted=[7AB3E] added=[] removed=[9BB39]
22:38:21.597 #1527 workspace.gitProbe.schedule workspace=D1FD4 panel=9D69D dir=<redacted:11b> reason=initial
22:38:21.597 #1528 workspace.customDescription.update workspace=D1FD40D4 inputLen=0 inputNewlines=0 normalizedLen=0 normalizedNewlines=0 input=<redacted:22b>
22:38:21.598 #1529 notification.queue.drain batch=4 remaining=0 firstSeq=122 lastSeq=126
22:38:21.599 #1530 surface.shellState workspace=9BB39 panel=C310B from=unknown to=commandRunning
22:38:21.599 #1531 workspace.title.updatePanel workspace=CC803 panel=F6215 panels=1 custom=1 panelChanged=1 workspaceChanged=0 title=<redacted:9b>
22:38:21.599 #1532 workspace.title.updatePanel workspace=021AC panel=57A67 panels=1 custom=1 panelChanged=1 workspaceChanged=0 title=<redacted:9b>
22:38:21.599 #1533 workspace.title.updatePanel workspace=12B9D panel=6D7A1 panels=1 custom=1 panelChanged=1 workspaceChanged=0 title=<redacted:9b>
22:38:21.599 #1534 workspace.title.updatePanel workspace=C0EB2 panel=D628C panels=1 custom=1 panelChanged=1 workspaceChanged=0 title=<redacted:9b>
22:38:21.599 #1535 workspace.title.updatePanel workspace=0220B panel=BBF17 panels=1 custom=1 panelChanged=1 workspaceChanged=0 title=<redacted:9b>
22:38:21.599 #1536 workspace.title.updatePanel workspace=A9442 panel=137C2 panels=1 custom=1 panelChanged=1 workspaceChanged=0 title=<redacted:9b>
22:38:21.606 #1537 sidebar.table.rowsBuild items=19
22:38:21.625 #1538 ws.swiftui.dismantle id=1 dt=3913.55ms surface=C310B inWindow=1
22:38:21.625 #1539 terminal.portal.host.authorityCleared surface=C310B host=ObjectIdentifier(0x0000000beb04fc00) pane=1A0E2 generation=1 serial=8
22:38:21.625 #1540 terminal.portal.host.rearm surface=C310B reason=dismantle host=ObjectIdentifier(0x0000000beb04fc00) pane=1A0E2 area=489440.0
22:38:21.632 #1541 portal.detach hosted=0x0000000beb7f7700 anchor=0x0000000beb04fc00 hadSuperview=1
22:38:21.632 #1542 surface.view.windowMove surface=C310B inWindow=0 bounds=760.0x644.0 pending=760.0x644.0
22:38:21.633 #1543 portal.bonsplit.container hosted=0x0000000be9451e00 class=_TtGC7SwiftUI13NSHostingViewGV8Bonsplit17PaneContainerViewGVS_19_ConditionalContentGS3_GVS_15ModifiedContentV8cmux_DEV31RemoteTmuxWindowMirrorSplitViewVS_P10$232f25d3018TapGestureModifier_GS4_VS5_P10$12e2170f829WorkspacePanelContentHostViewS7___VS5_14EmptyPanelView_GS4_S9_S7____ frame=240.0,0.0 760.0x672.0 host=0.0,0.0 1000.0x700.0 anchor=240.0,0.0 760.0x644.0
22:38:21.635 #1544 sidebar.row.titlePaint workspace=7AB3E57F title=<redacted:3b>
22:38:21.635 #1545 sidebar.row.titlePaint workspace=D1FD40D4 title=<redacted:16b>
22:38:21.636 #1546 sidebar.row.titlePaint workspace=9BB39338 title=<redacted:16b>
22:38:21.636 #1547 sidebar.row.titlePaint workspace=88E0CB7B title=<redacted:16b>
22:38:21.636 #1548 sidebar.row.titlePaint workspace=5C2DF2DB title=<redacted:16b>
22:38:21.636 #1549 sidebar.row.titlePaint workspace=2AE567F7 title=<redacted:16b>
22:38:21.636 #1550 sidebar.row.titlePaint workspace=BB3C48A9 title=<redacted:16b>
22:38:21.636 #1551 sidebar.row.titlePaint workspace=12B9D223 title=<redacted:16b>
22:38:21.636 #1552 sidebar.row.titlePaint workspace=CC803048 title=<redacted:16b>
22:38:21.636 #1553 sidebar.row.titlePaint workspace=021AC524 title=<redacted:16b>
22:38:21.637 #1554 sidebar.row.titlePaint workspace=0220BA90 title=<redacted:15b>
22:38:21.637 #1555 sidebar.row.titlePaint workspace=A9442F6F title=<redacted:15b>
22:38:21.637 #1556 sidebar.row.titlePaint workspace=C0EB2E56 title=<redacted:15b>
22:38:21.637 #1557 sidebar.row.titlePaint workspace=481B3CBD title=<redacted:15b>
22:38:21.637 #1558 sidebar.row.titlePaint workspace=D6AF905C title=<redacted:15b>
22:38:21.637 #1559 sidebar.row.titlePaint workspace=DE713FA3 title=<redacted:15b>
22:38:21.637 #1560 sidebar.row.titlePaint workspace=5A8310B9 title=<redacted:15b>
22:38:21.637 #1561 sidebar.row.titlePaint workspace=BE9B10CB title=<redacted:15b>
22:38:21.637 #1562 sidebar.row.titlePaint workspace=0786EE66 title=<redacted:15b>
22:38:21.638 #1563 sidebar.table.apply structural=1 contentChanges=18 rows=19
22:38:21.676 #1564 sidebar.row.titlePaint workspace=7AB3E57F title=<redacted:3b>
22:38:21.678 #1565 sidebar.row.titlePaint workspace=D1FD40D4 title=<redacted:16b>
22:38:21.681 #1566 sidebar.row.titlePaint workspace=9BB39338 title=<redacted:16b>
22:38:21.683 #1567 sidebar.row.titlePaint workspace=88E0CB7B title=<redacted:16b>
22:38:21.685 #1568 sidebar.row.titlePaint workspace=5C2DF2DB title=<redacted:16b>
22:38:21.686 #1569 sidebar.row.titlePaint workspace=2AE567F7 title=<redacted:16b>
22:38:21.688 #1570 sidebar.row.titlePaint workspace=BB3C48A9 title=<redacted:16b>
22:38:21.690 #1571 sidebar.row.titlePaint workspace=12B9D223 title=<redacted:16b>
22:38:21.692 #1572 sidebar.row.titlePaint workspace=CC803048 title=<redacted:16b>
22:38:21.694 #1573 sidebar.row.titlePaint workspace=021AC524 title=<redacted:16b>
22:38:21.696 #1574 sidebar.row.titlePaint workspace=0220BA90 title=<redacted:15b>
22:38:21.698 #1575 sidebar.row.titlePaint workspace=A9442F6F title=<redacted:15b>
22:38:21.700 #1576 sidebar.row.titlePaint workspace=C0EB2E56 title=<redacted:15b>
22:38:21.701 #1577 sidebar.row.titlePaint workspace=481B3CBD title=<redacted:15b>
22:38:21.749 #1578 surface.size.defer surface=C310B reason=noWindow size=760.0x644.0
22:38:21.750 #1579 paneMemGuard.scan panes=19 maxMB=0 thresholdMB=8192 warned=0 scope=1
22:38:21.751 #1580 surface.socket_input.queue surface=9D69DFAA items=3 keys=0 bytes=142
22:38:21.751 #1581 notification.queue.drain batch=1 remaining=0 firstSeq=127 lastSeq=127
22:38:21.757 #1582 surface.view.windowMove surface=9D69D inWindow=1 bounds=800.0x600.0 pending=800.0x600.0
22:38:21.757 #1583 surface.attach surface=9D69D view=0x0000000beb7f4a00 attached=1 hasSurface=0 inWindow=1
22:38:21.757 #1584 surface.attach.create surface=9D69D inWindow=1
22:38:21.757 #1585 surface.attach.create.done surface=9D69D hasSurface=0
22:38:21.757 #1586 surface.size.resume surface=9D69D size=800.0x600.0 backing=800.0x600.0
22:38:21.758 #1587 ws.term.active id=1 dt=4046.28ms surface=9D69D transition=1->0 active=0 visibleFlag=0 hostHidden=1 surfaceHidden=0 hiddenHierarchy=1 inWindow=0 hasSuperview=1 bounds=800.0x600.0 frame=800.0x600.0 firstResponder=nil
22:38:21.758 #1588 surface.headless_window.adopt surface=9D69DFAA reason=input-demand window=ObjectIdentifier(0x0000000be21d7200)
22:38:21.758 #1589 surface.headless_window.create surface=9D69DFAA reason=input-demand window=ObjectIdentifier(0x0000000be21d7200)
22:38:21.758 #1590 surface.attach surface=9D69D view=0x0000000beb7f4a00 attached=1 hasSurface=0 inWindow=1
22:38:21.758 #1591 surface.attach.create surface=9D69D inWindow=1
22:38:21.758 #1592 surface.attach.create.done surface=9D69D hasSurface=0
22:38:21.758 #1593 surface.background_start surface=9D69DFAA inWindow=1 ready=0 source=inputDemand ms=2.24
22:38:21.763 #1594 workspace.gitProbe.apply workspace=D1FD4 panel=9D69D branch=none dirty=0 pr=none
22:38:21.763 #1595 zoom.create surface=9D69D context=<redacted:40b>
22:38:21.766 #1596 surface.size.apply surface=9D69DFAA caller=runtime.create.initial grid=99x35->99x35 pixels=800x600->800x600 target=800x600
22:38:21.766 #1597 surface.socket_input.flush surface=9D69DFAA items=3 keys=0 bytes=142
22:38:21.766 #1598 zoom.create.done surface=9D69D context=<redacted:21b>
22:38:21.802 #1599 surface.attach surface=E983A view=0x0000000bebbf7200 attached=0 hasSurface=0 inWindow=0
22:38:21.802 #1600 surface.attach.defer surface=E983A reason=noWindow bounds=800.0x600.0
22:38:21.802 #1601 surface.size.defer surface=E983A reason=noWindow size=800.0x600.0
22:38:21.803 #1602 focus.bonsplit pane=E64A0
22:38:21.803 #1603 focus.split.apply.begin workspace=545B7 pane=E64A0 tab=094F4 focusedPane=E64A0 selectedTab=094F4 reassert=1
22:38:21.803 #1604 find.preparePanelFocusIntent surface=E983A target=terminal
22:38:21.803 #1605 find.preparePanelFocusIntent surface=E983A target=terminal
22:38:21.803 #1606 focus.split.moveFocus workspace=545B7 panel=E983A previousExists=0 to=E983A
22:38:21.803 #1607 find.moveFocus to=E983A from=nil searchState=nil delayMs=0
22:38:21.803 #1608 focus.split.ensureFocus workspace=545B7 panel=E983A pane=E64A0 tab=094F4 intent=terminal(cmux_DEV.TerminalPanelFocusIntent.surface)
22:38:21.803 #1609 focus.split.apply.end workspace=545B7 panel=E983A type=TerminalPanel focusedPane=E64A0 selectedTab=094F4 prevPanel=E983A
22:38:21.804 #1610 focus.bonsplit pane=E64A0
22:38:21.804 #1611 focus.split.apply.begin workspace=545B7 pane=E64A0 tab=094F4 focusedPane=E64A0 selectedTab=094F4 reassert=1
22:38:21.804 #1612 find.preparePanelFocusIntent surface=E983A target=terminal
22:38:21.804 #1613 find.preparePanelFocusIntent surface=E983A target=terminal
22:38:21.804 #1614 focus.split.moveFocus workspace=545B7 panel=E983A previousExists=0 to=E983A
22:38:21.804 #1615 find.moveFocus to=E983A from=nil searchState=nil delayMs=0
22:38:21.804 #1616 focus.split.ensureFocus workspace=545B7 panel=E983A pane=E64A0 tab=094F4 intent=terminal(cmux_DEV.TerminalPanelFocusIntent.surface)
22:38:21.804 #1617 focus.split.apply.end workspace=545B7 panel=E983A type=TerminalPanel focusedPane=E64A0 selectedTab=094F4 prevPanel=E983A
22:38:21.804 #1618 workspace.customTitle.write workspace=545B7176 source=user title=<redacted:16b>
22:38:21.805 #1619 ws.term.visible id=1 dt=4093.85ms surface=E983A transition=1->0 active=1 visibleFlag=0 hostHidden=1 surfaceHidden=0 hiddenHierarchy=1 inWindow=0 hasSuperview=0 bounds=0.0x0.0 frame=0.0x0.0 firstResponder=nil
22:38:21.805 #1620 workspace.gitProbe.schedule workspace=545B7 panel=E983A dir=<redacted:11b> reason=initial
22:38:21.806 #1621 workspace.customDescription.update workspace=545B7176 inputLen=0 inputNewlines=0 normalizedLen=0 normalizedNewlines=0 input=<redacted:22b>
22:38:21.814 #1622 sidebar.table.rowsBuild items=20
22:38:21.843 #1623 sidebar.row.titlePaint workspace=7AB3E57F title=<redacted:3b>
22:38:21.843 #1624 sidebar.row.titlePaint workspace=545B7176 title=<redacted:16b>
22:38:21.843 #1625 sidebar.row.titlePaint workspace=D1FD40D4 title=<redacted:16b>
22:38:21.843 #1626 sidebar.row.titlePaint workspace=9BB39338 title=<redacted:16b>
22:38:21.844 #1627 sidebar.row.titlePaint workspace=88E0CB7B title=<redacted:16b>
22:38:21.844 #1628 sidebar.row.titlePaint workspace=5C2DF2DB title=<redacted:16b>
22:38:21.844 #1629 sidebar.row.titlePaint workspace=2AE567F7 title=<redacted:16b>
22:38:21.844 #1630 sidebar.row.titlePaint workspace=BB3C48A9 title=<redacted:16b>
22:38:21.844 #1631 sidebar.row.titlePaint workspace=12B9D223 title=<redacted:16b>
22:38:21.844 #1632 sidebar.row.titlePaint workspace=CC803048 title=<redacted:16b>
22:38:21.844 #1633 sidebar.row.titlePaint workspace=021AC524 title=<redacted:16b>
22:38:21.844 #1634 sidebar.row.titlePaint workspace=0220BA90 title=<redacted:15b>
22:38:21.844 #1635 sidebar.row.titlePaint workspace=A9442F6F title=<redacted:15b>
22:38:21.845 #1636 sidebar.row.titlePaint workspace=C0EB2E56 title=<redacted:15b>
22:38:21.845 #1637 sidebar.row.titlePaint workspace=481B3CBD title=<redacted:15b>
22:38:21.845 #1638 sidebar.row.titlePaint workspace=D6AF905C title=<redacted:15b>
22:38:21.845 #1639 sidebar.row.titlePaint workspace=DE713FA3 title=<redacted:15b>
22:38:21.845 #1640 sidebar.row.titlePaint workspace=5A8310B9 title=<redacted:15b>
22:38:21.845 #1641 sidebar.row.titlePaint workspace=BE9B10CB title=<redacted:15b>
22:38:21.845 #1642 sidebar.row.titlePaint workspace=0786EE66 title=<redacted:15b>
22:38:21.845 #1643 sidebar.table.apply structural=1 contentChanges=19 rows=20
22:38:21.879 #1644 sidebar.row.titlePaint workspace=7AB3E57F title=<redacted:3b>
22:38:21.881 #1645 sidebar.row.titlePaint workspace=545B7176 title=<redacted:16b>
22:38:21.883 #1646 sidebar.row.titlePaint workspace=D1FD40D4 title=<redacted:16b>
22:38:21.885 #1647 sidebar.row.titlePaint workspace=9BB39338 title=<redacted:16b>
22:38:21.887 #1648 sidebar.row.titlePaint workspace=88E0CB7B title=<redacted:16b>
22:38:21.889 #1649 sidebar.row.titlePaint workspace=5C2DF2DB title=<redacted:16b>
22:38:21.891 #1650 sidebar.row.titlePaint workspace=2AE567F7 title=<redacted:16b>
22:38:21.893 #1651 sidebar.row.titlePaint workspace=BB3C48A9 title=<redacted:16b>
22:38:21.895 #1652 sidebar.row.titlePaint workspace=12B9D223 title=<redacted:16b>
22:38:21.896 #1653 sidebar.row.titlePaint workspace=CC803048 title=<redacted:16b>
22:38:21.898 #1654 sidebar.row.titlePaint workspace=021AC524 title=<redacted:16b>
22:38:21.900 #1655 sidebar.row.titlePaint workspace=0220BA90 title=<redacted:15b>
22:38:21.902 #1656 sidebar.row.titlePaint workspace=A9442F6F title=<redacted:15b>
22:38:21.904 #1657 sidebar.row.titlePaint workspace=C0EB2E56 title=<redacted:15b>
22:38:21.956 #1658 surface.socket_input.queue surface=E983AC67 items=3 keys=0 bytes=142
22:38:21.956 #1659 notification.queue.drain batch=4 remaining=0 firstSeq=129 lastSeq=133
22:38:21.957 #1660 surface.shellState workspace=D1FD4 panel=9D69D from=unknown to=commandRunning
22:38:21.957 #1661 workspace.backgroundPrime.start workspace=545B7
22:38:21.965 #1662 sidebar.table.rowsBuild items=20
22:38:21.987 #1663 surface.view.windowMove surface=E983A inWindow=1 bounds=800.0x600.0 pending=800.0x600.0
22:38:21.987 #1664 surface.attach surface=E983A view=0x0000000bebbf7200 attached=1 hasSurface=0 inWindow=1
22:38:21.987 #1665 surface.attach.create surface=E983A inWindow=1
22:38:21.987 #1666 surface.attach.create.done surface=E983A hasSurface=0
22:38:21.987 #1667 surface.size.resume surface=E983A size=800.0x600.0 backing=800.0x600.0
22:38:21.988 #1668 ws.term.active id=1 dt=4276.44ms surface=E983A transition=1->0 active=0 visibleFlag=0 hostHidden=1 surfaceHidden=0 hiddenHierarchy=1 inWindow=0 hasSuperview=1 bounds=800.0x600.0 frame=800.0x600.0 firstResponder=nil
22:38:21.988 #1669 surface.headless_window.adopt surface=E983AC67 reason=input-demand window=ObjectIdentifier(0x0000000bde5f9e00)
22:38:21.988 #1670 surface.headless_window.create surface=E983AC67 reason=input-demand window=ObjectIdentifier(0x0000000bde5f9e00)
22:38:21.988 #1671 surface.attach surface=E983A view=0x0000000bebbf7200 attached=1 hasSurface=0 inWindow=1
22:38:21.988 #1672 surface.attach.create surface=E983A inWindow=1
22:38:21.988 #1673 surface.attach.create.done surface=E983A hasSurface=0
22:38:21.988 #1674 surface.background_start surface=E983AC67 inWindow=1 ready=0 source=inputDemand ms=2.68
22:38:21.989 #1675 notification.queue.drain batch=1 remaining=0 firstSeq=134 lastSeq=134
22:38:21.994 #1676 workspace.gitProbe.apply workspace=545B7 panel=E983A branch=none dirty=0 pr=none
22:38:21.994 #1677 zoom.create surface=E983A context=<redacted:40b>
22:38:21.997 #1678 surface.size.apply surface=E983AC67 caller=runtime.create.initial grid=99x35->99x35 pixels=800x600->800x600 target=800x600
22:38:21.997 #1679 surface.socket_input.flush surface=E983AC67 items=3 keys=0 bytes=142
22:38:21.997 #1680 zoom.create.done surface=E983A context=<redacted:21b>
22:38:22.003 #1681 ws.mount.reconcile id=1 dt=4291.43ms hot=0 selected=7AB3E mounted=[7AB3E,545B7] added=[545B7] removed=[]
22:38:22.014 #1682 sidebar.table.rowsBuild items=20
22:38:22.032 #1683 sidebar.table.rowsBuild items=20
22:38:22.058 #1684 ws.swiftui.update id=1 dt=4346.71ms surface=E983A visible=0 active=0 z=0 hostWindow=0 hostedWindow=1 hostedSuperview=1
22:38:22.058 #1685 ws.hostState.deferBind surface=E983A reason=hostNoWindow visible=0 active=0 z=0 hostedWindow=1 hostedSuperview=1
22:38:22.067 #1686 ws.hostState.rebindOnGeometry surface=E983A reason=portalEntryMissing visible=0 active=0 z=0
22:38:22.080 #1687 terminal.portal.host.claim surface=E983A reason=geometryChanged host=ObjectIdentifier(0x0000000beb056700) pane=E64A0 inWin=1 size=760.0x644.0 replacingHost=nil
22:38:22.080 #1688 portal.bind hosted=0x0000000bebbf7700 anchor=0x0000000beb056700 prevAnchor=nil visible=0 prevVisible=0 z=0 prevZ=-9223372036854775808
22:38:22.080 #1689 surface.size.apply surface=E983AC67 caller=layout() grid=99x35->94x37 pixels=800x600->760x644 target=760x644
22:38:22.080 #1690 portal.reparent hosted=0x0000000bebbf7700 reason=attach super=0x0000000bde5fa580
22:38:22.081 #1691 surface.view.windowMove surface=E983A inWindow=1 bounds=760.0x644.0 pending=760.0x644.0
22:38:22.081 #1692 surface.attach surface=E983A view=0x0000000bebbf7200 attached=1 hasSurface=1 inWindow=1
22:38:22.081 #1693 surface.headless_window.release surface=E983AC67 realWindow=ObjectIdentifier(0x0000000be7f96800)
22:38:22.081 #1694 surface.attach.reuse surface=E983A view=0x0000000bebbf7200
22:38:22.081 #1695 portal.bonsplit.container hosted=0x0000000bebbf7700 class=_TtGC7SwiftUI13NSHostingViewGV8Bonsplit17PaneContainerViewGVS_19_ConditionalContentGS3_GVS_15ModifiedContentV8cmux_DEV31RemoteTmuxWindowMirrorSplitViewVS_P10$232f25d3018TapGestureModifier_GS4_VS5_P10$12e2170f829WorkspacePanelContentHostViewS7___VS5_14EmptyPanelView_GS4_S9_S7____ frame=240.0,0.0 760.0x672.0 host=0.0,0.0 1000.0x700.0 anchor=240.0,0.0 760.0x644.0
22:38:22.086 #1696 workspace.backgroundPrime.finish workspace=545B7 reason=no_surface_work ms=128.53
22:38:22.090 #1697 surface.attach surface=06DEB view=0x0000000beb429e00 attached=0 hasSurface=0 inWindow=0
22:38:22.090 #1698 surface.attach.defer surface=06DEB reason=noWindow bounds=800.0x600.0
22:38:22.090 #1699 surface.size.defer surface=06DEB reason=noWindow size=800.0x600.0
22:38:22.091 #1700 focus.bonsplit pane=31569
22:38:22.091 #1701 focus.split.apply.begin workspace=61B73 pane=31569 tab=189AB focusedPane=31569 selectedTab=189AB reassert=1
22:38:22.091 #1702 find.preparePanelFocusIntent surface=06DEB target=terminal
22:38:22.091 #1703 find.preparePanelFocusIntent surface=06DEB target=terminal
22:38:22.091 #1704 focus.split.moveFocus workspace=61B73 panel=06DEB previousExists=0 to=06DEB
22:38:22.091 #1705 find.moveFocus to=06DEB from=nil searchState=nil delayMs=0
22:38:22.091 #1706 focus.split.ensureFocus workspace=61B73 panel=06DEB pane=31569 tab=189AB intent=terminal(cmux_DEV.TerminalPanelFocusIntent.surface)
22:38:22.091 #1707 focus.split.apply.end workspace=61B73 panel=06DEB type=TerminalPanel focusedPane=31569 selectedTab=189AB prevPanel=06DEB
22:38:22.092 #1708 focus.bonsplit pane=31569
22:38:22.092 #1709 focus.split.apply.begin workspace=61B73 pane=31569 tab=189AB focusedPane=31569 selectedTab=189AB reassert=1
22:38:22.092 #1710 find.preparePanelFocusIntent surface=06DEB target=terminal
22:38:22.092 #1711 find.preparePanelFocusIntent surface=06DEB target=terminal
22:38:22.092 #1712 focus.split.moveFocus workspace=61B73 panel=06DEB previousExists=0 to=06DEB
22:38:22.092 #1713 find.moveFocus to=06DEB from=nil searchState=nil delayMs=0
22:38:22.092 #1714 focus.split.ensureFocus workspace=61B73 panel=06DEB pane=31569 tab=189AB intent=terminal(cmux_DEV.TerminalPanelFocusIntent.surface)
22:38:22.092 #1715 focus.split.apply.end workspace=61B73 panel=06DEB type=TerminalPanel focusedPane=31569 selectedTab=189AB prevPanel=06DEB
22:38:22.092 #1716 workspace.customTitle.write workspace=61B7357D source=user title=<redacted:16b>
22:38:22.093 #1717 ws.term.visible id=1 dt=4381.77ms surface=06DEB transition=1->0 active=1 visibleFlag=0 hostHidden=1 surfaceHidden=0 hiddenHierarchy=1 inWindow=0 hasSuperview=0 bounds=0.0x0.0 frame=0.0x0.0 firstResponder=nil
22:38:22.093 #1718 portal.hideEntry hosted=0x0000000bebbf7700 reason=workspaceUnmount
22:38:22.093 #1719 ws.mount.reconcile id=1 dt=4381.91ms hot=0 selected=7AB3E mounted=[7AB3E] added=[] removed=[545B7]
22:38:22.093 #1720 workspace.gitProbe.schedule workspace=61B73 panel=06DEB dir=<redacted:11b> reason=initial
22:38:22.094 #1721 workspace.customDescription.update workspace=61B7357D inputLen=0 inputNewlines=0 normalizedLen=0 normalizedNewlines=0 input=<redacted:22b>
22:38:22.094 #1722 notification.queue.drain batch=4 remaining=0 firstSeq=136 lastSeq=140
22:38:22.095 #1723 surface.shellState workspace=545B7 panel=E983A from=unknown to=commandRunning
22:38:22.103 #1724 sidebar.table.rowsBuild items=21
22:38:22.122 #1725 ws.swiftui.dismantle id=1 dt=4411.01ms surface=E983A inWindow=1
22:38:22.122 #1726 terminal.portal.host.authorityCleared surface=E983A host=ObjectIdentifier(0x0000000beb056700) pane=E64A0 generation=1 serial=9
22:38:22.122 #1727 terminal.portal.host.rearm surface=E983A reason=dismantle host=ObjectIdentifier(0x0000000beb056700) pane=E64A0 area=489440.0
22:38:22.130 #1728 portal.detach hosted=0x0000000bebbf7700 anchor=0x0000000beb056700 hadSuperview=1
22:38:22.130 #1729 surface.view.windowMove surface=E983A inWindow=0 bounds=760.0x644.0 pending=760.0x644.0
22:38:22.131 #1730 portal.bonsplit.container hosted=0x0000000be9451e00 class=_TtGC7SwiftUI13NSHostingViewGV8Bonsplit17PaneContainerViewGVS_19_ConditionalContentGS3_GVS_15ModifiedContentV8cmux_DEV31RemoteTmuxWindowMirrorSplitViewVS_P10$232f25d3018TapGestureModifier_GS4_VS5_P10$12e2170f829WorkspacePanelContentHostViewS7___VS5_14EmptyPanelView_GS4_S9_S7____ frame=240.0,0.0 760.0x672.0 host=0.0,0.0 1000.0x700.0 anchor=240.0,0.0 760.0x644.0
22:38:22.133 #1731 sidebar.row.titlePaint workspace=7AB3E57F title=<redacted:3b>
22:38:22.134 #1732 sidebar.row.titlePaint workspace=61B7357D title=<redacted:16b>
22:38:22.134 #1733 sidebar.row.titlePaint workspace=545B7176 title=<redacted:16b>
22:38:22.134 #1734 sidebar.row.titlePaint workspace=D1FD40D4 title=<redacted:16b>
22:38:22.134 #1735 sidebar.row.titlePaint workspace=9BB39338 title=<redacted:16b>
22:38:22.134 #1736 sidebar.row.titlePaint workspace=88E0CB7B title=<redacted:16b>
22:38:22.134 #1737 sidebar.row.titlePaint workspace=5C2DF2DB title=<redacted:16b>
22:38:22.134 #1738 sidebar.row.titlePaint workspace=2AE567F7 title=<redacted:16b>
22:38:22.134 #1739 sidebar.row.titlePaint workspace=BB3C48A9 title=<redacted:16b>
22:38:22.135 #1740 sidebar.row.titlePaint workspace=12B9D223 title=<redacted:16b>
22:38:22.135 #1741 sidebar.row.titlePaint workspace=CC803048 title=<redacted:16b>
22:38:22.135 #1742 sidebar.row.titlePaint workspace=021AC524 title=<redacted:16b>
22:38:22.135 #1743 sidebar.row.titlePaint workspace=0220BA90 title=<redacted:15b>
22:38:22.135 #1744 sidebar.row.titlePaint workspace=A9442F6F title=<redacted:15b>
22:38:22.135 #1745 sidebar.row.titlePaint workspace=C0EB2E56 title=<redacted:15b>
22:38:22.135 #1746 sidebar.row.titlePaint workspace=481B3CBD title=<redacted:15b>
22:38:22.135 #1747 sidebar.row.titlePaint workspace=D6AF905C title=<redacted:15b>
22:38:22.135 #1748 sidebar.row.titlePaint workspace=DE713FA3 title=<redacted:15b>
22:38:22.135 #1749 sidebar.row.titlePaint workspace=5A8310B9 title=<redacted:15b>
22:38:22.136 #1750 sidebar.row.titlePaint workspace=BE9B10CB title=<redacted:15b>
22:38:22.136 #1751 sidebar.row.titlePaint workspace=0786EE66 title=<redacted:15b>
22:38:22.137 #1752 sidebar.table.apply structural=1 contentChanges=20 rows=21
22:38:22.175 #1753 sidebar.row.titlePaint workspace=7AB3E57F title=<redacted:3b>
22:38:22.177 #1754 sidebar.row.titlePaint workspace=61B7357D title=<redacted:16b>
22:38:22.179 #1755 sidebar.row.titlePaint workspace=545B7176 title=<redacted:16b>
22:38:22.181 #1756 sidebar.row.titlePaint workspace=D1FD40D4 title=<redacted:16b>
22:38:22.183 #1757 sidebar.row.titlePaint workspace=9BB39338 title=<redacted:16b>
22:38:22.185 #1758 sidebar.row.titlePaint workspace=88E0CB7B title=<redacted:16b>
22:38:22.187 #1759 sidebar.row.titlePaint workspace=5C2DF2DB title=<redacted:16b>
22:38:22.189 #1760 sidebar.row.titlePaint workspace=2AE567F7 title=<redacted:16b>
22:38:22.190 #1761 sidebar.row.titlePaint workspace=BB3C48A9 title=<redacted:16b>
22:38:22.192 #1762 sidebar.row.titlePaint workspace=12B9D223 title=<redacted:16b>
22:38:22.194 #1763 sidebar.row.titlePaint workspace=CC803048 title=<redacted:16b>
22:38:22.196 #1764 sidebar.row.titlePaint workspace=021AC524 title=<redacted:16b>
22:38:22.198 #1765 sidebar.row.titlePaint workspace=0220BA90 title=<redacted:15b>
22:38:22.200 #1766 sidebar.row.titlePaint workspace=A9442F6F title=<redacted:15b>
22:38:22.248 #1767 surface.size.defer surface=E983A reason=noWindow size=760.0x644.0
22:38:22.250 #1768 surface.socket_input.queue surface=06DEB6EE items=3 keys=0 bytes=142
22:38:22.250 #1769 notification.queue.drain batch=1 remaining=0 firstSeq=141 lastSeq=141
22:38:22.256 #1770 surface.view.windowMove surface=06DEB inWindow=1 bounds=800.0x600.0 pending=800.0x600.0
22:38:22.256 #1771 surface.attach surface=06DEB view=0x0000000beb429e00 attached=1 hasSurface=0 inWindow=1
22:38:22.256 #1772 surface.attach.create surface=06DEB inWindow=1
22:38:22.256 #1773 surface.attach.create.done surface=06DEB hasSurface=0
22:38:22.256 #1774 surface.size.resume surface=06DEB size=800.0x600.0 backing=800.0x600.0
22:38:22.257 #1775 ws.term.active id=1 dt=4545.32ms surface=06DEB transition=1->0 active=0 visibleFlag=0 hostHidden=1 surfaceHidden=0 hiddenHierarchy=1 inWindow=0 hasSuperview=1 bounds=800.0x600.0 frame=800.0x600.0 firstResponder=nil
22:38:22.257 #1776 surface.headless_window.adopt surface=06DEB6EE reason=input-demand window=ObjectIdentifier(0x0000000be21b0c80)
22:38:22.257 #1777 surface.headless_window.create surface=06DEB6EE reason=input-demand window=ObjectIdentifier(0x0000000be21b0c80)
22:38:22.257 #1778 surface.attach surface=06DEB view=0x0000000beb429e00 attached=1 hasSurface=0 inWindow=1
22:38:22.257 #1779 surface.attach.create surface=06DEB inWindow=1
22:38:22.257 #1780 surface.attach.create.done surface=06DEB hasSurface=0
22:38:22.257 #1781 surface.background_start surface=06DEB6EE inWindow=1 ready=0 source=inputDemand ms=2.27
22:38:22.259 #1782 workspace.gitProbe.apply workspace=61B73 panel=06DEB branch=none dirty=0 pr=none
22:38:22.259 #1783 zoom.create surface=06DEB context=<redacted:40b>
22:38:22.262 #1784 surface.size.apply surface=06DEB6EE caller=runtime.create.initial grid=99x35->99x35 pixels=800x600->800x600 target=800x600
22:38:22.262 #1785 surface.socket_input.flush surface=06DEB6EE items=3 keys=0 bytes=142
22:38:22.262 #1786 zoom.create.done surface=06DEB context=<redacted:21b>
22:38:22.320 #1787 notification.queue.drain batch=1 remaining=0 firstSeq=142 lastSeq=142
22:38:22.320 #1788 surface.shellState workspace=61B73 panel=06DEB from=unknown to=promptIdle
22:38:22.320 #1789 workspace.prRefresh.schedule workspace=61B73 panel=06DEB reason=shellPrompt
22:38:22.325 #1790 notification.queue.drain batch=1 remaining=0 firstSeq=143 lastSeq=143
22:38:22.326 #1791 notification.queue.drain batch=1 remaining=0 firstSeq=144 lastSeq=144
22:38:22.328 #1792 notification.queue.drain batch=1 remaining=0 firstSeq=145 lastSeq=145
22:38:22.328 #1793 notification.queue.drain batch=1 remaining=0 firstSeq=146 lastSeq=146
22:38:22.337 #1794 notification.queue.drain batch=1 remaining=0 firstSeq=147 lastSeq=147
22:38:22.337 #1795 surface.shellState workspace=61B73 panel=06DEB from=promptIdle to=commandRunning
22:38:22.337 #1796 notification.queue.drain batch=1 remaining=0 firstSeq=148 lastSeq=148
22:38:22.752 #1797 workspace.title.updatePanel workspace=BB3C4 panel=5C478 panels=1 custom=1 panelChanged=1 workspaceChanged=0 title=<redacted:9b>
22:38:22.752 #1798 workspace.title.updatePanel workspace=5C2DF panel=3F461 panels=1 custom=1 panelChanged=1 workspaceChanged=0 title=<redacted:9b>
22:38:22.753 #1799 workspace.title.updatePanel workspace=88E0C panel=31BFD panels=1 custom=1 panelChanged=1 workspaceChanged=0 title=<redacted:9b>
22:38:22.753 #1800 workspace.title.updatePanel workspace=2AE56 panel=95692 panels=1 custom=1 panelChanged=1 workspaceChanged=0 title=<redacted:9b>
22:38:22.753 #1801 workspace.title.updatePanel workspace=9BB39 panel=C310B panels=1 custom=1 panelChanged=1 workspaceChanged=0 title=<redacted:9b>
22:38:22.754 #1802 sidebar.table.rowsBuild items=21
22:38:23.960 #1803 workspace.title.updatePanel workspace=61B73 panel=06DEB panels=1 custom=1 panelChanged=1 workspaceChanged=0 title=<redacted:9b>
22:38:23.960 #1804 workspace.title.updatePanel workspace=D1FD4 panel=9D69D panels=1 custom=1 panelChanged=1 workspaceChanged=0 title=<redacted:9b>
22:38:23.961 #1805 workspace.title.updatePanel workspace=545B7 panel=E983A panels=1 custom=1 panelChanged=1 workspaceChanged=0 title=<redacted:9b>
22:38:23.963 #1806 sidebar.table.rowsBuild items=21
22:38:25.553 #1807 paneMemGuard.scan panes=21 maxMB=3 thresholdMB=8192 warned=0 scope=0
22:38:25.563 #1808 monitorMemory.capture window=33336935 reason=sessionSnapshot sig=[1d …5D0000@0,0,1920x1080] frame={x=460.0 y=284.0 w=1000.0 h=700.0} rememberedConfigs=1
22:38:25.563 #1809 session.save includeScrollback=0 windows=1
22:38:25.564 #1810 session.save.window idx=0 frame={x=460.0 y=284.0 w=1000.0 h=700.0} display={id=6 frame={x=0.0 y=0.0 w=1920.0 h=1080.0} visible={x=0.0 y=89.0 w=1920.0 h=961.0}} workspaces=21 selected=0
22:38:25.575 #1811 sidebar.table.rowsBuild items=21
22:38:25.611 #1812 sidebar.table.rowsBuild items=21
22:38:25.642 #1813 sidebar.table.rowsBuild items=21
22:38:29.625 #1814 paneMemGuard.scan panes=21 maxMB=3 thresholdMB=8192 warned=0 scope=0
22:38:33.633 #1815 paneMemGuard.scan panes=21 maxMB=3 thresholdMB=8192 warned=0 scope=0
22:38:33.641 #1816 session.save.skipped reason=unchanged_autosave_fingerprint includeScrollback=0 source=timer
22:38:37.622 #1817 paneMemGuard.scan panes=21 maxMB=3 thresholdMB=8192 warned=0 scope=1
22:38:41.653 #1818 session.save.skipped reason=unchanged_autosave_fingerprint includeScrollback=0 source=timer
22:38:41.656 #1819 paneMemGuard.scan panes=21 maxMB=3 thresholdMB=8192 warned=0 scope=1
22:38:45.628 #1820 paneMemGuard.scan panes=21 maxMB=3 thresholdMB=8192 warned=0 scope=0
22:38:49.637 #1821 paneMemGuard.scan panes=21 maxMB=3 thresholdMB=8192 warned=0 scope=0
22:38:49.648 #1822 session.save.skipped reason=unchanged_autosave_fingerprint includeScrollback=0 source=timer
22:38:53.628 #1823 paneMemGuard.scan panes=21 maxMB=3 thresholdMB=8192 warned=0 scope=1
22:38:57.660 #1824 paneMemGuard.scan panes=21 maxMB=3 thresholdMB=8192 warned=0 scope=0
22:38:57.679 #1825 session.save.skipped reason=unchanged_autosave_fingerprint includeScrollback=0 source=timer
22:39:01.660 #1826 paneMemGuard.scan panes=21 maxMB=3 thresholdMB=8192 warned=0 scope=0
22:39:05.660 #1827 paneMemGuard.scan panes=21 maxMB=3 thresholdMB=8192 warned=0 scope=0
22:39:05.683 #1828 session.save.skipped reason=unchanged_autosave_fingerprint includeScrollback=0 source=timer
22:39:09.624 #1829 paneMemGuard.scan panes=21 maxMB=3 thresholdMB=8192 warned=0 scope=1
22:39:13.675 #1830 paneMemGuard.scan panes=21 maxMB=3 thresholdMB=8192 warned=0 scope=0
22:39:13.698 #1831 session.save.skipped reason=unchanged_autosave_fingerprint includeScrollback=0 source=timer
22:39:17.664 #1832 paneMemGuard.scan panes=21 maxMB=3 thresholdMB=8192 warned=0 scope=0
22:39:21.645 #1833 paneMemGuard.scan panes=21 maxMB=3 thresholdMB=8192 warned=0 scope=0
22:39:21.768 #1834 session.save.skipped reason=unchanged_autosave_fingerprint includeScrollback=0 source=timer
22:39:25.622 #1835 paneMemGuard.scan panes=21 maxMB=3 thresholdMB=8192 warned=0 scope=1
22:39:29.651 #1836 paneMemGuard.scan panes=21 maxMB=3 thresholdMB=8192 warned=0 scope=0
22:39:29.690 #1837 monitorMemory.capture window=33336935 reason=sessionSnapshot sig=[1d …5D0000@0,0,1920x1080] frame={x=460.0 y=284.0 w=1000.0 h=700.0} rememberedConfigs=1
22:39:29.691 #1838 session.save includeScrollback=0 windows=1
22:39:29.691 #1839 session.save.window idx=0 frame={x=460.0 y=284.0 w=1000.0 h=700.0} display={id=6 frame={x=0.0 y=0.0 w=1920.0 h=1080.0} visible={x=0.0 y=89.0 w=1920.0 h=961.0}} workspaces=21 selected=0
22:39:29.810 #1840 sidebar.table.rowsBuild items=21
22:39:29.958 #1841 sidebar.table.rowsBuild items=21
22:39:30.050 #1842 sidebar.table.rowsBuild items=21
22:39:30.148 #1843 sidebar.table.rowsBuild items=21
22:39:30.445 #1844 sidebar.table.rowsBuild items=21
22:39:33.659 #1845 paneMemGuard.scan panes=21 maxMB=3 thresholdMB=8192 warned=0 scope=0
22:39:37.658 #1846 paneMemGuard.scan panes=21 maxMB=3 thresholdMB=8192 warned=0 scope=0
22:39:37.682 #1847 session.save.skipped reason=unchanged_autosave_fingerprint includeScrollback=0 source=timer
22:39:41.629 #1848 paneMemGuard.scan panes=21 maxMB=3 thresholdMB=8192 warned=0 scope=1
22:39:45.674 #1849 paneMemGuard.scan panes=21 maxMB=3 thresholdMB=8192 warned=0 scope=0
22:39:45.698 #1850 session.save.skipped reason=unchanged_autosave_fingerprint includeScrollback=0 source=timer
22:39:49.648 #1851 paneMemGuard.scan panes=21 maxMB=3 thresholdMB=8192 warned=0 scope=0
22:39:53.255 #1852 surface.attach surface=61802 view=0x0000000beb7f5900 attached=0 hasSurface=0 inWindow=0
22:39:53.256 #1853 surface.attach.defer surface=61802 reason=noWindow bounds=800.0x600.0
22:39:53.256 #1854 surface.size.defer surface=61802 reason=noWindow size=800.0x600.0
22:39:53.258 #1855 focus.bonsplit pane=D953D
22:39:53.258 #1856 focus.split.apply.begin workspace=AD4CF pane=D953D tab=027D1 focusedPane=D953D selectedTab=027D1 reassert=1
22:39:53.258 #1857 find.preparePanelFocusIntent surface=61802 target=terminal
22:39:53.259 #1858 find.preparePanelFocusIntent surface=61802 target=terminal
22:39:53.259 #1859 focus.split.moveFocus workspace=AD4CF panel=61802 previousExists=0 to=61802
22:39:53.259 #1860 find.moveFocus to=61802 from=nil searchState=nil delayMs=0
22:39:53.259 #1861 focus.split.ensureFocus workspace=AD4CF panel=61802 pane=D953D tab=027D1 intent=terminal(cmux_DEV.TerminalPanelFocusIntent.surface)
22:39:53.263 #1862 focus.split.apply.end workspace=AD4CF panel=61802 type=TerminalPanel focusedPane=D953D selectedTab=027D1 prevPanel=61802
22:39:53.263 #1863 focus.bonsplit pane=D953D
22:39:53.263 #1864 focus.split.apply.begin workspace=AD4CF pane=D953D tab=027D1 focusedPane=D953D selectedTab=027D1 reassert=1
22:39:53.263 #1865 find.preparePanelFocusIntent surface=61802 target=terminal
22:39:53.264 #1866 find.preparePanelFocusIntent surface=61802 target=terminal
22:39:53.264 #1867 focus.split.moveFocus workspace=AD4CF panel=61802 previousExists=0 to=61802
22:39:53.264 #1868 find.moveFocus to=61802 from=nil searchState=nil delayMs=0
22:39:53.264 #1869 focus.split.ensureFocus workspace=AD4CF panel=61802 pane=D953D tab=027D1 intent=terminal(cmux_DEV.TerminalPanelFocusIntent.surface)
22:39:53.264 #1870 focus.split.apply.end workspace=AD4CF panel=61802 type=TerminalPanel focusedPane=D953D selectedTab=027D1 prevPanel=61802
22:39:53.266 #1871 ws.term.visible id=1 dt=95552.89ms surface=61802 transition=1->0 active=1 visibleFlag=0 hostHidden=1 surfaceHidden=0 hiddenHierarchy=1 inWindow=0 hasSuperview=0 bounds=0.0x0.0 frame=0.0x0.0 firstResponder=nil
22:39:53.266 #1872 workspace.gitProbe.schedule workspace=AD4CF panel=61802 dir=<redacted:11b> reason=initial
22:39:53.269 #1873 workspace.customDescription.update workspace=AD4CF065 inputLen=0 inputNewlines=0 normalizedLen=0 normalizedNewlines=0 input=<redacted:22b>
22:39:53.308 #1874 sidebar.table.rowsBuild items=22
22:39:53.449 #1875 sidebar.row.titlePaint workspace=7AB3E57F title=<redacted:3b>
22:39:53.451 #1876 sidebar.row.titlePaint workspace=AD4CF065 title=<redacted:13b>
22:39:53.453 #1877 sidebar.row.titlePaint workspace=61B7357D title=<redacted:16b>
22:39:53.454 #1878 sidebar.row.titlePaint workspace=545B7176 title=<redacted:16b>
22:39:53.455 #1879 sidebar.row.titlePaint workspace=D1FD40D4 title=<redacted:16b>
22:39:53.457 #1880 sidebar.row.titlePaint workspace=9BB39338 title=<redacted:16b>
22:39:53.458 #1881 sidebar.row.titlePaint workspace=88E0CB7B title=<redacted:16b>
22:39:53.459 #1882 sidebar.row.titlePaint workspace=5C2DF2DB title=<redacted:16b>
22:39:53.460 #1883 sidebar.row.titlePaint workspace=2AE567F7 title=<redacted:16b>
22:39:53.461 #1884 sidebar.row.titlePaint workspace=BB3C48A9 title=<redacted:16b>
22:39:53.462 #1885 sidebar.row.titlePaint workspace=12B9D223 title=<redacted:16b>
22:39:53.462 #1886 sidebar.row.titlePaint workspace=CC803048 title=<redacted:16b>
22:39:53.463 #1887 sidebar.row.titlePaint workspace=021AC524 title=<redacted:16b>
22:39:53.465 #1888 sidebar.row.titlePaint workspace=0220BA90 title=<redacted:15b>
22:39:53.466 #1889 sidebar.row.titlePaint workspace=A9442F6F title=<redacted:15b>
22:39:53.467 #1890 sidebar.row.titlePaint workspace=C0EB2E56 title=<redacted:15b>
22:39:53.468 #1891 sidebar.row.titlePaint workspace=481B3CBD title=<redacted:15b>
22:39:53.469 #1892 sidebar.row.titlePaint workspace=D6AF905C title=<redacted:15b>
22:39:53.471 #1893 sidebar.row.titlePaint workspace=DE713FA3 title=<redacted:15b>
22:39:53.473 #1894 sidebar.row.titlePaint workspace=5A8310B9 title=<redacted:15b>
22:39:53.474 #1895 sidebar.row.titlePaint workspace=BE9B10CB title=<redacted:15b>
22:39:53.476 #1896 sidebar.row.titlePaint workspace=0786EE66 title=<redacted:15b>
22:39:53.492 #1897 sidebar.table.apply structural=1 contentChanges=21 rows=22
22:39:53.819 #1898 sidebar.row.titlePaint workspace=7AB3E57F title=<redacted:3b>
22:39:53.832 #1899 sidebar.row.titlePaint workspace=AD4CF065 title=<redacted:13b>
22:39:53.847 #1900 sidebar.row.titlePaint workspace=61B7357D title=<redacted:16b>
22:39:53.860 #1901 sidebar.row.titlePaint workspace=545B7176 title=<redacted:16b>
22:39:53.873 #1902 sidebar.row.titlePaint workspace=D1FD40D4 title=<redacted:16b>
22:39:53.887 #1903 sidebar.row.titlePaint workspace=9BB39338 title=<redacted:16b>
22:39:53.899 #1904 sidebar.row.titlePaint workspace=88E0CB7B title=<redacted:16b>
22:39:53.908 #1905 sidebar.row.titlePaint workspace=5C2DF2DB title=<redacted:16b>
22:39:53.920 #1906 sidebar.row.titlePaint workspace=2AE567F7 title=<redacted:16b>
22:39:53.941 #1907 sidebar.row.titlePaint workspace=BB3C48A9 title=<redacted:16b>
22:39:53.958 #1908 sidebar.row.titlePaint workspace=12B9D223 title=<redacted:16b>
22:39:53.973 #1909 sidebar.row.titlePaint workspace=CC803048 title=<redacted:16b>
22:39:53.986 #1910 sidebar.row.titlePaint workspace=021AC524 title=<redacted:16b>
22:39:54.000 #1911 sidebar.row.titlePaint workspace=0220BA90 title=<redacted:15b>
22:39:54.368 #1912 workspace.title.applyProcess workspace=AD4CF from="Terminal 22" to="Terminal"
22:39:54.371 #1913 surface.socket_input.queue surface=6180204D items=3 keys=0 bytes=142
22:39:54.373 #1914 workspace.backgroundPrime.start workspace=AD4CF
22:39:54.413 #1915 sidebar.table.rowsBuild items=22
22:39:54.536 #1916 surface.view.windowMove surface=61802 inWindow=1 bounds=800.0x600.0 pending=800.0x600.0
22:39:54.536 #1917 surface.attach surface=61802 view=0x0000000beb7f5900 attached=1 hasSurface=0 inWindow=1
22:39:54.536 #1918 surface.attach.create surface=61802 inWindow=1
22:39:54.548 #1919 surface.attach.create.done surface=61802 hasSurface=0
22:39:54.549 #1920 surface.size.resume surface=61802 size=800.0x600.0 backing=800.0x600.0
22:39:54.551 #1921 ws.term.active id=1 dt=96838.26ms surface=61802 transition=1->0 active=0 visibleFlag=0 hostHidden=1 surfaceHidden=0 hiddenHierarchy=1 inWindow=0 hasSuperview=1 bounds=800.0x600.0 frame=800.0x600.0 firstResponder=nil
22:39:54.551 #1922 surface.headless_window.adopt surface=6180204D reason=input-demand window=ObjectIdentifier(0x0000000bdf133200)
22:39:54.551 #1923 surface.headless_window.create surface=6180204D reason=input-demand window=ObjectIdentifier(0x0000000bdf133200)
22:39:54.551 #1924 surface.attach surface=61802 view=0x0000000beb7f5900 attached=1 hasSurface=0 inWindow=1
22:39:54.551 #1925 surface.attach.create surface=61802 inWindow=1
22:39:54.551 #1926 surface.attach.create.done surface=61802 hasSurface=0
22:39:54.555 #1927 surface.background_start surface=6180204D inWindow=1 ready=0 source=inputDemand ms=23.44
22:39:54.566 #1928 paneMemGuard.scan panes=22 maxMB=3 thresholdMB=8192 warned=0 scope=0
22:39:54.580 #1929 surface.attach surface=BC081 view=0x0000000beb7f4500 attached=0 hasSurface=0 inWindow=0
22:39:54.580 #1930 surface.attach.defer surface=BC081 reason=noWindow bounds=800.0x600.0
22:39:54.580 #1931 surface.size.defer surface=BC081 reason=noWindow size=800.0x600.0
22:39:54.581 #1932 focus.bonsplit pane=6C0C4
22:39:54.581 #1933 focus.split.apply.begin workspace=A1DEF pane=6C0C4 tab=70E2F focusedPane=6C0C4 selectedTab=70E2F reassert=1
22:39:54.582 #1934 find.preparePanelFocusIntent surface=BC081 target=terminal
22:39:54.582 #1935 find.preparePanelFocusIntent surface=BC081 target=terminal
22:39:54.582 #1936 focus.split.moveFocus workspace=A1DEF panel=BC081 previousExists=0 to=BC081
22:39:54.582 #1937 find.moveFocus to=BC081 from=nil searchState=nil delayMs=0
22:39:54.582 #1938 focus.split.ensureFocus workspace=A1DEF panel=BC081 pane=6C0C4 tab=70E2F intent=terminal(cmux_DEV.TerminalPanelFocusIntent.surface)
22:39:54.584 #1939 focus.split.apply.end workspace=A1DEF panel=BC081 type=TerminalPanel focusedPane=6C0C4 selectedTab=70E2F prevPanel=BC081
22:39:54.585 #1940 focus.bonsplit pane=6C0C4
22:39:54.585 #1941 focus.split.apply.begin workspace=A1DEF pane=6C0C4 tab=70E2F focusedPane=6C0C4 selectedTab=70E2F reassert=1
22:39:54.585 #1942 find.preparePanelFocusIntent surface=BC081 target=terminal
22:39:54.585 #1943 find.preparePanelFocusIntent surface=BC081 target=terminal
22:39:54.586 #1944 focus.split.moveFocus workspace=A1DEF panel=BC081 previousExists=0 to=BC081
22:39:54.586 #1945 find.moveFocus to=BC081 from=nil searchState=nil delayMs=0
22:39:54.586 #1946 focus.split.ensureFocus workspace=A1DEF panel=BC081 pane=6C0C4 tab=70E2F intent=terminal(cmux_DEV.TerminalPanelFocusIntent.surface)
22:39:54.586 #1947 focus.split.apply.end workspace=A1DEF panel=BC081 type=TerminalPanel focusedPane=6C0C4 selectedTab=70E2F prevPanel=BC081
22:39:54.588 #1948 ws.term.visible id=1 dt=96874.85ms surface=BC081 transition=1->0 active=1 visibleFlag=0 hostHidden=1 surfaceHidden=0 hiddenHierarchy=1 inWindow=0 hasSuperview=0 bounds=0.0x0.0 frame=0.0x0.0 firstResponder=nil
22:39:54.588 #1949 ws.mount.reconcile id=1 dt=96875.38ms hot=0 selected=7AB3E mounted=[7AB3E,AD4CF] added=[AD4CF] removed=[]
22:39:54.589 #1950 workspace.gitProbe.schedule workspace=A1DEF panel=BC081 dir=<redacted:11b> reason=initial
22:39:54.592 #1951 workspace.customDescription.update workspace=A1DEFB72 inputLen=0 inputNewlines=0 normalizedLen=0 normalizedNewlines=0 input=<redacted:22b>
22:39:54.641 #1952 sidebar.table.rowsBuild items=23
22:39:54.792 #1953 sidebar.table.rowsBuild items=23
22:39:54.877 #1954 sidebar.row.titlePaint workspace=7AB3E57F title=<redacted:3b>
22:39:54.879 #1955 sidebar.row.titlePaint workspace=A1DEFB72 title=<redacted:13b>
22:39:54.880 #1956 sidebar.row.titlePaint workspace=AD4CF065 title=<redacted:13b>
22:39:54.881 #1957 sidebar.row.titlePaint workspace=61B7357D title=<redacted:16b>
22:39:54.881 #1958 sidebar.row.titlePaint workspace=545B7176 title=<redacted:16b>
22:39:54.882 #1959 sidebar.row.titlePaint workspace=D1FD40D4 title=<redacted:16b>
22:39:54.883 #1960 sidebar.row.titlePaint workspace=9BB39338 title=<redacted:16b>
22:39:54.883 #1961 sidebar.row.titlePaint workspace=88E0CB7B title=<redacted:16b>
22:39:54.884 #1962 sidebar.row.titlePaint workspace=5C2DF2DB title=<redacted:16b>
22:39:54.884 #1963 sidebar.row.titlePaint workspace=2AE567F7 title=<redacted:16b>
22:39:54.884 #1964 sidebar.row.titlePaint workspace=BB3C48A9 title=<redacted:16b>
22:39:54.885 #1965 sidebar.row.titlePaint workspace=12B9D223 title=<redacted:16b>
22:39:54.885 #1966 sidebar.row.titlePaint workspace=CC803048 title=<redacted:16b>
22:39:54.886 #1967 sidebar.row.titlePaint workspace=021AC524 title=<redacted:16b>
22:39:54.886 #1968 sidebar.row.titlePaint workspace=0220BA90 title=<redacted:15b>
22:39:54.887 #1969 sidebar.row.titlePaint workspace=A9442F6F title=<redacted:15b>
22:39:54.888 #1970 sidebar.row.titlePaint workspace=C0EB2E56 title=<redacted:15b>
22:39:54.889 #1971 sidebar.row.titlePaint workspace=481B3CBD title=<redacted:15b>
22:39:54.890 #1972 sidebar.row.titlePaint workspace=D6AF905C title=<redacted:15b>
22:39:54.891 #1973 sidebar.row.titlePaint workspace=DE713FA3 title=<redacted:15b>
22:39:54.892 #1974 sidebar.row.titlePaint workspace=5A8310B9 title=<redacted:15b>
22:39:54.892 #1975 sidebar.row.titlePaint workspace=BE9B10CB title=<redacted:15b>
22:39:54.893 #1976 sidebar.row.titlePaint workspace=0786EE66 title=<redacted:15b>
22:39:54.900 #1977 sidebar.table.apply structural=1 contentChanges=22 rows=23
22:39:55.181 #1978 ws.swiftui.update id=1 dt=97468.60ms surface=61802 visible=0 active=0 z=0 hostWindow=0 hostedWindow=1 hostedSuperview=1
22:39:55.182 #1979 ws.hostState.deferBind surface=61802 reason=hostNoWindow visible=0 active=0 z=0 hostedWindow=1 hostedSuperview=1
22:39:55.222 #1980 ws.hostState.rebindOnGeometry surface=61802 reason=portalEntryMissing visible=0 active=0 z=0
22:39:55.265 #1981 sidebar.row.titlePaint workspace=7AB3E57F title=<redacted:3b>
22:39:55.280 #1982 sidebar.row.titlePaint workspace=A1DEFB72 title=<redacted:13b>
22:39:55.292 #1983 sidebar.row.titlePaint workspace=AD4CF065 title=<redacted:13b>
22:39:55.318 #1984 sidebar.row.titlePaint workspace=61B7357D title=<redacted:16b>
22:39:55.331 #1985 sidebar.row.titlePaint workspace=545B7176 title=<redacted:16b>
22:39:55.344 #1986 sidebar.row.titlePaint workspace=D1FD40D4 title=<redacted:16b>
22:39:55.358 #1987 sidebar.row.titlePaint workspace=9BB39338 title=<redacted:16b>
22:39:55.371 #1988 sidebar.row.titlePaint workspace=88E0CB7B title=<redacted:16b>
22:39:55.384 #1989 sidebar.row.titlePaint workspace=5C2DF2DB title=<redacted:16b>
22:39:55.405 #1990 sidebar.row.titlePaint workspace=2AE567F7 title=<redacted:16b>
22:39:55.419 #1991 sidebar.row.titlePaint workspace=BB3C48A9 title=<redacted:16b>
22:39:55.434 #1992 sidebar.row.titlePaint workspace=12B9D223 title=<redacted:16b>
22:39:55.449 #1993 sidebar.row.titlePaint workspace=CC803048 title=<redacted:16b>
22:39:55.464 #1994 sidebar.row.titlePaint workspace=021AC524 title=<redacted:16b>
22:39:55.870 #1995 terminal.portal.host.claim surface=61802 reason=geometryChanged host=ObjectIdentifier(0x0000000beb504000) pane=D953D inWin=1 size=760.0x644.0 replacingHost=nil
22:39:55.870 #1996 surface.attach surface=61802 view=0x0000000beb7f5900 attached=1 hasSurface=0 inWindow=1
22:39:55.870 #1997 surface.attach.create surface=61802 inWindow=1
22:39:55.870 #1998 surface.attach.create.done surface=61802 hasSurface=0
22:39:55.871 #1999 portal.bind hosted=0x0000000beb7f5e00 anchor=0x0000000beb504000 prevAnchor=nil visible=0 prevVisible=0 z=0 prevZ=-9223372036854775808
22:39:55.873 #2000 portal.reparent hosted=0x0000000beb7f5e00 reason=attach super=0x0000000bdf131b80
22:39:55.876 #2001 surface.view.windowMove surface=61802 inWindow=1 bounds=760.0x644.0 pending=760.0x644.0
22:39:55.876 #2002 surface.attach surface=61802 view=0x0000000beb7f5900 attached=1 hasSurface=0 inWindow=1
22:39:55.876 #2003 surface.headless_window.release surface=6180204D realWindow=ObjectIdentifier(0x0000000be7f96800)
22:39:55.877 #2004 surface.attach.create surface=61802 inWindow=1
22:39:55.877 #2005 surface.attach.create.done surface=61802 hasSurface=0
22:39:55.878 #2006 portal.bonsplit.container hosted=0x0000000beb7f5e00 class=_TtGC7SwiftUI13NSHostingViewGV8Bonsplit17PaneContainerViewGVS_19_ConditionalContentGS3_GVS_15ModifiedContentV8cmux_DEV31RemoteTmuxWindowMirrorSplitViewVS_P10$232f25d3018TapGestureModifier_GS4_VS5_P10$12e2170f829WorkspacePanelContentHostViewS7___VS5_14EmptyPanelView_GS4_S9_S7____ frame=240.0,0.0 760.0x672.0 host=0.0,0.0 1000.0x700.0 anchor=240.0,0.0 760.0x644.0
22:39:55.927 #2007 workspace.gitProbe.apply workspace=AD4CF panel=61802 branch=none dirty=0 pr=none
22:39:55.929 #2008 zoom.create surface=61802 context=<redacted:40b>
22:39:55.960 #2009 surface.size.apply surface=6180204D caller=runtime.create.initial grid=99x35->94x37 pixels=800x600->760x644 target=760x644
22:39:55.960 #2010 surface.socket_input.flush surface=6180204D items=3 keys=0 bytes=142
22:39:55.980 #2011 zoom.create.done surface=61802 context=<redacted:21b>
22:39:55.986 #2012 workspace.title.applyProcess workspace=A1DEF from="Terminal 23" to="Terminal"
22:39:56.015 #2013 sidebar.table.rowsBuild items=23
22:39:56.124 #2014 portal.bonsplit.container hosted=0x0000000be9451e00 class=_TtGC7SwiftUI13NSHostingViewGV8Bonsplit17PaneContainerViewGVS_19_ConditionalContentGS3_GVS_15ModifiedContentV8cmux_DEV31RemoteTmuxWindowMirrorSplitViewVS_P10$232f25d3018TapGestureModifier_GS4_VS5_P10$12e2170f829WorkspacePanelContentHostViewS7___VS5_14EmptyPanelView_GS4_S9_S7____ frame=240.0,0.0 760.0x672.0 host=0.0,0.0 1000.0x700.0 anchor=240.0,0.0 760.0x644.0
22:39:56.128 #2015 surface.socket_input.queue surface=BC081A97 items=3 keys=0 bytes=142
22:39:56.145 #2016 monitorMemory.capture window=33336935 reason=sessionSnapshot sig=[1d …5D0000@0,0,1920x1080] frame={x=460.0 y=284.0 w=1000.0 h=700.0} rememberedConfigs=1
22:39:56.146 #2017 session.save includeScrollback=0 windows=1
22:39:56.146 #2018 session.save.window idx=0 frame={x=460.0 y=284.0 w=1000.0 h=700.0} display={id=6 frame={x=0.0 y=0.0 w=1920.0 h=1080.0} visible={x=0.0 y=89.0 w=1920.0 h=961.0}} workspaces=23 selected=0
22:39:56.148 #2019 find.preparePanelFocusIntent surface=61802 target=terminal
22:39:56.148 #2020 ws.term.active id=1 dt=98435.17ms surface=61802 transition=0->1 active=1 visibleFlag=0 hostHidden=1 surfaceHidden=0 hiddenHierarchy=1 inWindow=1 hasSuperview=1 bounds=760.0x644.0 frame=760.0x644.0 firstResponder=GhosttyNSView
22:39:56.148 #2021 focus.ensure.defer surface=61802 reason=not_visible
22:39:56.148 #2022 focus.ensure.defer surface=61802 reason=not_visible
22:39:56.159 #2023 ws.term.active id=1 dt=98445.94ms surface=61802 transition=1->0 active=0 visibleFlag=0 hostHidden=1 surfaceHidden=0 hiddenHierarchy=1 inWindow=1 hasSuperview=1 bounds=760.0x644.0 frame=760.0x644.0 firstResponder=GhosttyNSView
22:39:56.195 #2024 sidebar.table.rowsBuild items=23
22:39:56.384 #2025 forceRefresh: 6180204D-441D-49EF-BE81-54DB1417FC9D reason=unspecified inWindow=true bounds=(0.0, 0.0, 760.0, 644.0) metalOK=false hasSurface=true
22:39:56.385 #2026 ws.term.visible id=1 dt=98672.23ms surface=61802 transition=0->1 active=0 visibleFlag=1 hostHidden=0 surfaceHidden=0 hiddenHierarchy=0 inWindow=1 hasSuperview=1 bounds=760.0x644.0 frame=760.0x644.0 firstResponder=GhosttyNSView
22:39:56.385 #2027 ws.term.active id=1 dt=98672.78ms surface=61802 transition=0->1 active=1 visibleFlag=1 hostHidden=0 surfaceHidden=0 hiddenHierarchy=0 inWindow=1 hasSuperview=1 bounds=760.0x644.0 frame=760.0x644.0 firstResponder=GhosttyNSView
22:39:56.387 #2028 workspace.backgroundPrime.finish workspace=AD4CF reason=no_surface_work ms=2014.03
22:39:56.387 #2029 ws.term.visible id=1 dt=98674.61ms surface=61802 transition=1->0 active=1 visibleFlag=0 hostHidden=1 surfaceHidden=0 hiddenHierarchy=1 inWindow=1 hasSuperview=1 bounds=760.0x644.0 frame=760.0x644.0 firstResponder=GhosttyNSView
22:39:56.388 #2030 portal.hideEntry hosted=0x0000000beb7f5e00 reason=workspaceUnmount
22:39:56.388 #2031 ws.mount.reconcile id=1 dt=98674.94ms hot=0 selected=7AB3E mounted=[7AB3E] added=[] removed=[AD4CF]
22:39:56.388 #2032 workspace.backgroundPrime.start workspace=A1DEF
22:39:56.390 #2033 notification.queue.drain batch=4 remaining=0 firstSeq=149 lastSeq=152
22:39:56.391 #2034 surface.shellState workspace=AD4CF panel=61802 from=unknown to=promptIdle
22:39:56.391 #2035 workspace.prRefresh.schedule workspace=AD4CF panel=61802 reason=shellPrompt
22:39:56.397 #2036 surface.view.windowMove surface=BC081 inWindow=1 bounds=800.0x600.0 pending=800.0x600.0
22:39:56.397 #2037 surface.attach surface=BC081 view=0x0000000beb7f4500 attached=1 hasSurface=0 inWindow=1
22:39:56.398 #2038 surface.attach.create surface=BC081 inWindow=1
22:39:56.398 #2039 surface.attach.create.done surface=BC081 hasSurface=0
22:39:56.398 #2040 surface.size.resume surface=BC081 size=800.0x600.0 backing=800.0x600.0
22:39:56.400 #2041 ws.term.active id=1 dt=98687.12ms surface=BC081 transition=1->0 active=0 visibleFlag=0 hostHidden=1 surfaceHidden=0 hiddenHierarchy=1 inWindow=0 hasSuperview=1 bounds=800.0x600.0 frame=800.0x600.0 firstResponder=nil
22:39:56.400 #2042 surface.headless_window.adopt surface=BC081A97 reason=input-demand window=ObjectIdentifier(0x0000000be21c4780)
22:39:56.400 #2043 surface.headless_window.create surface=BC081A97 reason=input-demand window=ObjectIdentifier(0x0000000be21c4780)
22:39:56.400 #2044 surface.attach surface=BC081 view=0x0000000beb7f4500 attached=1 hasSurface=0 inWindow=1
22:39:56.400 #2045 surface.attach.create surface=BC081 inWindow=1
22:39:56.400 #2046 surface.attach.create.done surface=BC081 hasSurface=0
22:39:56.404 #2047 surface.background_start surface=BC081A97 inWindow=1 ready=0 source=inputDemand ms=10.47
22:39:56.410 #2048 find.applyFirstResponder.defer surface=61802 reason=setActive
22:39:56.423 #2049 surface.attach surface=B68AD view=0x0000000bebfee800 attached=0 hasSurface=0 inWindow=0
22:39:56.423 #2050 surface.attach.defer surface=B68AD reason=noWindow bounds=800.0x600.0
22:39:56.423 #2051 surface.size.defer surface=B68AD reason=noWindow size=800.0x600.0
22:39:56.425 #2052 focus.bonsplit pane=E1978
22:39:56.425 #2053 focus.split.apply.begin workspace=42E25 pane=E1978 tab=C2EA4 focusedPane=E1978 selectedTab=C2EA4 reassert=1
22:39:56.426 #2054 find.preparePanelFocusIntent surface=B68AD target=terminal
22:39:56.426 #2055 find.preparePanelFocusIntent surface=B68AD target=terminal
22:39:56.426 #2056 focus.split.moveFocus workspace=42E25 panel=B68AD previousExists=0 to=B68AD
22:39:56.426 #2057 find.moveFocus to=B68AD from=nil searchState=nil delayMs=0
22:39:56.426 #2058 focus.split.ensureFocus workspace=42E25 panel=B68AD pane=E1978 tab=C2EA4 intent=terminal(cmux_DEV.TerminalPanelFocusIntent.surface)
22:39:56.430 #2059 focus.split.apply.end workspace=42E25 panel=B68AD type=TerminalPanel focusedPane=E1978 selectedTab=C2EA4 prevPanel=B68AD
22:39:56.430 #2060 focus.bonsplit pane=E1978
22:39:56.430 #2061 focus.split.apply.begin workspace=42E25 pane=E1978 tab=C2EA4 focusedPane=E1978 selectedTab=C2EA4 reassert=1
22:39:56.430 #2062 find.preparePanelFocusIntent surface=B68AD target=terminal
22:39:56.431 #2063 find.preparePanelFocusIntent surface=B68AD target=terminal
22:39:56.431 #2064 focus.split.moveFocus workspace=42E25 panel=B68AD previousExists=0 to=B68AD
22:39:56.431 #2065 find.moveFocus to=B68AD from=nil searchState=nil delayMs=0
22:39:56.431 #2066 focus.split.ensureFocus workspace=42E25 panel=B68AD pane=E1978 tab=C2EA4 intent=terminal(cmux_DEV.TerminalPanelFocusIntent.surface)
22:39:56.431 #2067 focus.split.apply.end workspace=42E25 panel=B68AD type=TerminalPanel focusedPane=E1978 selectedTab=C2EA4 prevPanel=B68AD
22:39:56.432 #2068 ws.term.visible id=1 dt=98719.82ms surface=B68AD transition=1->0 active=1 visibleFlag=0 hostHidden=1 surfaceHidden=0 hiddenHierarchy=1 inWindow=0 hasSuperview=0 bounds=0.0x0.0 frame=0.0x0.0 firstResponder=nil
22:39:56.433 #2069 ws.mount.reconcile id=1 dt=98720.26ms hot=0 selected=7AB3E mounted=[7AB3E,A1DEF] added=[A1DEF] removed=[]
22:39:56.433 #2070 workspace.gitProbe.schedule workspace=42E25 panel=B68AD dir=<redacted:11b> reason=initial
22:39:56.435 #2071 workspace.customDescription.update workspace=42E25BCA inputLen=0 inputNewlines=0 normalizedLen=0 normalizedNewlines=0 input=<redacted:22b>
22:39:56.469 #2072 sidebar.table.rowsBuild items=24
22:39:56.620 #2073 sidebar.table.rowsBuild items=24
22:39:56.717 #2074 ws.swiftui.dismantle id=1 dt=99004.67ms surface=61802 inWindow=1
22:39:56.718 #2075 terminal.portal.host.authorityCleared surface=61802 host=ObjectIdentifier(0x0000000beb504000) pane=D953D generation=1 serial=10
22:39:56.718 #2076 terminal.portal.host.rearm surface=61802 reason=dismantle host=ObjectIdentifier(0x0000000beb504000) pane=D953D area=489440.0
22:39:56.724 #2077 sidebar.row.titlePaint workspace=7AB3E57F title=<redacted:3b>
22:39:56.726 #2078 sidebar.row.titlePaint workspace=42E25BCA title=<redacted:13b>
22:39:56.727 #2079 sidebar.row.titlePaint workspace=A1DEFB72 title=<redacted:13b>
22:39:56.728 #2080 sidebar.row.titlePaint workspace=AD4CF065 title=<redacted:13b>
22:39:56.729 #2081 sidebar.row.titlePaint workspace=61B7357D title=<redacted:16b>
22:39:56.729 #2082 sidebar.row.titlePaint workspace=545B7176 title=<redacted:16b>
22:39:56.730 #2083 sidebar.row.titlePaint workspace=D1FD40D4 title=<redacted:16b>
22:39:56.731 #2084 sidebar.row.titlePaint workspace=9BB39338 title=<redacted:16b>
22:39:56.731 #2085 sidebar.row.titlePaint workspace=88E0CB7B title=<redacted:16b>
22:39:56.732 #2086 sidebar.row.titlePaint workspace=5C2DF2DB title=<redacted:16b>
22:39:56.733 #2087 sidebar.row.titlePaint workspace=2AE567F7 title=<redacted:16b>
22:39:56.733 #2088 sidebar.row.titlePaint workspace=BB3C48A9 title=<redacted:16b>
22:39:56.734 #2089 sidebar.row.titlePaint workspace=12B9D223 title=<redacted:16b>
22:39:56.735 #2090 sidebar.row.titlePaint workspace=CC803048 title=<redacted:16b>
22:39:56.736 #2091 sidebar.row.titlePaint workspace=021AC524 title=<redacted:16b>
22:39:56.737 #2092 sidebar.row.titlePaint workspace=0220BA90 title=<redacted:15b>
22:39:56.739 #2093 sidebar.row.titlePaint workspace=A9442F6F title=<redacted:15b>
22:39:56.739 #2094 sidebar.row.titlePaint workspace=C0EB2E56 title=<redacted:15b>
22:39:56.740 #2095 sidebar.row.titlePaint workspace=481B3CBD title=<redacted:15b>
22:39:56.741 #2096 sidebar.row.titlePaint workspace=D6AF905C title=<redacted:15b>
22:39:56.742 #2097 sidebar.row.titlePaint workspace=DE713FA3 title=<redacted:15b>
22:39:56.742 #2098 sidebar.row.titlePaint workspace=5A8310B9 title=<redacted:15b>
22:39:56.743 #2099 sidebar.row.titlePaint workspace=BE9B10CB title=<redacted:15b>
22:39:56.744 #2100 sidebar.row.titlePaint workspace=0786EE66 title=<redacted:15b>
22:39:56.752 #2101 sidebar.table.apply structural=1 contentChanges=23 rows=24
22:39:56.993 #2102 workspace.gitProbe.apply workspace=A1DEF panel=BC081 branch=none dirty=0 pr=none
22:39:56.993 #2103 notification.queue.drain batch=3 remaining=0 firstSeq=153 lastSeq=155
22:39:56.993 #2104 surface.shellState workspace=AD4CF panel=61802 from=promptIdle to=commandRunning
22:39:56.995 #2105 zoom.create surface=BC081 context=<redacted:40b>
22:39:57.003 #2106 surface.size.apply surface=BC081A97 caller=runtime.create.initial grid=99x35->99x35 pixels=800x600->800x600 target=800x600
22:39:57.003 #2107 surface.socket_input.flush surface=BC081A97 items=3 keys=0 bytes=142
22:39:57.003 #2108 zoom.create.done surface=BC081 context=<redacted:21b>
22:39:57.034 #2109 workspace.title.applyProcess workspace=42E25 from="Terminal 24" to="Terminal"
22:39:57.038 #2110 surface.socket_input.queue surface=B68AD101 items=3 keys=0 bytes=142
22:39:57.040 #2111 find.preparePanelFocusIntent surface=BC081 target=terminal
22:39:57.041 #2112 ws.term.active id=1 dt=99327.89ms surface=BC081 transition=0->1 active=1 visibleFlag=0 hostHidden=1 surfaceHidden=0 hiddenHierarchy=1 inWindow=0 hasSuperview=1 bounds=800.0x600.0 frame=800.0x600.0 firstResponder=nil
22:39:57.066 #2113 sidebar.table.rowsBuild items=24
22:39:57.188 #2114 ws.swiftui.update id=1 dt=99475.67ms surface=BC081 visible=0 active=0 z=0 hostWindow=0 hostedWindow=1 hostedSuperview=1
22:39:57.189 #2115 ws.hostState.deferBind surface=BC081 reason=hostNoWindow visible=0 active=0 z=0 hostedWindow=1 hostedSuperview=1
22:39:57.235 #2116 ws.hostState.rebindOnGeometry surface=BC081 reason=portalEntryMissing visible=0 active=0 z=0
22:39:57.288 #2117 sidebar.row.titlePaint workspace=7AB3E57F title=<redacted:3b>
22:39:57.302 #2118 sidebar.row.titlePaint workspace=42E25BCA title=<redacted:13b>
22:39:57.317 #2119 sidebar.row.titlePaint workspace=A1DEFB72 title=<redacted:13b>
22:39:57.331 #2120 sidebar.row.titlePaint workspace=AD4CF065 title=<redacted:13b>
22:39:57.343 #2121 sidebar.row.titlePaint workspace=61B7357D title=<redacted:16b>
22:39:57.359 #2122 sidebar.row.titlePaint workspace=545B7176 title=<redacted:16b>
22:39:57.374 #2123 sidebar.row.titlePaint workspace=D1FD40D4 title=<redacted:16b>
22:39:57.392 #2124 sidebar.row.titlePaint workspace=9BB39338 title=<redacted:16b>
22:39:57.408 #2125 sidebar.row.titlePaint workspace=88E0CB7B title=<redacted:16b>
22:39:57.417 #2126 sidebar.row.titlePaint workspace=5C2DF2DB title=<redacted:16b>
22:39:57.432 #2127 sidebar.row.titlePaint workspace=2AE567F7 title=<redacted:16b>
22:39:57.446 #2128 sidebar.row.titlePaint workspace=BB3C48A9 title=<redacted:16b>
22:39:57.480 #2129 sidebar.row.titlePaint workspace=12B9D223 title=<redacted:16b>
22:39:57.495 #2130 sidebar.row.titlePaint workspace=CC803048 title=<redacted:16b>
22:39:57.890 #2131 terminal.portal.host.claim surface=BC081 reason=geometryChanged host=ObjectIdentifier(0x0000000beb434000) pane=6C0C4 inWin=1 size=760.0x644.0 replacingHost=nil
22:39:57.892 #2132 portal.bind hosted=0x0000000bebbf4000 anchor=0x0000000beb434000 prevAnchor=nil visible=0 prevVisible=0 z=0 prevZ=-9223372036854775808
22:39:57.894 #2133 surface.size.apply surface=BC081A97 caller=layout() grid=99x35->94x37 pixels=800x600->760x644 target=760x644
22:39:57.894 #2134 portal.reparent hosted=0x0000000bebbf4000 reason=attach super=0x0000000be21c6080
22:39:57.899 #2135 surface.view.windowMove surface=BC081 inWindow=1 bounds=760.0x644.0 pending=760.0x644.0
22:39:57.899 #2136 surface.attach surface=BC081 view=0x0000000beb7f4500 attached=1 hasSurface=1 inWindow=1
22:39:57.900 #2137 surface.headless_window.release surface=BC081A97 realWindow=ObjectIdentifier(0x0000000be7f96800)
22:39:57.900 #2138 surface.attach.reuse surface=BC081 view=0x0000000beb7f4500
22:39:57.903 #2139 portal.bonsplit.container hosted=0x0000000bebbf4000 class=_TtGC7SwiftUI13NSHostingViewGV8Bonsplit17PaneContainerViewGVS_19_ConditionalContentGS3_GVS_15ModifiedContentV8cmux_DEV31RemoteTmuxWindowMirrorSplitViewVS_P10$232f25d3018TapGestureModifier_GS4_VS5_P10$12e2170f829WorkspacePanelContentHostViewS7___VS5_14EmptyPanelView_GS4_S9_S7____ frame=240.0,0.0 760.0x672.0 host=0.0,0.0 1000.0x700.0 anchor=240.0,0.0 760.0x644.0
22:39:57.903 #2140 portal.detach hosted=0x0000000beb7f5e00 anchor=nil hadSuperview=1
22:39:57.904 #2141 surface.view.windowMove surface=61802 inWindow=0 bounds=760.0x644.0 pending=760.0x644.0
22:39:57.906 #2142 ws.term.active id=1 dt=100192.86ms surface=BC081 transition=1->0 active=0 visibleFlag=0 hostHidden=1 surfaceHidden=0 hiddenHierarchy=1 inWindow=1 hasSuperview=1 bounds=760.0x644.0 frame=760.0x644.0 firstResponder=GhosttyNSView
22:39:57.912 #2143 surface.size.defer surface=61802 reason=noWindow size=760.0x644.0
22:39:57.915 #2144 portal.bonsplit.container hosted=0x0000000be9451e00 class=_TtGC7SwiftUI13NSHostingViewGV8Bonsplit17PaneContainerViewGVS_19_ConditionalContentGS3_GVS_15ModifiedContentV8cmux_DEV31RemoteTmuxWindowMirrorSplitViewVS_P10$232f25d3018TapGestureModifier_GS4_VS5_P10$12e2170f829WorkspacePanelContentHostViewS7___VS5_14EmptyPanelView_GS4_S9_S7____ frame=240.0,0.0 760.0x672.0 host=0.0,0.0 1000.0x700.0 anchor=240.0,0.0 760.0x644.0
22:39:57.918 #2145 workspace.backgroundPrime.finish workspace=A1DEF reason=no_surface_work ms=1530.38
22:39:57.919 #2146 portal.hideEntry hosted=0x0000000bebbf4000 reason=workspaceUnmount
22:39:57.919 #2147 ws.mount.reconcile id=1 dt=100206.40ms hot=0 selected=7AB3E mounted=[7AB3E] added=[] removed=[A1DEF]
22:39:57.919 #2148 workspace.backgroundPrime.start workspace=42E25
22:39:57.946 #2149 surface.view.windowMove surface=B68AD inWindow=1 bounds=800.0x600.0 pending=800.0x600.0
22:39:57.946 #2150 surface.attach surface=B68AD view=0x0000000bebfee800 attached=1 hasSurface=0 inWindow=1
22:39:57.946 #2151 surface.attach.create surface=B68AD inWindow=1
22:39:57.946 #2152 surface.attach.create.done surface=B68AD hasSurface=0
22:39:57.947 #2153 surface.size.resume surface=B68AD size=800.0x600.0 backing=800.0x600.0
22:39:57.948 #2154 ws.term.active id=1 dt=100235.45ms surface=B68AD transition=1->0 active=0 visibleFlag=0 hostHidden=1 surfaceHidden=0 hiddenHierarchy=1 inWindow=0 hasSuperview=1 bounds=800.0x600.0 frame=800.0x600.0 firstResponder=nil
22:39:57.949 #2155 surface.headless_window.adopt surface=B68AD101 reason=input-demand window=ObjectIdentifier(0x0000000be7a92a80)
22:39:57.949 #2156 surface.headless_window.create surface=B68AD101 reason=input-demand window=ObjectIdentifier(0x0000000be7a92a80)
22:39:57.949 #2157 surface.attach surface=B68AD view=0x0000000bebfee800 attached=1 hasSurface=0 inWindow=1
22:39:57.949 #2158 surface.attach.create surface=B68AD inWindow=1
22:39:57.949 #2159 surface.attach.create.done surface=B68AD hasSurface=0
22:39:57.952 #2160 surface.background_start surface=B68AD101 inWindow=1 ready=0 source=inputDemand ms=8.60
22:39:57.960 #2161 find.applyFirstResponder.defer surface=BC081 reason=setActive
22:39:57.972 #2162 surface.attach surface=44C23 view=0x0000000beb42b200 attached=0 hasSurface=0 inWindow=0
22:39:57.972 #2163 surface.attach.defer surface=44C23 reason=noWindow bounds=800.0x600.0
22:39:57.973 #2164 surface.size.defer surface=44C23 reason=noWindow size=800.0x600.0
22:39:57.974 #2165 focus.bonsplit pane=10031
22:39:57.975 #2166 focus.split.apply.begin workspace=4A50A pane=10031 tab=69C05 focusedPane=10031 selectedTab=69C05 reassert=1
22:39:57.975 #2167 find.preparePanelFocusIntent surface=44C23 target=terminal
22:39:57.975 #2168 find.preparePanelFocusIntent surface=44C23 target=terminal
22:39:57.975 #2169 focus.split.moveFocus workspace=4A50A panel=44C23 previousExists=0 to=44C23
22:39:57.975 #2170 find.moveFocus to=44C23 from=nil searchState=nil delayMs=0
22:39:57.976 #2171 focus.split.ensureFocus workspace=4A50A panel=44C23 pane=10031 tab=69C05 intent=terminal(cmux_DEV.TerminalPanelFocusIntent.surface)
22:39:57.979 #2172 focus.split.apply.end workspace=4A50A panel=44C23 type=TerminalPanel focusedPane=10031 selectedTab=69C05 prevPanel=44C23
22:39:57.979 #2173 focus.bonsplit pane=10031
22:39:57.979 #2174 focus.split.apply.begin workspace=4A50A pane=10031 tab=69C05 focusedPane=10031 selectedTab=69C05 reassert=1
22:39:57.979 #2175 find.preparePanelFocusIntent surface=44C23 target=terminal
22:39:57.980 #2176 find.preparePanelFocusIntent surface=44C23 target=terminal
22:39:57.980 #2177 focus.split.moveFocus workspace=4A50A panel=44C23 previousExists=0 to=44C23
22:39:57.980 #2178 find.moveFocus to=44C23 from=nil searchState=nil delayMs=0
22:39:57.980 #2179 focus.split.ensureFocus workspace=4A50A panel=44C23 pane=10031 tab=69C05 intent=terminal(cmux_DEV.TerminalPanelFocusIntent.surface)
22:39:57.980 #2180 focus.split.apply.end workspace=4A50A panel=44C23 type=TerminalPanel focusedPane=10031 selectedTab=69C05 prevPanel=44C23
22:39:57.982 #2181 ws.term.visible id=1 dt=100269.06ms surface=44C23 transition=1->0 active=1 visibleFlag=0 hostHidden=1 surfaceHidden=0 hiddenHierarchy=1 inWindow=0 hasSuperview=0 bounds=0.0x0.0 frame=0.0x0.0 firstResponder=nil
22:39:57.982 #2182 ws.mount.reconcile id=1 dt=100269.51ms hot=0 selected=7AB3E mounted=[7AB3E,42E25] added=[42E25] removed=[]
22:39:57.983 #2183 workspace.gitProbe.schedule workspace=4A50A panel=44C23 dir=<redacted:11b> reason=initial
22:39:57.986 #2184 workspace.customDescription.update workspace=4A50A4B3 inputLen=0 inputNewlines=0 normalizedLen=0 normalizedNewlines=0 input=<redacted:22b>
22:39:57.989 #2185 notification.queue.drain batch=4 remaining=0 firstSeq=157 lastSeq=161
22:39:57.991 #2186 surface.shellState workspace=A1DEF panel=BC081 from=unknown to=commandRunning
22:39:58.010 #2187 sidebar.table.rowsBuild items=25
22:39:58.050 #2188 sidebar.table.rowsBuild items=25
22:39:58.066 #2189 ws.swiftui.dismantle id=1 dt=100352.99ms surface=BC081 inWindow=1
22:39:58.066 #2190 terminal.portal.host.authorityCleared surface=BC081 host=ObjectIdentifier(0x0000000beb434000) pane=6C0C4 generation=1 serial=11
22:39:58.066 #2191 terminal.portal.host.rearm surface=BC081 reason=dismantle host=ObjectIdentifier(0x0000000beb434000) pane=6C0C4 area=489440.0
22:39:58.067 #2192 sidebar.row.titlePaint workspace=7AB3E57F title=<redacted:3b>
22:39:58.067 #2193 sidebar.row.titlePaint workspace=4A50A4B3 title=<redacted:13b>
22:39:58.067 #2194 sidebar.row.titlePaint workspace=42E25BCA title=<redacted:13b>
22:39:58.068 #2195 sidebar.row.titlePaint workspace=A1DEFB72 title=<redacted:13b>
22:39:58.068 #2196 sidebar.row.titlePaint workspace=AD4CF065 title=<redacted:13b>
22:39:58.068 #2197 sidebar.row.titlePaint workspace=61B7357D title=<redacted:16b>
22:39:58.068 #2198 sidebar.row.titlePaint workspace=545B7176 title=<redacted:16b>
22:39:58.068 #2199 sidebar.row.titlePaint workspace=D1FD40D4 title=<redacted:16b>
22:39:58.068 #2200 sidebar.row.titlePaint workspace=9BB39338 title=<redacted:16b>
22:39:58.068 #2201 sidebar.row.titlePaint workspace=88E0CB7B title=<redacted:16b>
22:39:58.068 #2202 sidebar.row.titlePaint workspace=5C2DF2DB title=<redacted:16b>
22:39:58.068 #2203 sidebar.row.titlePaint workspace=2AE567F7 title=<redacted:16b>
22:39:58.068 #2204 sidebar.row.titlePaint workspace=BB3C48A9 title=<redacted:16b>
22:39:58.069 #2205 sidebar.row.titlePaint workspace=12B9D223 title=<redacted:16b>
22:39:58.069 #2206 sidebar.row.titlePaint workspace=CC803048 title=<redacted:16b>
22:39:58.069 #2207 sidebar.row.titlePaint workspace=021AC524 title=<redacted:16b>
22:39:58.069 #2208 sidebar.row.titlePaint workspace=0220BA90 title=<redacted:15b>
22:39:58.069 #2209 sidebar.row.titlePaint workspace=A9442F6F title=<redacted:15b>
22:39:58.069 #2210 sidebar.row.titlePaint workspace=C0EB2E56 title=<redacted:15b>
22:39:58.069 #2211 sidebar.row.titlePaint workspace=481B3CBD title=<redacted:15b>
22:39:58.069 #2212 sidebar.row.titlePaint workspace=D6AF905C title=<redacted:15b>
22:39:58.069 #2213 sidebar.row.titlePaint workspace=DE713FA3 title=<redacted:15b>
22:39:58.069 #2214 sidebar.row.titlePaint workspace=5A8310B9 title=<redacted:15b>
22:39:58.070 #2215 sidebar.row.titlePaint workspace=BE9B10CB title=<redacted:15b>
22:39:58.070 #2216 sidebar.row.titlePaint workspace=0786EE66 title=<redacted:15b>
22:39:58.073 #2217 sidebar.table.apply structural=1 contentChanges=24 rows=25
22:39:58.111 #2218 ws.swiftui.update id=1 dt=100398.08ms surface=B68AD visible=0 active=0 z=0 hostWindow=0 hostedWindow=1 hostedSuperview=1
22:39:58.111 #2219 ws.hostState.deferBind surface=B68AD reason=hostNoWindow visible=0 active=0 z=0 hostedWindow=1 hostedSuperview=1
22:39:58.118 #2220 ws.hostState.rebindOnGeometry surface=B68AD reason=portalEntryMissing visible=0 active=0 z=0
22:39:58.126 #2221 sidebar.row.titlePaint workspace=7AB3E57F title=<redacted:3b>
22:39:58.128 #2222 sidebar.row.titlePaint workspace=4A50A4B3 title=<redacted:13b>
22:39:58.130 #2223 sidebar.row.titlePaint workspace=42E25BCA title=<redacted:13b>
22:39:58.132 #2224 sidebar.row.titlePaint workspace=A1DEFB72 title=<redacted:13b>
22:39:58.134 #2225 sidebar.row.titlePaint workspace=AD4CF065 title=<redacted:13b>
22:39:58.136 #2226 sidebar.row.titlePaint workspace=61B7357D title=<redacted:16b>
22:39:58.138 #2227 sidebar.row.titlePaint workspace=545B7176 title=<redacted:16b>
22:39:58.140 #2228 sidebar.row.titlePaint workspace=D1FD40D4 title=<redacted:16b>
22:39:58.142 #2229 sidebar.row.titlePaint workspace=9BB39338 title=<redacted:16b>
22:39:58.143 #2230 sidebar.row.titlePaint workspace=88E0CB7B title=<redacted:16b>
22:39:58.145 #2231 sidebar.row.titlePaint workspace=5C2DF2DB title=<redacted:16b>
22:39:58.147 #2232 sidebar.row.titlePaint workspace=2AE567F7 title=<redacted:16b>
22:39:58.149 #2233 sidebar.row.titlePaint workspace=BB3C48A9 title=<redacted:16b>
22:39:58.151 #2234 sidebar.row.titlePaint workspace=12B9D223 title=<redacted:16b>
22:39:58.201 #2235 terminal.portal.host.claim surface=B68AD reason=geometryChanged host=ObjectIdentifier(0x0000000beb054600) pane=E1978 inWin=1 size=760.0x644.0 replacingHost=nil
22:39:58.201 #2236 surface.attach surface=B68AD view=0x0000000bebfee800 attached=1 hasSurface=0 inWindow=1
22:39:58.201 #2237 surface.attach.create surface=B68AD inWindow=1
22:39:58.201 #2238 surface.attach.create.done surface=B68AD hasSurface=0
22:39:58.201 #2239 portal.bind hosted=0x0000000bebfeed00 anchor=0x0000000beb054600 prevAnchor=nil visible=0 prevVisible=0 z=0 prevZ=-9223372036854775808
22:39:58.202 #2240 portal.reparent hosted=0x0000000bebfeed00 reason=attach super=0x0000000be7a93200
22:39:58.202 #2241 surface.view.windowMove surface=B68AD inWindow=1 bounds=760.0x644.0 pending=760.0x644.0
22:39:58.202 #2242 surface.attach surface=B68AD view=0x0000000bebfee800 attached=1 hasSurface=0 inWindow=1
22:39:58.209 #2243 surface.headless_window.release surface=B68AD101 realWindow=ObjectIdentifier(0x0000000be7f96800)
22:39:58.209 #2244 surface.attach.create surface=B68AD inWindow=1
22:39:58.209 #2245 surface.attach.create.done surface=B68AD hasSurface=0
22:39:58.209 #2246 portal.bonsplit.container hosted=0x0000000bebfeed00 class=_TtGC7SwiftUI13NSHostingViewGV8Bonsplit17PaneContainerViewGVS_19_ConditionalContentGS3_GVS_15ModifiedContentV8cmux_DEV31RemoteTmuxWindowMirrorSplitViewVS_P10$232f25d3018TapGestureModifier_GS4_VS5_P10$12e2170f829WorkspacePanelContentHostViewS7___VS5_14EmptyPanelView_GS4_S9_S7____ frame=240.0,0.0 760.0x672.0 host=0.0,0.0 1000.0x700.0 anchor=240.0,0.0 760.0x644.0
22:39:58.209 #2247 portal.detach hosted=0x0000000bebbf4000 anchor=nil hadSuperview=1
22:39:58.209 #2248 surface.view.windowMove surface=BC081 inWindow=0 bounds=760.0x644.0 pending=760.0x644.0
22:39:58.214 #2249 portal.bonsplit.container hosted=0x0000000be9451e00 class=_TtGC7SwiftUI13NSHostingViewGV8Bonsplit17PaneContainerViewGVS_19_ConditionalContentGS3_GVS_15ModifiedContentV8cmux_DEV31RemoteTmuxWindowMirrorSplitViewVS_P10$232f25d3018TapGestureModifier_GS4_VS5_P10$12e2170f829WorkspacePanelContentHostViewS7___VS5_14EmptyPanelView_GS4_S9_S7____ frame=240.0,0.0 760.0x672.0 host=0.0,0.0 1000.0x700.0 anchor=240.0,0.0 760.0x644.0
22:39:58.214 #2250 surface.size.defer surface=BC081 reason=noWindow size=760.0x644.0
22:39:58.218 #2251 workspace.gitProbe.apply workspace=42E25 panel=B68AD branch=none dirty=0 pr=none
22:39:58.218 #2252 zoom.create surface=B68AD context=<redacted:40b>
22:39:58.221 #2253 surface.size.apply surface=B68AD101 caller=runtime.create.initial grid=99x35->94x37 pixels=800x600->760x644 target=760x644
22:39:58.221 #2254 surface.socket_input.flush surface=B68AD101 items=3 keys=0 bytes=142
22:39:58.221 #2255 zoom.create.done surface=B68AD context=<redacted:21b>
22:39:58.230 #2256 workspace.title.applyProcess workspace=4A50A from="Terminal 25" to="Terminal"
22:39:58.231 #2257 surface.socket_input.queue surface=44C235FF items=3 keys=0 bytes=142
22:39:58.231 #2258 notification.queue.drain batch=1 remaining=0 firstSeq=162 lastSeq=162
22:39:58.231 #2259 paneMemGuard.scan panes=25 maxMB=3 thresholdMB=8192 warned=0 scope=1
22:39:58.232 #2260 find.preparePanelFocusIntent surface=B68AD target=terminal
22:39:58.232 #2261 ws.term.active id=1 dt=100519.45ms surface=B68AD transition=0->1 active=1 visibleFlag=0 hostHidden=1 surfaceHidden=0 hiddenHierarchy=1 inWindow=1 hasSuperview=1 bounds=760.0x644.0 frame=760.0x644.0 firstResponder=GhosttyNSView
22:39:58.232 #2262 focus.ensure.defer surface=B68AD reason=not_visible
22:39:58.232 #2263 focus.ensure.defer surface=B68AD reason=not_visible
22:39:58.240 #2264 sidebar.table.rowsBuild items=25
22:39:58.270 #2265 ws.term.active id=1 dt=100557.44ms surface=B68AD transition=1->0 active=0 visibleFlag=0 hostHidden=1 surfaceHidden=0 hiddenHierarchy=1 inWindow=1 hasSuperview=1 bounds=760.0x644.0 frame=760.0x644.0 firstResponder=GhosttyNSView
22:39:58.272 #2266 forceRefresh: B68AD101-A0CF-4F4F-B771-372C75B19D6B reason=unspecified inWindow=true bounds=(0.0, 0.0, 760.0, 644.0) metalOK=false hasSurface=true
22:39:58.272 #2267 ws.term.visible id=1 dt=100559.02ms surface=B68AD transition=0->1 active=0 visibleFlag=1 hostHidden=0 surfaceHidden=0 hiddenHierarchy=0 inWindow=1 hasSuperview=1 bounds=760.0x644.0 frame=760.0x644.0 firstResponder=GhosttyNSView
22:39:58.272 #2268 ws.term.active id=1 dt=100559.08ms surface=B68AD transition=0->1 active=1 visibleFlag=1 hostHidden=0 surfaceHidden=0 hiddenHierarchy=0 inWindow=1 hasSuperview=1 bounds=760.0x644.0 frame=760.0x644.0 firstResponder=GhosttyNSView
22:39:58.272 #2269 workspace.backgroundPrime.finish workspace=42E25 reason=no_surface_work ms=352.72
22:39:58.272 #2270 ws.term.visible id=1 dt=100559.39ms surface=B68AD transition=1->0 active=1 visibleFlag=0 hostHidden=1 surfaceHidden=0 hiddenHierarchy=1 inWindow=1 hasSuperview=1 bounds=760.0x644.0 frame=760.0x644.0 firstResponder=GhosttyNSView
22:39:58.272 #2271 portal.hideEntry hosted=0x0000000bebfeed00 reason=workspaceUnmount
22:39:58.272 #2272 ws.mount.reconcile id=1 dt=100559.45ms hot=0 selected=7AB3E mounted=[7AB3E] added=[] removed=[42E25]
22:39:58.272 #2273 workspace.backgroundPrime.start workspace=4A50A
22:39:58.274 #2274 surface.view.windowMove surface=44C23 inWindow=1 bounds=800.0x600.0 pending=800.0x600.0
22:39:58.274 #2275 surface.attach surface=44C23 view=0x0000000beb42b200 attached=1 hasSurface=0 inWindow=1
22:39:58.274 #2276 surface.attach.create surface=44C23 inWindow=1
22:39:58.274 #2277 surface.attach.create.done surface=44C23 hasSurface=0
22:39:58.274 #2278 surface.size.resume surface=44C23 size=800.0x600.0 backing=800.0x600.0
22:39:58.274 #2279 ws.term.active id=1 dt=100561.40ms surface=44C23 transition=1->0 active=0 visibleFlag=0 hostHidden=1 surfaceHidden=0 hiddenHierarchy=1 inWindow=0 hasSuperview=1 bounds=800.0x600.0 frame=800.0x600.0 firstResponder=nil
22:39:58.274 #2280 surface.headless_window.adopt surface=44C235FF reason=input-demand window=ObjectIdentifier(0x0000000bdc875e00)
22:39:58.274 #2281 surface.headless_window.create surface=44C235FF reason=input-demand window=ObjectIdentifier(0x0000000bdc875e00)
22:39:58.274 #2282 surface.attach surface=44C23 view=0x0000000beb42b200 attached=1 hasSurface=0 inWindow=1
22:39:58.274 #2283 surface.attach.create surface=44C23 inWindow=1
22:39:58.274 #2284 surface.attach.create.done surface=44C23 hasSurface=0
22:39:58.275 #2285 surface.background_start surface=44C235FF inWindow=1 ready=0 source=inputDemand ms=2.54
22:39:58.277 #2286 find.applyFirstResponder.defer surface=B68AD reason=setActive
22:39:58.285 #2287 sidebar.table.rowsBuild items=25
22:39:58.303 #2288 ws.swiftui.dismantle id=1 dt=100590.45ms surface=B68AD inWindow=1
22:39:58.303 #2289 terminal.portal.host.authorityCleared surface=B68AD host=ObjectIdentifier(0x0000000beb054600) pane=E1978 generation=1 serial=12
22:39:58.303 #2290 terminal.portal.host.rearm surface=B68AD reason=dismantle host=ObjectIdentifier(0x0000000beb054600) pane=E1978 area=489440.0
22:39:58.344 #2291 surface.attach surface=F7F91 view=0x0000000bebfede00 attached=0 hasSurface=0 inWindow=0
22:39:58.344 #2292 surface.attach.defer surface=F7F91 reason=noWindow bounds=800.0x600.0
22:39:58.344 #2293 surface.size.defer surface=F7F91 reason=noWindow size=800.0x600.0
22:39:58.344 #2294 focus.bonsplit pane=40109
22:39:58.345 #2295 focus.split.apply.begin workspace=3AC44 pane=40109 tab=23BFB focusedPane=40109 selectedTab=23BFB reassert=1
22:39:58.345 #2296 find.preparePanelFocusIntent surface=F7F91 target=terminal
22:39:58.345 #2297 find.preparePanelFocusIntent surface=F7F91 target=terminal
22:39:58.345 #2298 focus.split.moveFocus workspace=3AC44 panel=F7F91 previousExists=0 to=F7F91
22:39:58.345 #2299 find.moveFocus to=F7F91 from=nil searchState=nil delayMs=0
22:39:58.345 #2300 focus.split.ensureFocus workspace=3AC44 panel=F7F91 pane=40109 tab=23BFB intent=terminal(cmux_DEV.TerminalPanelFocusIntent.surface)
22:39:58.345 #2301 focus.split.apply.end workspace=3AC44 panel=F7F91 type=TerminalPanel focusedPane=40109 selectedTab=23BFB prevPanel=F7F91
22:39:58.345 #2302 focus.bonsplit pane=40109
22:39:58.345 #2303 focus.split.apply.begin workspace=3AC44 pane=40109 tab=23BFB focusedPane=40109 selectedTab=23BFB reassert=1
22:39:58.345 #2304 find.preparePanelFocusIntent surface=F7F91 target=terminal
22:39:58.345 #2305 find.preparePanelFocusIntent surface=F7F91 target=terminal
22:39:58.345 #2306 focus.split.moveFocus workspace=3AC44 panel=F7F91 previousExists=0 to=F7F91
22:39:58.346 #2307 find.moveFocus to=F7F91 from=nil searchState=nil delayMs=0
22:39:58.346 #2308 focus.split.ensureFocus workspace=3AC44 panel=F7F91 pane=40109 tab=23BFB intent=terminal(cmux_DEV.TerminalPanelFocusIntent.surface)
22:39:58.346 #2309 focus.split.apply.end workspace=3AC44 panel=F7F91 type=TerminalPanel focusedPane=40109 selectedTab=23BFB prevPanel=F7F91
22:39:58.346 #2310 ws.term.visible id=1 dt=100633.18ms surface=F7F91 transition=1->0 active=1 visibleFlag=0 hostHidden=1 surfaceHidden=0 hiddenHierarchy=1 inWindow=0 hasSuperview=0 bounds=0.0x0.0 frame=0.0x0.0 firstResponder=nil
22:39:58.346 #2311 ws.mount.reconcile id=1 dt=100633.28ms hot=0 selected=7AB3E mounted=[7AB3E,4A50A] added=[4A50A] removed=[]
22:39:58.346 #2312 workspace.gitProbe.schedule workspace=3AC44 panel=F7F91 dir=<redacted:11b> reason=initial
22:39:58.347 #2313 workspace.customDescription.update workspace=3AC44C5B inputLen=0 inputNewlines=0 normalizedLen=0 normalizedNewlines=0 input=<redacted:22b>
22:39:58.354 #2314 sidebar.table.rowsBuild items=26
22:39:58.373 #2315 sidebar.table.rowsBuild items=26
22:39:58.390 #2316 ws.swiftui.update id=1 dt=100677.29ms surface=44C23 visible=0 active=0 z=0 hostWindow=0 hostedWindow=1 hostedSuperview=1
22:39:58.390 #2317 ws.hostState.deferBind surface=44C23 reason=hostNoWindow visible=0 active=0 z=0 hostedWindow=1 hostedSuperview=1
22:39:58.397 #2318 ws.hostState.rebindOnGeometry surface=44C23 reason=portalEntryMissing visible=0 active=0 z=0
22:39:58.407 #2319 portal.detach hosted=0x0000000bebfeed00 anchor=nil hadSuperview=1
22:39:58.408 #2320 surface.view.windowMove surface=B68AD inWindow=0 bounds=760.0x644.0 pending=760.0x644.0
22:39:58.408 #2321 surface.size.defer surface=B68AD reason=noWindow size=760.0x644.0
22:39:58.413 #2322 workspace.gitProbe.apply workspace=4A50A panel=44C23 branch=none dirty=0 pr=none
22:39:58.413 #2323 zoom.create surface=44C23 context=<redacted:40b>
22:39:58.416 #2324 surface.size.apply surface=44C235FF caller=runtime.create.initial grid=99x35->99x35 pixels=800x600->800x600 target=800x600
22:39:58.416 #2325 surface.socket_input.flush surface=44C235FF items=3 keys=0 bytes=142
22:39:58.416 #2326 zoom.create.done surface=44C23 context=<redacted:21b>
22:39:58.425 #2327 notification.queue.drain batch=4 remaining=0 firstSeq=164 lastSeq=168
22:39:58.425 #2328 surface.shellState workspace=42E25 panel=B68AD from=unknown to=commandRunning
22:39:58.429 #2329 sidebar.row.titlePaint workspace=7AB3E57F title=<redacted:3b>
22:39:58.429 #2330 sidebar.row.titlePaint workspace=3AC44C5B title=<redacted:13b>
22:39:58.429 #2331 sidebar.row.titlePaint workspace=4A50A4B3 title=<redacted:13b>
22:39:58.430 #2332 sidebar.row.titlePaint workspace=42E25BCA title=<redacted:13b>
22:39:58.430 #2333 sidebar.row.titlePaint workspace=A1DEFB72 title=<redacted:13b>
22:39:58.430 #2334 sidebar.row.titlePaint workspace=AD4CF065 title=<redacted:13b>
22:39:58.430 #2335 sidebar.row.titlePaint workspace=61B7357D title=<redacted:16b>
22:39:58.430 #2336 sidebar.row.titlePaint workspace=545B7176 title=<redacted:16b>
22:39:58.430 #2337 sidebar.row.titlePaint workspace=D1FD40D4 title=<redacted:16b>
22:39:58.431 #2338 sidebar.row.titlePaint workspace=9BB39338 title=<redacted:16b>
22:39:58.431 #2339 sidebar.row.titlePaint workspace=88E0CB7B title=<redacted:16b>
22:39:58.431 #2340 sidebar.row.titlePaint workspace=5C2DF2DB title=<redacted:16b>
22:39:58.431 #2341 sidebar.row.titlePaint workspace=2AE567F7 title=<redacted:16b>
22:39:58.431 #2342 sidebar.row.titlePaint workspace=BB3C48A9 title=<redacted:16b>
22:39:58.431 #2343 sidebar.row.titlePaint workspace=12B9D223 title=<redacted:16b>
22:39:58.431 #2344 sidebar.row.titlePaint workspace=CC803048 title=<redacted:16b>
22:39:58.431 #2345 sidebar.row.titlePaint workspace=021AC524 title=<redacted:16b>
22:39:58.432 #2346 sidebar.row.titlePaint workspace=0220BA90 title=<redacted:15b>
22:39:58.432 #2347 sidebar.row.titlePaint workspace=A9442F6F title=<redacted:15b>
22:39:58.432 #2348 sidebar.row.titlePaint workspace=C0EB2E56 title=<redacted:15b>
22:39:58.432 #2349 sidebar.row.titlePaint workspace=481B3CBD title=<redacted:15b>
22:39:58.432 #2350 sidebar.row.titlePaint workspace=D6AF905C title=<redacted:15b>
22:39:58.432 #2351 sidebar.row.titlePaint workspace=DE713FA3 title=<redacted:15b>
22:39:58.432 #2352 sidebar.row.titlePaint workspace=5A8310B9 title=<redacted:15b>
22:39:58.432 #2353 sidebar.row.titlePaint workspace=BE9B10CB title=<redacted:15b>
22:39:58.432 #2354 sidebar.row.titlePaint workspace=0786EE66 title=<redacted:15b>
22:39:58.435 #2355 sidebar.table.apply structural=1 contentChanges=25 rows=26
22:39:58.469 #2356 terminal.portal.host.claim surface=44C23 reason=geometryChanged host=ObjectIdentifier(0x0000000beb2b9500) pane=10031 inWin=1 size=760.0x644.0 replacingHost=nil
22:39:58.470 #2357 portal.bind hosted=0x0000000bec244000 anchor=0x0000000beb2b9500 prevAnchor=nil visible=0 prevVisible=0 z=0 prevZ=-9223372036854775808
22:39:58.470 #2358 surface.size.apply surface=44C235FF caller=layout() grid=99x35->94x37 pixels=800x600->760x644 target=760x644
22:39:58.470 #2359 portal.reparent hosted=0x0000000bec244000 reason=attach super=0x0000000bdc877980
22:39:58.470 #2360 surface.view.windowMove surface=44C23 inWindow=1 bounds=760.0x644.0 pending=760.0x644.0
22:39:58.470 #2361 surface.attach surface=44C23 view=0x0000000beb42b200 attached=1 hasSurface=1 inWindow=1
22:39:58.471 #2362 surface.headless_window.release surface=44C235FF realWindow=ObjectIdentifier(0x0000000be7f96800)
22:39:58.471 #2363 surface.attach.reuse surface=44C23 view=0x0000000beb42b200
22:39:58.471 #2364 portal.bonsplit.container hosted=0x0000000bec244000 class=_TtGC7SwiftUI13NSHostingViewGV8Bonsplit17PaneContainerViewGVS_19_ConditionalContentGS3_GVS_15ModifiedContentV8cmux_DEV31RemoteTmuxWindowMirrorSplitViewVS_P10$232f25d3018TapGestureModifier_GS4_VS5_P10$12e2170f829WorkspacePanelContentHostViewS7___VS5_14EmptyPanelView_GS4_S9_S7____ frame=240.0,0.0 760.0x672.0 host=0.0,0.0 1000.0x700.0 anchor=240.0,0.0 760.0x644.0
22:39:58.480 #2365 sidebar.table.rowsBuild items=26
22:39:58.512 #2366 sidebar.row.titlePaint workspace=7AB3E57F title=<redacted:3b>
22:39:58.514 #2367 sidebar.row.titlePaint workspace=3AC44C5B title=<redacted:13b>
22:39:58.516 #2368 sidebar.row.titlePaint workspace=4A50A4B3 title=<redacted:13b>
22:39:58.518 #2369 sidebar.row.titlePaint workspace=42E25BCA title=<redacted:13b>
22:39:58.520 #2370 sidebar.row.titlePaint workspace=A1DEFB72 title=<redacted:13b>
22:39:58.521 #2371 sidebar.row.titlePaint workspace=AD4CF065 title=<redacted:13b>
22:39:58.523 #2372 sidebar.row.titlePaint workspace=61B7357D title=<redacted:16b>
22:39:58.525 #2373 sidebar.row.titlePaint workspace=545B7176 title=<redacted:16b>
22:39:58.527 #2374 sidebar.row.titlePaint workspace=D1FD40D4 title=<redacted:16b>
22:39:58.529 #2375 sidebar.row.titlePaint workspace=9BB39338 title=<redacted:16b>
22:39:58.531 #2376 sidebar.row.titlePaint workspace=88E0CB7B title=<redacted:16b>
22:39:58.533 #2377 sidebar.row.titlePaint workspace=5C2DF2DB title=<redacted:16b>
22:39:58.534 #2378 sidebar.row.titlePaint workspace=2AE567F7 title=<redacted:16b>
22:39:58.536 #2379 sidebar.row.titlePaint workspace=BB3C48A9 title=<redacted:16b>
22:39:58.590 #2380 workspace.title.applyProcess workspace=3AC44 from="Terminal 26" to="Terminal"
22:39:58.590 #2381 surface.socket_input.queue surface=F7F918E4 items=3 keys=0 bytes=142
22:39:58.591 #2382 find.preparePanelFocusIntent surface=44C23 target=terminal
22:39:58.591 #2383 ws.term.active id=1 dt=100878.17ms surface=44C23 transition=0->1 active=1 visibleFlag=0 hostHidden=1 surfaceHidden=0 hiddenHierarchy=1 inWindow=1 hasSuperview=1 bounds=760.0x644.0 frame=760.0x644.0 firstResponder=GhosttyNSView
22:39:58.591 #2384 focus.ensure.defer surface=44C23 reason=not_visible
22:39:58.591 #2385 focus.ensure.defer surface=44C23 reason=not_visible
22:39:58.592 #2386 workspace.backgroundPrime.finish workspace=4A50A reason=no_surface_work ms=319.48
22:39:58.592 #2387 portal.hideEntry hosted=0x0000000bec244000 reason=workspaceUnmount
22:39:58.592 #2388 ws.mount.reconcile id=1 dt=100879.15ms hot=0 selected=7AB3E mounted=[7AB3E] added=[] removed=[4A50A]
22:39:58.592 #2389 workspace.backgroundPrime.start workspace=3AC44
22:39:58.592 #2390 notification.queue.drain batch=5 remaining=0 firstSeq=169 lastSeq=173
22:39:58.592 #2391 surface.shellState workspace=4A50A panel=44C23 from=unknown to=promptIdle
22:39:58.592 #2392 workspace.prRefresh.schedule workspace=4A50A panel=44C23 reason=shellPrompt
22:39:58.601 #2393 sidebar.table.rowsBuild items=26
22:39:58.622 #2394 ws.swiftui.dismantle id=1 dt=100909.22ms surface=44C23 inWindow=1
22:39:58.622 #2395 terminal.portal.host.authorityCleared surface=44C23 host=ObjectIdentifier(0x0000000beb2b9500) pane=10031 generation=1 serial=13
22:39:58.622 #2396 terminal.portal.host.rearm surface=44C23 reason=dismantle host=ObjectIdentifier(0x0000000beb2b9500) pane=10031 area=489440.0
22:39:58.625 #2397 portal.detach hosted=0x0000000bec244000 anchor=0x0000000beb2b9500 hadSuperview=1
22:39:58.626 #2398 surface.view.windowMove surface=44C23 inWindow=0 bounds=760.0x644.0 pending=760.0x644.0
22:39:58.626 #2399 portal.bonsplit.container hosted=0x0000000be9451e00 class=_TtGC7SwiftUI13NSHostingViewGV8Bonsplit17PaneContainerViewGVS_19_ConditionalContentGS3_GVS_15ModifiedContentV8cmux_DEV31RemoteTmuxWindowMirrorSplitViewVS_P10$232f25d3018TapGestureModifier_GS4_VS5_P10$12e2170f829WorkspacePanelContentHostViewS7___VS5_14EmptyPanelView_GS4_S9_S7____ frame=240.0,0.0 760.0x672.0 host=0.0,0.0 1000.0x700.0 anchor=240.0,0.0 760.0x644.0
22:39:58.636 #2400 surface.view.windowMove surface=F7F91 inWindow=1 bounds=800.0x600.0 pending=800.0x600.0
22:39:58.636 #2401 surface.attach surface=F7F91 view=0x0000000bebfede00 attached=1 hasSurface=0 inWindow=1
22:39:58.636 #2402 surface.attach.create surface=F7F91 inWindow=1
22:39:58.636 #2403 surface.attach.create.done surface=F7F91 hasSurface=0
22:39:58.636 #2404 surface.size.resume surface=F7F91 size=800.0x600.0 backing=800.0x600.0
22:39:58.636 #2405 ws.term.active id=1 dt=100923.42ms surface=F7F91 transition=1->0 active=0 visibleFlag=0 hostHidden=1 surfaceHidden=0 hiddenHierarchy=1 inWindow=0 hasSuperview=1 bounds=800.0x600.0 frame=800.0x600.0 firstResponder=nil
22:39:58.636 #2406 surface.headless_window.adopt surface=F7F918E4 reason=input-demand window=ObjectIdentifier(0x0000000be07ba300)
22:39:58.636 #2407 surface.headless_window.create surface=F7F918E4 reason=input-demand window=ObjectIdentifier(0x0000000be07ba300)
22:39:58.636 #2408 surface.attach surface=F7F91 view=0x0000000bebfede00 attached=1 hasSurface=0 inWindow=1
22:39:58.636 #2409 surface.attach.create surface=F7F91 inWindow=1
22:39:58.636 #2410 surface.attach.create.done surface=F7F91 hasSurface=0
22:39:58.637 #2411 surface.background_start surface=F7F918E4 inWindow=1 ready=0 source=inputDemand ms=2.58
22:39:58.638 #2412 find.applyFirstResponder.defer surface=44C23 reason=setActive
22:39:58.639 #2413 surface.size.defer surface=44C23 reason=noWindow size=760.0x644.0
22:39:58.639 #2414 notification.queue.drain batch=3 remaining=0 firstSeq=174 lastSeq=176
22:39:58.639 #2415 surface.shellState workspace=4A50A panel=44C23 from=promptIdle to=commandRunning
22:39:58.644 #2416 workspace.gitProbe.apply workspace=3AC44 panel=F7F91 branch=none dirty=0 pr=none
22:39:58.644 #2417 zoom.create surface=F7F91 context=<redacted:40b>
22:39:58.647 #2418 surface.size.apply surface=F7F918E4 caller=runtime.create.initial grid=99x35->99x35 pixels=800x600->800x600 target=800x600
22:39:58.647 #2419 surface.socket_input.flush surface=F7F918E4 items=3 keys=0 bytes=142
22:39:58.647 #2420 zoom.create.done surface=F7F91 context=<redacted:21b>
22:39:58.648 #2421 ws.mount.reconcile id=1 dt=100934.86ms hot=0 selected=7AB3E mounted=[7AB3E,3AC44] added=[3AC44] removed=[]
22:39:58.659 #2422 surface.attach surface=FA53D view=0x0000000bebfec500 attached=0 hasSurface=0 inWindow=0
22:39:58.659 #2423 surface.attach.defer surface=FA53D reason=noWindow bounds=800.0x600.0
22:39:58.659 #2424 surface.size.defer surface=FA53D reason=noWindow size=800.0x600.0
22:39:58.660 #2425 focus.bonsplit pane=080C4
22:39:58.660 #2426 focus.split.apply.begin workspace=123BE pane=080C4 tab=90A32 focusedPane=080C4 selectedTab=90A32 reassert=1
22:39:58.660 #2427 find.preparePanelFocusIntent surface=FA53D target=terminal
22:39:58.660 #2428 find.preparePanelFocusIntent surface=FA53D target=terminal
22:39:58.660 #2429 focus.split.moveFocus workspace=123BE panel=FA53D previousExists=0 to=FA53D
22:39:58.660 #2430 find.moveFocus to=FA53D from=nil searchState=nil delayMs=0
22:39:58.660 #2431 focus.split.ensureFocus workspace=123BE panel=FA53D pane=080C4 tab=90A32 intent=terminal(cmux_DEV.TerminalPanelFocusIntent.surface)
22:39:58.661 #2432 focus.split.apply.end workspace=123BE panel=FA53D type=TerminalPanel focusedPane=080C4 selectedTab=90A32 prevPanel=FA53D
22:39:58.661 #2433 focus.bonsplit pane=080C4
22:39:58.661 #2434 focus.split.apply.begin workspace=123BE pane=080C4 tab=90A32 focusedPane=080C4 selectedTab=90A32 reassert=1
22:39:58.661 #2435 find.preparePanelFocusIntent surface=FA53D target=terminal
22:39:58.661 #2436 find.preparePanelFocusIntent surface=FA53D target=terminal
22:39:58.661 #2437 focus.split.moveFocus workspace=123BE panel=FA53D previousExists=0 to=FA53D
22:39:58.661 #2438 find.moveFocus to=FA53D from=nil searchState=nil delayMs=0
22:39:58.661 #2439 focus.split.ensureFocus workspace=123BE panel=FA53D pane=080C4 tab=90A32 intent=terminal(cmux_DEV.TerminalPanelFocusIntent.surface)
22:39:58.661 #2440 focus.split.apply.end workspace=123BE panel=FA53D type=TerminalPanel focusedPane=080C4 selectedTab=90A32 prevPanel=FA53D
22:39:58.661 #2441 ws.term.visible id=1 dt=100948.45ms surface=FA53D transition=1->0 active=1 visibleFlag=0 hostHidden=1 surfaceHidden=0 hiddenHierarchy=1 inWindow=0 hasSuperview=0 bounds=0.0x0.0 frame=0.0x0.0 firstResponder=nil
22:39:58.661 #2442 ws.mount.reconcile id=1 dt=100948.57ms hot=0 selected=7AB3E mounted=[7AB3E] added=[] removed=[3AC44]
22:39:58.661 #2443 workspace.gitProbe.schedule workspace=123BE panel=FA53D dir=<redacted:11b> reason=initial
22:39:58.662 #2444 workspace.customDescription.update workspace=123BE47C inputLen=0 inputNewlines=0 normalizedLen=0 normalizedNewlines=0 input=<redacted:22b>
22:39:58.666 #2445 sidebar.snapshot.refresh requested=26
22:39:58.674 #2446 sidebar.table.rowsBuild items=27
22:39:58.701 #2447 sidebar.row.titlePaint workspace=7AB3E57F title=<redacted:3b>
22:39:58.701 #2448 sidebar.row.titlePaint workspace=123BE47C title=<redacted:13b>
22:39:58.701 #2449 sidebar.row.titlePaint workspace=3AC44C5B title=<redacted:10b>
22:39:58.702 #2450 sidebar.row.titlePaint workspace=61B7357D title=<redacted:16b>
22:39:58.702 #2451 sidebar.row.titlePaint workspace=545B7176 title=<redacted:16b>
22:39:58.702 #2452 sidebar.row.titlePaint workspace=D1FD40D4 title=<redacted:16b>
22:39:58.702 #2453 sidebar.row.titlePaint workspace=9BB39338 title=<redacted:16b>
22:39:58.703 #2454 sidebar.row.titlePaint workspace=88E0CB7B title=<redacted:16b>
22:39:58.703 #2455 sidebar.row.titlePaint workspace=5C2DF2DB title=<redacted:16b>
22:39:58.703 #2456 sidebar.row.titlePaint workspace=2AE567F7 title=<redacted:16b>
22:39:58.703 #2457 sidebar.row.titlePaint workspace=BB3C48A9 title=<redacted:16b>
22:39:58.703 #2458 sidebar.row.titlePaint workspace=12B9D223 title=<redacted:16b>
22:39:58.703 #2459 sidebar.row.titlePaint workspace=CC803048 title=<redacted:16b>
22:39:58.703 #2460 sidebar.row.titlePaint workspace=021AC524 title=<redacted:16b>
22:39:58.704 #2461 sidebar.row.titlePaint workspace=0220BA90 title=<redacted:15b>
22:39:58.704 #2462 sidebar.row.titlePaint workspace=A9442F6F title=<redacted:15b>
22:39:58.704 #2463 sidebar.row.titlePaint workspace=C0EB2E56 title=<redacted:15b>
22:39:58.704 #2464 sidebar.row.titlePaint workspace=481B3CBD title=<redacted:15b>
22:39:58.704 #2465 sidebar.row.titlePaint workspace=D6AF905C title=<redacted:15b>
22:39:58.704 #2466 sidebar.row.titlePaint workspace=DE713FA3 title=<redacted:15b>
22:39:58.704 #2467 sidebar.row.titlePaint workspace=5A8310B9 title=<redacted:15b>
22:39:58.704 #2468 sidebar.row.titlePaint workspace=BE9B10CB title=<redacted:15b>
22:39:58.705 #2469 sidebar.row.titlePaint workspace=0786EE66 title=<redacted:15b>
22:39:58.709 #2470 sidebar.table.apply structural=1 contentChanges=26 rows=27
22:39:58.751 #2471 sidebar.row.titlePaint workspace=7AB3E57F title=<redacted:3b>
22:39:58.753 #2472 sidebar.row.titlePaint workspace=123BE47C title=<redacted:13b>
22:39:58.755 #2473 sidebar.row.titlePaint workspace=3AC44C5B title=<redacted:10b>
22:39:58.757 #2474 sidebar.row.titlePaint workspace=4A50A4B3 title=<redacted:10b>
22:39:58.759 #2475 sidebar.row.titlePaint workspace=42E25BCA title=<redacted:10b>
22:39:58.761 #2476 sidebar.row.titlePaint workspace=A1DEFB72 title=<redacted:10b>
22:39:58.763 #2477 sidebar.row.titlePaint workspace=AD4CF065 title=<redacted:10b>
22:39:58.765 #2478 sidebar.row.titlePaint workspace=61B7357D title=<redacted:16b>
22:39:58.767 #2479 sidebar.row.titlePaint workspace=545B7176 title=<redacted:16b>
22:39:58.769 #2480 sidebar.row.titlePaint workspace=D1FD40D4 title=<redacted:16b>
22:39:58.770 #2481 sidebar.row.titlePaint workspace=9BB39338 title=<redacted:16b>
22:39:58.772 #2482 sidebar.row.titlePaint workspace=88E0CB7B title=<redacted:16b>
22:39:58.774 #2483 sidebar.row.titlePaint workspace=5C2DF2DB title=<redacted:16b>
22:39:58.776 #2484 sidebar.row.titlePaint workspace=2AE567F7 title=<redacted:16b>
22:39:58.824 #2485 workspace.backgroundPrime.finish workspace=3AC44 reason=no_surface_work ms=231.98
22:39:58.824 #2486 workspace.title.applyProcess workspace=123BE from="Terminal 27" to="Terminal"
22:39:58.825 #2487 surface.socket_input.queue surface=FA53D80E items=3 keys=0 bytes=142
22:39:58.826 #2488 notification.queue.drain batch=4 remaining=0 firstSeq=177 lastSeq=180
22:39:58.826 #2489 surface.shellState workspace=3AC44 panel=F7F91 from=unknown to=promptIdle
22:39:58.826 #2490 workspace.prRefresh.schedule workspace=3AC44 panel=F7F91 reason=shellPrompt
22:39:58.835 #2491 sidebar.table.rowsBuild items=27
22:39:58.859 #2492 surface.view.windowMove surface=FA53D inWindow=1 bounds=800.0x600.0 pending=800.0x600.0
22:39:58.859 #2493 surface.attach surface=FA53D view=0x0000000bebfec500 attached=1 hasSurface=0 inWindow=1
22:39:58.859 #2494 surface.attach.create surface=FA53D inWindow=1
22:39:58.859 #2495 surface.attach.create.done surface=FA53D hasSurface=0
22:39:58.859 #2496 surface.size.resume surface=FA53D size=800.0x600.0 backing=800.0x600.0
22:39:58.859 #2497 ws.term.active id=1 dt=101146.27ms surface=FA53D transition=1->0 active=0 visibleFlag=0 hostHidden=1 surfaceHidden=0 hiddenHierarchy=1 inWindow=0 hasSuperview=1 bounds=800.0x600.0 frame=800.0x600.0 firstResponder=nil
22:39:58.859 #2498 surface.headless_window.adopt surface=FA53D80E reason=input-demand window=ObjectIdentifier(0x0000000be166f480)
22:39:58.859 #2499 surface.headless_window.create surface=FA53D80E reason=input-demand window=ObjectIdentifier(0x0000000be166f480)
22:39:58.859 #2500 surface.attach surface=FA53D view=0x0000000bebfec500 attached=1 hasSurface=0 inWindow=1
22:39:58.859 #2501 surface.attach.create surface=FA53D inWindow=1
22:39:58.859 #2502 surface.attach.create.done surface=FA53D hasSurface=0
22:39:58.860 #2503 surface.background_start surface=FA53D80E inWindow=1 ready=0 source=inputDemand ms=2.36
22:39:58.862 #2504 notification.queue.drain batch=3 remaining=0 firstSeq=181 lastSeq=183
22:39:58.862 #2505 surface.shellState workspace=3AC44 panel=F7F91 from=promptIdle to=commandRunning
22:39:58.869 #2506 workspace.gitProbe.apply workspace=123BE panel=FA53D branch=none dirty=0 pr=none
22:39:58.870 #2507 zoom.create surface=FA53D context=<redacted:40b>
22:39:58.873 #2508 surface.size.apply surface=FA53D80E caller=runtime.create.initial grid=99x35->99x35 pixels=800x600->800x600 target=800x600
22:39:58.873 #2509 surface.socket_input.flush surface=FA53D80E items=3 keys=0 bytes=142
22:39:58.873 #2510 zoom.create.done surface=FA53D context=<redacted:21b>
22:39:58.885 #2511 sidebar.snapshot.refresh requested=27
22:39:58.886 #2512 sidebar.table.rowsBuild items=27
22:39:58.899 #2513 sidebar.row.titlePaint workspace=123BE47C title=<redacted:10b>
22:39:58.900 #2514 sidebar.table.apply structural=0 contentChanges=1 rows=27
22:39:58.900 #2515 sidebar.row.titlePaint workspace=123BE47C title=<redacted:10b>
22:39:58.911 #2516 surface.attach surface=595AB view=0x0000000bec247700 attached=0 hasSurface=0 inWindow=0
22:39:58.911 #2517 surface.attach.defer surface=595AB reason=noWindow bounds=800.0x600.0
22:39:58.911 #2518 surface.size.defer surface=595AB reason=noWindow size=800.0x600.0
22:39:58.911 #2519 focus.bonsplit pane=59F8A
22:39:58.911 #2520 focus.split.apply.begin workspace=5F955 pane=59F8A tab=2327B focusedPane=59F8A selectedTab=2327B reassert=1
22:39:58.911 #2521 find.preparePanelFocusIntent surface=595AB target=terminal
22:39:58.911 #2522 find.preparePanelFocusIntent surface=595AB target=terminal
22:39:58.911 #2523 focus.split.moveFocus workspace=5F955 panel=595AB previousExists=0 to=595AB
22:39:58.911 #2524 find.moveFocus to=595AB from=nil searchState=nil delayMs=0
22:39:58.911 #2525 focus.split.ensureFocus workspace=5F955 panel=595AB pane=59F8A tab=2327B intent=terminal(cmux_DEV.TerminalPanelFocusIntent.surface)
22:39:58.912 #2526 focus.split.apply.end workspace=5F955 panel=595AB type=TerminalPanel focusedPane=59F8A selectedTab=2327B prevPanel=595AB
22:39:58.912 #2527 focus.bonsplit pane=59F8A
22:39:58.912 #2528 focus.split.apply.begin workspace=5F955 pane=59F8A tab=2327B focusedPane=59F8A selectedTab=2327B reassert=1
22:39:58.912 #2529 find.preparePanelFocusIntent surface=595AB target=terminal
22:39:58.912 #2530 find.preparePanelFocusIntent surface=595AB target=terminal
22:39:58.912 #2531 focus.split.moveFocus workspace=5F955 panel=595AB previousExists=0 to=595AB
22:39:58.912 #2532 find.moveFocus to=595AB from=nil searchState=nil delayMs=0
22:39:58.912 #2533 focus.split.ensureFocus workspace=5F955 panel=595AB pane=59F8A tab=2327B intent=terminal(cmux_DEV.TerminalPanelFocusIntent.surface)
22:39:58.912 #2534 focus.split.apply.end workspace=5F955 panel=595AB type=TerminalPanel focusedPane=59F8A selectedTab=2327B prevPanel=595AB
22:39:58.912 #2535 ws.term.visible id=1 dt=101199.70ms surface=595AB transition=1->0 active=1 visibleFlag=0 hostHidden=1 surfaceHidden=0 hiddenHierarchy=1 inWindow=0 hasSuperview=0 bounds=0.0x0.0 frame=0.0x0.0 firstResponder=nil
22:39:58.913 #2536 workspace.gitProbe.schedule workspace=5F955 panel=595AB dir=<redacted:11b> reason=initial
22:39:58.913 #2537 workspace.customDescription.update workspace=5F9554FC inputLen=0 inputNewlines=0 normalizedLen=0 normalizedNewlines=0 input=<redacted:22b>
22:39:58.921 #2538 sidebar.table.rowsBuild items=28
22:39:58.949 #2539 sidebar.row.titlePaint workspace=7AB3E57F title=<redacted:3b>
22:39:58.950 #2540 sidebar.row.titlePaint workspace=5F9554FC title=<redacted:13b>
22:39:58.950 #2541 sidebar.row.titlePaint workspace=123BE47C title=<redacted:10b>
22:39:58.951 #2542 sidebar.row.titlePaint workspace=61B7357D title=<redacted:16b>
22:39:58.951 #2543 sidebar.row.titlePaint workspace=545B7176 title=<redacted:16b>
22:39:58.951 #2544 sidebar.row.titlePaint workspace=D1FD40D4 title=<redacted:16b>
22:39:58.951 #2545 sidebar.row.titlePaint workspace=9BB39338 title=<redacted:16b>
22:39:58.951 #2546 sidebar.row.titlePaint workspace=88E0CB7B title=<redacted:16b>
22:39:58.951 #2547 sidebar.row.titlePaint workspace=5C2DF2DB title=<redacted:16b>
22:39:58.951 #2548 sidebar.row.titlePaint workspace=2AE567F7 title=<redacted:16b>
22:39:58.951 #2549 sidebar.row.titlePaint workspace=BB3C48A9 title=<redacted:16b>
22:39:58.951 #2550 sidebar.row.titlePaint workspace=12B9D223 title=<redacted:16b>
22:39:58.951 #2551 sidebar.row.titlePaint workspace=CC803048 title=<redacted:16b>
22:39:58.952 #2552 sidebar.row.titlePaint workspace=021AC524 title=<redacted:16b>
22:39:58.952 #2553 sidebar.row.titlePaint workspace=0220BA90 title=<redacted:15b>
22:39:58.952 #2554 sidebar.row.titlePaint workspace=A9442F6F title=<redacted:15b>
22:39:58.952 #2555 sidebar.row.titlePaint workspace=C0EB2E56 title=<redacted:15b>
22:39:58.952 #2556 sidebar.row.titlePaint workspace=481B3CBD title=<redacted:15b>
22:39:58.952 #2557 sidebar.row.titlePaint workspace=D6AF905C title=<redacted:15b>
22:39:58.952 #2558 sidebar.row.titlePaint workspace=DE713FA3 title=<redacted:15b>
22:39:58.952 #2559 sidebar.row.titlePaint workspace=5A8310B9 title=<redacted:15b>
22:39:58.952 #2560 sidebar.row.titlePaint workspace=BE9B10CB title=<redacted:15b>
22:39:58.952 #2561 sidebar.row.titlePaint workspace=0786EE66 title=<redacted:15b>
22:39:58.955 #2562 sidebar.table.apply structural=1 contentChanges=27 rows=28
22:39:58.997 #2563 sidebar.row.titlePaint workspace=7AB3E57F title=<redacted:3b>
22:39:58.999 #2564 sidebar.row.titlePaint workspace=5F9554FC title=<redacted:13b>
22:39:59.001 #2565 sidebar.row.titlePaint workspace=123BE47C title=<redacted:10b>
22:39:59.003 #2566 sidebar.row.titlePaint workspace=3AC44C5B title=<redacted:10b>
22:39:59.005 #2567 sidebar.row.titlePaint workspace=4A50A4B3 title=<redacted:10b>
22:39:59.007 #2568 sidebar.row.titlePaint workspace=42E25BCA title=<redacted:10b>
22:39:59.009 #2569 sidebar.row.titlePaint workspace=A1DEFB72 title=<redacted:10b>
22:39:59.010 #2570 sidebar.row.titlePaint workspace=AD4CF065 title=<redacted:10b>
22:39:59.012 #2571 sidebar.row.titlePaint workspace=61B7357D title=<redacted:16b>
22:39:59.014 #2572 sidebar.row.titlePaint workspace=545B7176 title=<redacted:16b>
22:39:59.016 #2573 sidebar.row.titlePaint workspace=D1FD40D4 title=<redacted:16b>
22:39:59.018 #2574 sidebar.row.titlePaint workspace=9BB39338 title=<redacted:16b>
22:39:59.020 #2575 sidebar.row.titlePaint workspace=88E0CB7B title=<redacted:16b>
22:39:59.021 #2576 sidebar.row.titlePaint workspace=5C2DF2DB title=<redacted:16b>
22:39:59.074 #2577 workspace.title.applyProcess workspace=5F955 from="Terminal 28" to="Terminal"
22:39:59.075 #2578 surface.socket_input.queue surface=595ABBEC items=3 keys=0 bytes=142
22:39:59.075 #2579 notification.queue.drain batch=4 remaining=0 firstSeq=185 lastSeq=189
22:39:59.076 #2580 surface.shellState workspace=123BE panel=FA53D from=unknown to=commandRunning
22:39:59.076 #2581 workspace.backgroundPrime.start workspace=5F955
22:39:59.084 #2582 sidebar.table.rowsBuild items=28
22:39:59.108 #2583 surface.view.windowMove surface=595AB inWindow=1 bounds=800.0x600.0 pending=800.0x600.0
22:39:59.108 #2584 surface.attach surface=595AB view=0x0000000bec247700 attached=1 hasSurface=0 inWindow=1
22:39:59.108 #2585 surface.attach.create surface=595AB inWindow=1
22:39:59.108 #2586 surface.attach.create.done surface=595AB hasSurface=0
22:39:59.108 #2587 surface.size.resume surface=595AB size=800.0x600.0 backing=800.0x600.0
22:39:59.108 #2588 ws.term.active id=1 dt=101395.69ms surface=595AB transition=1->0 active=0 visibleFlag=0 hostHidden=1 surfaceHidden=0 hiddenHierarchy=1 inWindow=0 hasSuperview=1 bounds=800.0x600.0 frame=800.0x600.0 firstResponder=nil
22:39:59.108 #2589 surface.headless_window.adopt surface=595ABBEC reason=input-demand window=ObjectIdentifier(0x0000000bdcb77980)
22:39:59.108 #2590 surface.headless_window.create surface=595ABBEC reason=input-demand window=ObjectIdentifier(0x0000000bdcb77980)
22:39:59.108 #2591 surface.attach surface=595AB view=0x0000000bec247700 attached=1 hasSurface=0 inWindow=1
22:39:59.108 #2592 surface.attach.create surface=595AB inWindow=1
22:39:59.108 #2593 surface.attach.create.done surface=595AB hasSurface=0
22:39:59.109 #2594 surface.background_start surface=595ABBEC inWindow=1 ready=0 source=inputDemand ms=2.49
22:39:59.109 #2595 notification.queue.drain batch=1 remaining=0 firstSeq=190 lastSeq=190
22:39:59.119 #2596 workspace.gitProbe.apply workspace=5F955 panel=595AB branch=none dirty=0 pr=none
22:39:59.119 #2597 zoom.create surface=595AB context=<redacted:40b>
22:39:59.122 #2598 surface.size.apply surface=595ABBEC caller=runtime.create.initial grid=99x35->99x35 pixels=800x600->800x600 target=800x600
22:39:59.122 #2599 surface.socket_input.flush surface=595ABBEC items=3 keys=0 bytes=142
22:39:59.122 #2600 zoom.create.done surface=595AB context=<redacted:21b>
22:39:59.132 #2601 ws.mount.reconcile id=1 dt=101418.80ms hot=0 selected=7AB3E mounted=[7AB3E,5F955] added=[5F955] removed=[]
22:39:59.136 #2602 sidebar.snapshot.refresh requested=28
22:39:59.145 #2603 sidebar.table.rowsBuild items=28
22:39:59.164 #2604 sidebar.table.rowsBuild items=28
22:39:59.182 #2605 sidebar.row.titlePaint workspace=5F9554FC title=<redacted:10b>
22:39:59.183 #2606 sidebar.table.apply structural=0 contentChanges=1 rows=28
22:39:59.183 #2607 sidebar.row.titlePaint workspace=5F9554FC title=<redacted:10b>
22:39:59.196 #2608 ws.swiftui.update id=1 dt=101482.83ms surface=595AB visible=0 active=0 z=0 hostWindow=0 hostedWindow=1 hostedSuperview=1
22:39:59.196 #2609 ws.hostState.deferBind surface=595AB reason=hostNoWindow visible=0 active=0 z=0 hostedWindow=1 hostedSuperview=1
22:39:59.204 #2610 ws.hostState.rebindOnGeometry surface=595AB reason=portalEntryMissing visible=0 active=0 z=0
22:39:59.215 #2611 terminal.portal.host.claim surface=595AB reason=geometryChanged host=ObjectIdentifier(0x0000000becbf6d00) pane=59F8A inWin=1 size=760.0x644.0 replacingHost=nil
22:39:59.216 #2612 portal.bind hosted=0x0000000beb01b700 anchor=0x0000000becbf6d00 prevAnchor=nil visible=0 prevVisible=0 z=0 prevZ=-9223372036854775808
22:39:59.216 #2613 surface.size.apply surface=595ABBEC caller=layout() grid=99x35->94x37 pixels=800x600->760x644 target=760x644
22:39:59.216 #2614 portal.reparent hosted=0x0000000beb01b700 reason=attach super=0x0000000be15b3480
22:39:59.217 #2615 surface.view.windowMove surface=595AB inWindow=1 bounds=760.0x644.0 pending=760.0x644.0
22:39:59.217 #2616 surface.attach surface=595AB view=0x0000000bec247700 attached=1 hasSurface=1 inWindow=1
22:39:59.217 #2617 surface.headless_window.release surface=595ABBEC realWindow=ObjectIdentifier(0x0000000be7f96800)
22:39:59.217 #2618 surface.attach.reuse surface=595AB view=0x0000000bec247700
22:39:59.218 #2619 portal.bonsplit.container hosted=0x0000000beb01b700 class=_TtGC7SwiftUI13NSHostingViewGV8Bonsplit17PaneContainerViewGVS_19_ConditionalContentGS3_GVS_15ModifiedContentV8cmux_DEV31RemoteTmuxWindowMirrorSplitViewVS_P10$232f25d3018TapGestureModifier_GS4_VS5_P10$12e2170f829WorkspacePanelContentHostViewS7___VS5_14EmptyPanelView_GS4_S9_S7____ frame=240.0,0.0 760.0x672.0 host=0.0,0.0 1000.0x700.0 anchor=240.0,0.0 760.0x644.0
22:39:59.228 #2620 surface.attach surface=519DF view=0x0000000becbfc000 attached=0 hasSurface=0 inWindow=0
22:39:59.228 #2621 surface.attach.defer surface=519DF reason=noWindow bounds=800.0x600.0
22:39:59.228 #2622 surface.size.defer surface=519DF reason=noWindow size=800.0x600.0
22:39:59.228 #2623 focus.bonsplit pane=1A0EF
22:39:59.228 #2624 focus.split.apply.begin workspace=5545B pane=1A0EF tab=22BFF focusedPane=1A0EF selectedTab=22BFF reassert=1
22:39:59.228 #2625 find.preparePanelFocusIntent surface=519DF target=terminal
22:39:59.228 #2626 find.preparePanelFocusIntent surface=519DF target=terminal
22:39:59.228 #2627 focus.split.moveFocus workspace=5545B panel=519DF previousExists=0 to=519DF
22:39:59.228 #2628 find.moveFocus to=519DF from=nil searchState=nil delayMs=0
22:39:59.228 #2629 focus.split.ensureFocus workspace=5545B panel=519DF pane=1A0EF tab=22BFF intent=terminal(cmux_DEV.TerminalPanelFocusIntent.surface)
22:39:59.229 #2630 focus.split.apply.end workspace=5545B panel=519DF type=TerminalPanel focusedPane=1A0EF selectedTab=22BFF prevPanel=519DF
22:39:59.229 #2631 focus.bonsplit pane=1A0EF
22:39:59.229 #2632 focus.split.apply.begin workspace=5545B pane=1A0EF tab=22BFF focusedPane=1A0EF selectedTab=22BFF reassert=1
22:39:59.229 #2633 find.preparePanelFocusIntent surface=519DF target=terminal
22:39:59.229 #2634 find.preparePanelFocusIntent surface=519DF target=terminal
22:39:59.229 #2635 focus.split.moveFocus workspace=5545B panel=519DF previousExists=0 to=519DF
22:39:59.229 #2636 find.moveFocus to=519DF from=nil searchState=nil delayMs=0
22:39:59.229 #2637 focus.split.ensureFocus workspace=5545B panel=519DF pane=1A0EF tab=22BFF intent=terminal(cmux_DEV.TerminalPanelFocusIntent.surface)
22:39:59.229 #2638 focus.split.apply.end workspace=5545B panel=519DF type=TerminalPanel focusedPane=1A0EF selectedTab=22BFF prevPanel=519DF
22:39:59.229 #2639 ws.term.visible id=1 dt=101516.58ms surface=519DF transition=1->0 active=1 visibleFlag=0 hostHidden=1 surfaceHidden=0 hiddenHierarchy=1 inWindow=0 hasSuperview=0 bounds=0.0x0.0 frame=0.0x0.0 firstResponder=nil
22:39:59.229 #2640 portal.hideEntry hosted=0x0000000beb01b700 reason=workspaceUnmount
22:39:59.229 #2641 ws.mount.reconcile id=1 dt=101516.68ms hot=0 selected=7AB3E mounted=[7AB3E] added=[] removed=[5F955]
22:39:59.230 #2642 workspace.gitProbe.schedule workspace=5545B panel=519DF dir=<redacted:11b> reason=initial
22:39:59.230 #2643 workspace.customDescription.update workspace=5545B910 inputLen=0 inputNewlines=0 normalizedLen=0 normalizedNewlines=0 input=<redacted:22b>
22:39:59.230 #2644 workspace.backgroundPrime.finish workspace=5F955 reason=no_surface_work ms=154.08
22:39:59.231 #2645 notification.queue.drain batch=4 remaining=0 firstSeq=192 lastSeq=196
22:39:59.231 #2646 surface.shellState workspace=5F955 panel=595AB from=unknown to=commandRunning
22:39:59.239 #2647 sidebar.table.rowsBuild items=29
22:39:59.260 #2648 ws.swiftui.dismantle id=1 dt=101547.63ms surface=595AB inWindow=1
22:39:59.260 #2649 terminal.portal.host.authorityCleared surface=595AB host=ObjectIdentifier(0x0000000becbf6d00) pane=59F8A generation=1 serial=14
22:39:59.260 #2650 terminal.portal.host.rearm surface=595AB reason=dismantle host=ObjectIdentifier(0x0000000becbf6d00) pane=59F8A area=489440.0
22:39:59.267 #2651 portal.detach hosted=0x0000000beb01b700 anchor=0x0000000becbf6d00 hadSuperview=1
22:39:59.268 #2652 surface.view.windowMove surface=595AB inWindow=0 bounds=760.0x644.0 pending=760.0x644.0
22:39:59.268 #2653 portal.bonsplit.container hosted=0x0000000be9451e00 class=_TtGC7SwiftUI13NSHostingViewGV8Bonsplit17PaneContainerViewGVS_19_ConditionalContentGS3_GVS_15ModifiedContentV8cmux_DEV31RemoteTmuxWindowMirrorSplitViewVS_P10$232f25d3018TapGestureModifier_GS4_VS5_P10$12e2170f829WorkspacePanelContentHostViewS7___VS5_14EmptyPanelView_GS4_S9_S7____ frame=240.0,0.0 760.0x672.0 host=0.0,0.0 1000.0x700.0 anchor=240.0,0.0 760.0x644.0
22:39:59.271 #2654 sidebar.row.titlePaint workspace=7AB3E57F title=<redacted:3b>
22:39:59.271 #2655 sidebar.row.titlePaint workspace=5545B910 title=<redacted:13b>
22:39:59.271 #2656 sidebar.row.titlePaint workspace=5F9554FC title=<redacted:10b>
22:39:59.272 #2657 sidebar.row.titlePaint workspace=61B7357D title=<redacted:16b>
22:39:59.272 #2658 sidebar.row.titlePaint workspace=545B7176 title=<redacted:16b>
22:39:59.272 #2659 sidebar.row.titlePaint workspace=D1FD40D4 title=<redacted:16b>
22:39:59.272 #2660 sidebar.row.titlePaint workspace=9BB39338 title=<redacted:16b>
22:39:59.272 #2661 sidebar.row.titlePaint workspace=88E0CB7B title=<redacted:16b>
22:39:59.273 #2662 sidebar.row.titlePaint workspace=5C2DF2DB title=<redacted:16b>
22:39:59.273 #2663 sidebar.row.titlePaint workspace=2AE567F7 title=<redacted:16b>
22:39:59.273 #2664 sidebar.row.titlePaint workspace=BB3C48A9 title=<redacted:16b>
22:39:59.273 #2665 sidebar.row.titlePaint workspace=12B9D223 title=<redacted:16b>
22:39:59.273 #2666 sidebar.row.titlePaint workspace=CC803048 title=<redacted:16b>
22:39:59.273 #2667 sidebar.row.titlePaint workspace=021AC524 title=<redacted:16b>
22:39:59.273 #2668 sidebar.row.titlePaint workspace=0220BA90 title=<redacted:15b>
22:39:59.273 #2669 sidebar.row.titlePaint workspace=A9442F6F title=<redacted:15b>
22:39:59.273 #2670 sidebar.row.titlePaint workspace=C0EB2E56 title=<redacted:15b>
22:39:59.273 #2671 sidebar.row.titlePaint workspace=481B3CBD title=<redacted:15b>
22:39:59.274 #2672 sidebar.row.titlePaint workspace=D6AF905C title=<redacted:15b>
22:39:59.274 #2673 sidebar.row.titlePaint workspace=DE713FA3 title=<redacted:15b>
22:39:59.274 #2674 sidebar.row.titlePaint workspace=5A8310B9 title=<redacted:15b>
22:39:59.274 #2675 sidebar.row.titlePaint workspace=BE9B10CB title=<redacted:15b>
22:39:59.274 #2676 sidebar.row.titlePaint workspace=0786EE66 title=<redacted:15b>
22:39:59.277 #2677 sidebar.table.apply structural=1 contentChanges=28 rows=29
22:39:59.316 #2678 sidebar.row.titlePaint workspace=7AB3E57F title=<redacted:3b>
22:39:59.318 #2679 sidebar.row.titlePaint workspace=5545B910 title=<redacted:13b>
22:39:59.320 #2680 sidebar.row.titlePaint workspace=5F9554FC title=<redacted:10b>
22:39:59.322 #2681 sidebar.row.titlePaint workspace=123BE47C title=<redacted:10b>
22:39:59.323 #2682 sidebar.row.titlePaint workspace=3AC44C5B title=<redacted:10b>
22:39:59.325 #2683 sidebar.row.titlePaint workspace=4A50A4B3 title=<redacted:10b>
22:39:59.327 #2684 sidebar.row.titlePaint workspace=42E25BCA title=<redacted:10b>
22:39:59.329 #2685 sidebar.row.titlePaint workspace=A1DEFB72 title=<redacted:10b>
22:39:59.331 #2686 sidebar.row.titlePaint workspace=AD4CF065 title=<redacted:10b>
22:39:59.333 #2687 sidebar.row.titlePaint workspace=61B7357D title=<redacted:16b>
22:39:59.334 #2688 sidebar.row.titlePaint workspace=545B7176 title=<redacted:16b>
22:39:59.336 #2689 sidebar.row.titlePaint workspace=D1FD40D4 title=<redacted:16b>
22:39:59.338 #2690 sidebar.row.titlePaint workspace=9BB39338 title=<redacted:16b>
22:39:59.340 #2691 sidebar.row.titlePaint workspace=88E0CB7B title=<redacted:16b>
22:39:59.389 #2692 surface.size.defer surface=595AB reason=noWindow size=760.0x644.0
22:39:59.389 #2693 workspace.title.applyProcess workspace=5545B from="Terminal 29" to="Terminal"
22:39:59.391 #2694 surface.socket_input.queue surface=519DFB8E items=3 keys=0 bytes=142
22:39:59.391 #2695 notification.queue.drain batch=1 remaining=0 firstSeq=197 lastSeq=197
22:39:59.398 #2696 surface.view.windowMove surface=519DF inWindow=1 bounds=800.0x600.0 pending=800.0x600.0
22:39:59.398 #2697 surface.attach surface=519DF view=0x0000000becbfc000 attached=1 hasSurface=0 inWindow=1
22:39:59.398 #2698 surface.attach.create surface=519DF inWindow=1
22:39:59.398 #2699 surface.attach.create.done surface=519DF hasSurface=0
22:39:59.398 #2700 surface.size.resume surface=519DF size=800.0x600.0 backing=800.0x600.0
22:39:59.398 #2701 ws.term.active id=1 dt=101685.72ms surface=519DF transition=1->0 active=0 visibleFlag=0 hostHidden=1 surfaceHidden=0 hiddenHierarchy=1 inWindow=0 hasSuperview=1 bounds=800.0x600.0 frame=800.0x600.0 firstResponder=nil
22:39:59.398 #2702 surface.headless_window.adopt surface=519DFB8E reason=input-demand window=ObjectIdentifier(0x0000000bdcb76580)
22:39:59.398 #2703 surface.headless_window.create surface=519DFB8E reason=input-demand window=ObjectIdentifier(0x0000000bdcb76580)
22:39:59.398 #2704 surface.attach surface=519DF view=0x0000000becbfc000 attached=1 hasSurface=0 inWindow=1
22:39:59.399 #2705 surface.attach.create surface=519DF inWindow=1
22:39:59.399 #2706 surface.attach.create.done surface=519DF hasSurface=0
22:39:59.399 #2707 surface.background_start surface=519DFB8E inWindow=1 ready=0 source=inputDemand ms=2.25
22:39:59.404 #2708 workspace.gitProbe.apply workspace=5545B panel=519DF branch=none dirty=0 pr=none
22:39:59.404 #2709 zoom.create surface=519DF context=<redacted:40b>
22:39:59.407 #2710 surface.size.apply surface=519DFB8E caller=runtime.create.initial grid=99x35->99x35 pixels=800x600->800x600 target=800x600
22:39:59.407 #2711 surface.socket_input.flush surface=519DFB8E items=3 keys=0 bytes=142
22:39:59.407 #2712 zoom.create.done surface=519DF context=<redacted:21b>
22:39:59.419 #2713 sidebar.snapshot.refresh requested=29
22:39:59.420 #2714 sidebar.table.rowsBuild items=29
22:39:59.433 #2715 sidebar.row.titlePaint workspace=5545B910 title=<redacted:10b>
22:39:59.434 #2716 sidebar.table.apply structural=0 contentChanges=1 rows=29
22:39:59.434 #2717 sidebar.row.titlePaint workspace=5545B910 title=<redacted:10b>
22:39:59.458 #2718 surface.attach surface=C8E29 view=0x0000000bec244a00 attached=0 hasSurface=0 inWindow=0
22:39:59.459 #2719 surface.attach.defer surface=C8E29 reason=noWindow bounds=800.0x600.0
22:39:59.459 #2720 surface.size.defer surface=C8E29 reason=noWindow size=800.0x600.0
22:39:59.459 #2721 focus.bonsplit pane=04CBF
22:39:59.459 #2722 focus.split.apply.begin workspace=90752 pane=04CBF tab=E8300 focusedPane=04CBF selectedTab=E8300 reassert=1
22:39:59.459 #2723 find.preparePanelFocusIntent surface=C8E29 target=terminal
22:39:59.459 #2724 find.preparePanelFocusIntent surface=C8E29 target=terminal
22:39:59.459 #2725 focus.split.moveFocus workspace=90752 panel=C8E29 previousExists=0 to=C8E29
22:39:59.459 #2726 find.moveFocus to=C8E29 from=nil searchState=nil delayMs=0
22:39:59.459 #2727 focus.split.ensureFocus workspace=90752 panel=C8E29 pane=04CBF tab=E8300 intent=terminal(cmux_DEV.TerminalPanelFocusIntent.surface)
22:39:59.460 #2728 focus.split.apply.end workspace=90752 panel=C8E29 type=TerminalPanel focusedPane=04CBF selectedTab=E8300 prevPanel=C8E29
22:39:59.460 #2729 focus.bonsplit pane=04CBF
22:39:59.460 #2730 focus.split.apply.begin workspace=90752 pane=04CBF tab=E8300 focusedPane=04CBF selectedTab=E8300 reassert=1
22:39:59.460 #2731 find.preparePanelFocusIntent surface=C8E29 target=terminal
22:39:59.460 #2732 find.preparePanelFocusIntent surface=C8E29 target=terminal
22:39:59.460 #2733 focus.split.moveFocus workspace=90752 panel=C8E29 previousExists=0 to=C8E29
22:39:59.460 #2734 find.moveFocus to=C8E29 from=nil searchState=nil delayMs=0
22:39:59.460 #2735 focus.split.ensureFocus workspace=90752 panel=C8E29 pane=04CBF tab=E8300 intent=terminal(cmux_DEV.TerminalPanelFocusIntent.surface)
22:39:59.460 #2736 focus.split.apply.end workspace=90752 panel=C8E29 type=TerminalPanel focusedPane=04CBF selectedTab=E8300 prevPanel=C8E29
22:39:59.460 #2737 ws.term.visible id=1 dt=101747.60ms surface=C8E29 transition=1->0 active=1 visibleFlag=0 hostHidden=1 surfaceHidden=0 hiddenHierarchy=1 inWindow=0 hasSuperview=0 bounds=0.0x0.0 frame=0.0x0.0 firstResponder=nil
22:39:59.460 #2738 workspace.gitProbe.schedule workspace=90752 panel=C8E29 dir=<redacted:11b> reason=initial
22:39:59.461 #2739 workspace.customDescription.update workspace=90752060 inputLen=0 inputNewlines=0 normalizedLen=0 normalizedNewlines=0 input=<redacted:22b>
22:39:59.469 #2740 sidebar.table.rowsBuild items=30
22:39:59.500 #2741 sidebar.row.titlePaint workspace=7AB3E57F title=<redacted:3b>
22:39:59.500 #2742 sidebar.row.titlePaint workspace=90752060 title=<redacted:13b>
22:39:59.500 #2743 sidebar.row.titlePaint workspace=5545B910 title=<redacted:10b>
22:39:59.501 #2744 sidebar.row.titlePaint workspace=61B7357D title=<redacted:16b>
22:39:59.501 #2745 sidebar.row.titlePaint workspace=545B7176 title=<redacted:16b>
22:39:59.501 #2746 sidebar.row.titlePaint workspace=D1FD40D4 title=<redacted:16b>
22:39:59.501 #2747 sidebar.row.titlePaint workspace=9BB39338 title=<redacted:16b>
22:39:59.502 #2748 sidebar.row.titlePaint workspace=88E0CB7B title=<redacted:16b>
22:39:59.502 #2749 sidebar.row.titlePaint workspace=5C2DF2DB title=<redacted:16b>
22:39:59.502 #2750 sidebar.row.titlePaint workspace=2AE567F7 title=<redacted:16b>
22:39:59.502 #2751 sidebar.row.titlePaint workspace=BB3C48A9 title=<redacted:16b>
22:39:59.502 #2752 sidebar.row.titlePaint workspace=12B9D223 title=<redacted:16b>
22:39:59.502 #2753 sidebar.row.titlePaint workspace=CC803048 title=<redacted:16b>
22:39:59.502 #2754 sidebar.row.titlePaint workspace=021AC524 title=<redacted:16b>
22:39:59.502 #2755 sidebar.row.titlePaint workspace=0220BA90 title=<redacted:15b>
22:39:59.502 #2756 sidebar.row.titlePaint workspace=A9442F6F title=<redacted:15b>
22:39:59.502 #2757 sidebar.row.titlePaint workspace=C0EB2E56 title=<redacted:15b>
22:39:59.503 #2758 sidebar.row.titlePaint workspace=481B3CBD title=<redacted:15b>
22:39:59.503 #2759 sidebar.row.titlePaint workspace=D6AF905C title=<redacted:15b>
22:39:59.503 #2760 sidebar.row.titlePaint workspace=DE713FA3 title=<redacted:15b>
22:39:59.503 #2761 sidebar.row.titlePaint workspace=5A8310B9 title=<redacted:15b>
22:39:59.503 #2762 sidebar.row.titlePaint workspace=BE9B10CB title=<redacted:15b>
22:39:59.503 #2763 sidebar.row.titlePaint workspace=0786EE66 title=<redacted:15b>
22:39:59.506 #2764 sidebar.table.apply structural=1 contentChanges=29 rows=30
22:39:59.546 #2765 sidebar.row.titlePaint workspace=7AB3E57F title=<redacted:3b>
22:39:59.549 #2766 sidebar.row.titlePaint workspace=90752060 title=<redacted:13b>
22:39:59.550 #2767 sidebar.row.titlePaint workspace=5545B910 title=<redacted:10b>
22:39:59.552 #2768 sidebar.row.titlePaint workspace=5F9554FC title=<redacted:10b>
22:39:59.554 #2769 sidebar.row.titlePaint workspace=123BE47C title=<redacted:10b>
22:39:59.556 #2770 sidebar.row.titlePaint workspace=3AC44C5B title=<redacted:10b>
22:39:59.559 #2771 sidebar.row.titlePaint workspace=4A50A4B3 title=<redacted:10b>
22:39:59.561 #2772 sidebar.row.titlePaint workspace=42E25BCA title=<redacted:10b>
22:39:59.563 #2773 sidebar.row.titlePaint workspace=A1DEFB72 title=<redacted:10b>
22:39:59.565 #2774 sidebar.row.titlePaint workspace=AD4CF065 title=<redacted:10b>
22:39:59.567 #2775 sidebar.row.titlePaint workspace=61B7357D title=<redacted:16b>
22:39:59.569 #2776 sidebar.row.titlePaint workspace=545B7176 title=<redacted:16b>
22:39:59.570 #2777 sidebar.row.titlePaint workspace=D1FD40D4 title=<redacted:16b>
22:39:59.572 #2778 sidebar.row.titlePaint workspace=9BB39338 title=<redacted:16b>
22:39:59.620 #2779 workspace.title.applyProcess workspace=90752 from="Terminal 30" to="Terminal"
22:39:59.621 #2780 surface.socket_input.queue surface=C8E29B35 items=3 keys=0 bytes=142
22:39:59.621 #2781 notification.queue.drain batch=4 remaining=0 firstSeq=199 lastSeq=203
22:39:59.621 #2782 surface.shellState workspace=5545B panel=519DF from=unknown to=commandRunning
22:39:59.622 #2783 workspace.backgroundPrime.start workspace=90752
22:39:59.630 #2784 sidebar.table.rowsBuild items=30
22:39:59.656 #2785 surface.view.windowMove surface=C8E29 inWindow=1 bounds=800.0x600.0 pending=800.0x600.0
22:39:59.656 #2786 surface.attach surface=C8E29 view=0x0000000bec244a00 attached=1 hasSurface=0 inWindow=1
22:39:59.656 #2787 surface.attach.create surface=C8E29 inWindow=1
22:39:59.656 #2788 surface.attach.create.done surface=C8E29 hasSurface=0
22:39:59.656 #2789 surface.size.resume surface=C8E29 size=800.0x600.0 backing=800.0x600.0
22:39:59.656 #2790 ws.term.active id=1 dt=101943.48ms surface=C8E29 transition=1->0 active=0 visibleFlag=0 hostHidden=1 surfaceHidden=0 hiddenHierarchy=1 inWindow=0 hasSuperview=1 bounds=800.0x600.0 frame=800.0x600.0 firstResponder=nil
22:39:59.656 #2791 surface.headless_window.adopt surface=C8E29B35 reason=input-demand window=ObjectIdentifier(0x0000000bd5919900)
22:39:59.656 #2792 surface.headless_window.create surface=C8E29B35 reason=input-demand window=ObjectIdentifier(0x0000000bd5919900)
22:39:59.656 #2793 surface.attach surface=C8E29 view=0x0000000bec244a00 attached=1 hasSurface=0 inWindow=1
22:39:59.656 #2794 surface.attach.create surface=C8E29 inWindow=1
22:39:59.656 #2795 surface.attach.create.done surface=C8E29 hasSurface=0
22:39:59.657 #2796 surface.background_start surface=C8E29B35 inWindow=1 ready=0 source=inputDemand ms=4.14
22:39:59.657 #2797 notification.queue.drain batch=1 remaining=0 firstSeq=204 lastSeq=204
22:39:59.664 #2798 workspace.gitProbe.apply workspace=90752 panel=C8E29 branch=none dirty=0 pr=none
22:39:59.665 #2799 zoom.create surface=C8E29 context=<redacted:40b>
22:39:59.667 #2800 surface.size.apply surface=C8E29B35 caller=runtime.create.initial grid=99x35->99x35 pixels=800x600->800x600 target=800x600
22:39:59.668 #2801 surface.socket_input.flush surface=C8E29B35 items=3 keys=0 bytes=142
22:39:59.668 #2802 zoom.create.done surface=C8E29 context=<redacted:21b>
22:39:59.668 #2803 ws.mount.reconcile id=1 dt=101955.13ms hot=0 selected=7AB3E mounted=[7AB3E,90752] added=[90752] removed=[]
22:39:59.682 #2804 sidebar.snapshot.refresh requested=30
22:39:59.690 #2805 sidebar.table.rowsBuild items=30
22:39:59.711 #2806 sidebar.table.rowsBuild items=30
22:39:59.731 #2807 sidebar.row.titlePaint workspace=90752060 title=<redacted:10b>
22:39:59.732 #2808 sidebar.table.apply structural=0 contentChanges=1 rows=30
22:39:59.732 #2809 sidebar.row.titlePaint workspace=90752060 title=<redacted:10b>
22:39:59.744 #2810 ws.swiftui.update id=1 dt=102031.75ms surface=C8E29 visible=0 active=0 z=0 hostWindow=0 hostedWindow=1 hostedSuperview=1
22:39:59.745 #2811 ws.hostState.deferBind surface=C8E29 reason=hostNoWindow visible=0 active=0 z=0 hostedWindow=1 hostedSuperview=1
22:39:59.753 #2812 ws.hostState.rebindOnGeometry surface=C8E29 reason=portalEntryMissing visible=0 active=0 z=0
22:39:59.767 #2813 terminal.portal.host.claim surface=C8E29 reason=geometryChanged host=ObjectIdentifier(0x0000000bece69800) pane=04CBF inWin=1 size=760.0x644.0 replacingHost=nil
22:39:59.767 #2814 portal.bind hosted=0x0000000bec244f00 anchor=0x0000000bece69800 prevAnchor=nil visible=0 prevVisible=0 z=0 prevZ=-9223372036854775808
22:39:59.768 #2815 surface.size.apply surface=C8E29B35 caller=layout() grid=99x35->94x37 pixels=800x600->760x644 target=760x644
22:39:59.768 #2816 portal.reparent hosted=0x0000000bec244f00 reason=attach super=0x0000000bd591a080
22:39:59.768 #2817 surface.view.windowMove surface=C8E29 inWindow=1 bounds=760.0x644.0 pending=760.0x644.0
22:39:59.768 #2818 surface.attach surface=C8E29 view=0x0000000bec244a00 attached=1 hasSurface=1 inWindow=1
22:39:59.768 #2819 surface.headless_window.release surface=C8E29B35 realWindow=ObjectIdentifier(0x0000000be7f96800)
22:39:59.768 #2820 surface.attach.reuse surface=C8E29 view=0x0000000bec244a00
22:39:59.769 #2821 portal.bonsplit.container hosted=0x0000000bec244f00 class=_TtGC7SwiftUI13NSHostingViewGV8Bonsplit17PaneContainerViewGVS_19_ConditionalContentGS3_GVS_15ModifiedContentV8cmux_DEV31RemoteTmuxWindowMirrorSplitViewVS_P10$232f25d3018TapGestureModifier_GS4_VS5_P10$12e2170f829WorkspacePanelContentHostViewS7___VS5_14EmptyPanelView_GS4_S9_S7____ frame=240.0,0.0 760.0x672.0 host=0.0,0.0 1000.0x700.0 anchor=240.0,0.0 760.0x644.0
22:39:59.773 #2822 workspace.backgroundPrime.finish workspace=90752 reason=no_surface_work ms=151.06
22:39:59.777 #2823 surface.attach surface=F0E11 view=0x0000000becbff700 attached=0 hasSurface=0 inWindow=0
22:39:59.777 #2824 surface.attach.defer surface=F0E11 reason=noWindow bounds=800.0x600.0
22:39:59.777 #2825 surface.size.defer surface=F0E11 reason=noWindow size=800.0x600.0
22:39:59.777 #2826 focus.bonsplit pane=EC2D2
22:39:59.777 #2827 focus.split.apply.begin workspace=4C006 pane=EC2D2 tab=BE07D focusedPane=EC2D2 selectedTab=BE07D reassert=1
22:39:59.777 #2828 find.preparePanelFocusIntent surface=F0E11 target=terminal
22:39:59.777 #2829 find.preparePanelFocusIntent surface=F0E11 target=terminal
22:39:59.777 #2830 focus.split.moveFocus workspace=4C006 panel=F0E11 previousExists=0 to=F0E11
22:39:59.777 #2831 find.moveFocus to=F0E11 from=nil searchState=nil delayMs=0
22:39:59.777 #2832 focus.split.ensureFocus workspace=4C006 panel=F0E11 pane=EC2D2 tab=BE07D intent=terminal(cmux_DEV.TerminalPanelFocusIntent.surface)
22:39:59.778 #2833 focus.split.apply.end workspace=4C006 panel=F0E11 type=TerminalPanel focusedPane=EC2D2 selectedTab=BE07D prevPanel=F0E11
22:39:59.778 #2834 focus.bonsplit pane=EC2D2
22:39:59.778 #2835 focus.split.apply.begin workspace=4C006 pane=EC2D2 tab=BE07D focusedPane=EC2D2 selectedTab=BE07D reassert=1
22:39:59.778 #2836 find.preparePanelFocusIntent surface=F0E11 target=terminal
22:39:59.778 #2837 find.preparePanelFocusIntent surface=F0E11 target=terminal
22:39:59.778 #2838 focus.split.moveFocus workspace=4C006 panel=F0E11 previousExists=0 to=F0E11
22:39:59.778 #2839 find.moveFocus to=F0E11 from=nil searchState=nil delayMs=0
22:39:59.778 #2840 focus.split.ensureFocus workspace=4C006 panel=F0E11 pane=EC2D2 tab=BE07D intent=terminal(cmux_DEV.TerminalPanelFocusIntent.surface)
22:39:59.778 #2841 focus.split.apply.end workspace=4C006 panel=F0E11 type=TerminalPanel focusedPane=EC2D2 selectedTab=BE07D prevPanel=F0E11
22:39:59.778 #2842 ws.term.visible id=1 dt=102065.62ms surface=F0E11 transition=1->0 active=1 visibleFlag=0 hostHidden=1 surfaceHidden=0 hiddenHierarchy=1 inWindow=0 hasSuperview=0 bounds=0.0x0.0 frame=0.0x0.0 firstResponder=nil
22:39:59.778 #2843 portal.hideEntry hosted=0x0000000bec244f00 reason=workspaceUnmount
22:39:59.778 #2844 ws.mount.reconcile id=1 dt=102065.73ms hot=0 selected=7AB3E mounted=[7AB3E] added=[] removed=[90752]
22:39:59.779 #2845 workspace.gitProbe.schedule workspace=4C006 panel=F0E11 dir=<redacted:11b> reason=initial
22:39:59.779 #2846 workspace.customDescription.update workspace=4C00670E inputLen=0 inputNewlines=0 normalizedLen=0 normalizedNewlines=0 input=<redacted:22b>
22:39:59.779 #2847 notification.queue.drain batch=4 remaining=0 firstSeq=206 lastSeq=210
22:39:59.780 #2848 surface.shellState workspace=90752 panel=C8E29 from=unknown to=commandRunning
22:39:59.787 #2849 sidebar.table.rowsBuild items=31
22:39:59.811 #2850 ws.swiftui.dismantle id=1 dt=102098.55ms surface=C8E29 inWindow=1
22:39:59.811 #2851 terminal.portal.host.authorityCleared surface=C8E29 host=ObjectIdentifier(0x0000000bece69800) pane=04CBF generation=1 serial=15
22:39:59.811 #2852 terminal.portal.host.rearm surface=C8E29 reason=dismantle host=ObjectIdentifier(0x0000000bece69800) pane=04CBF area=489440.0
22:39:59.818 #2853 portal.detach hosted=0x0000000bec244f00 anchor=0x0000000bece69800 hadSuperview=1
22:39:59.819 #2854 surface.view.windowMove surface=C8E29 inWindow=0 bounds=760.0x644.0 pending=760.0x644.0
22:39:59.819 #2855 portal.bonsplit.container hosted=0x0000000be9451e00 class=_TtGC7SwiftUI13NSHostingViewGV8Bonsplit17PaneContainerViewGVS_19_ConditionalContentGS3_GVS_15ModifiedContentV8cmux_DEV31RemoteTmuxWindowMirrorSplitViewVS_P10$232f25d3018TapGestureModifier_GS4_VS5_P10$12e2170f829WorkspacePanelContentHostViewS7___VS5_14EmptyPanelView_GS4_S9_S7____ frame=240.0,0.0 760.0x672.0 host=0.0,0.0 1000.0x700.0 anchor=240.0,0.0 760.0x644.0
22:39:59.822 #2856 sidebar.row.titlePaint workspace=7AB3E57F title=<redacted:3b>
22:39:59.822 #2857 sidebar.row.titlePaint workspace=4C00670E title=<redacted:13b>
22:39:59.822 #2858 sidebar.row.titlePaint workspace=90752060 title=<redacted:10b>
22:39:59.823 #2859 sidebar.row.titlePaint workspace=61B7357D title=<redacted:16b>
22:39:59.823 #2860 sidebar.row.titlePaint workspace=545B7176 title=<redacted:16b>
22:39:59.824 #2861 sidebar.row.titlePaint workspace=D1FD40D4 title=<redacted:16b>
22:39:59.824 #2862 sidebar.row.titlePaint workspace=9BB39338 title=<redacted:16b>
22:39:59.824 #2863 sidebar.row.titlePaint workspace=88E0CB7B title=<redacted:16b>
22:39:59.824 #2864 sidebar.row.titlePaint workspace=5C2DF2DB title=<redacted:16b>
22:39:59.824 #2865 sidebar.row.titlePaint workspace=2AE567F7 title=<redacted:16b>
22:39:59.824 #2866 sidebar.row.titlePaint workspace=BB3C48A9 title=<redacted:16b>
22:39:59.824 #2867 sidebar.row.titlePaint workspace=12B9D223 title=<redacted:16b>
22:39:59.824 #2868 sidebar.row.titlePaint workspace=CC803048 title=<redacted:16b>
22:39:59.825 #2869 sidebar.row.titlePaint workspace=021AC524 title=<redacted:16b>
22:39:59.825 #2870 sidebar.row.titlePaint workspace=0220BA90 title=<redacted:15b>
22:39:59.825 #2871 sidebar.row.titlePaint workspace=A9442F6F title=<redacted:15b>
22:39:59.825 #2872 sidebar.row.titlePaint workspace=C0EB2E56 title=<redacted:15b>
22:39:59.825 #2873 sidebar.row.titlePaint workspace=481B3CBD title=<redacted:15b>
22:39:59.825 #2874 sidebar.row.titlePaint workspace=D6AF905C title=<redacted:15b>
22:39:59.825 #2875 sidebar.row.titlePaint workspace=DE713FA3 title=<redacted:15b>
22:39:59.825 #2876 sidebar.row.titlePaint workspace=5A8310B9 title=<redacted:15b>
22:39:59.825 #2877 sidebar.row.titlePaint workspace=BE9B10CB title=<redacted:15b>
22:39:59.825 #2878 sidebar.row.titlePaint workspace=0786EE66 title=<redacted:15b>
22:39:59.828 #2879 sidebar.table.apply structural=1 contentChanges=30 rows=31
22:39:59.868 #2880 sidebar.row.titlePaint workspace=7AB3E57F title=<redacted:3b>
22:39:59.870 #2881 sidebar.row.titlePaint workspace=4C00670E title=<redacted:13b>
22:39:59.872 #2882 sidebar.row.titlePaint workspace=90752060 title=<redacted:10b>
22:39:59.873 #2883 sidebar.row.titlePaint workspace=5545B910 title=<redacted:10b>
22:39:59.875 #2884 sidebar.row.titlePaint workspace=5F9554FC title=<redacted:10b>
22:39:59.877 #2885 sidebar.row.titlePaint workspace=123BE47C title=<redacted:10b>
22:39:59.879 #2886 sidebar.row.titlePaint workspace=3AC44C5B title=<redacted:10b>
22:39:59.881 #2887 sidebar.row.titlePaint workspace=4A50A4B3 title=<redacted:10b>
22:39:59.883 #2888 sidebar.row.titlePaint workspace=42E25BCA title=<redacted:10b>
22:39:59.885 #2889 sidebar.row.titlePaint workspace=A1DEFB72 title=<redacted:10b>
22:39:59.887 #2890 sidebar.row.titlePaint workspace=AD4CF065 title=<redacted:10b>
22:39:59.888 #2891 sidebar.row.titlePaint workspace=61B7357D title=<redacted:16b>
22:39:59.890 #2892 sidebar.row.titlePaint workspace=545B7176 title=<redacted:16b>
22:39:59.892 #2893 sidebar.row.titlePaint workspace=D1FD40D4 title=<redacted:16b>
22:39:59.940 #2894 surface.size.defer surface=C8E29 reason=noWindow size=760.0x644.0
22:39:59.941 #2895 workspace.title.applyProcess workspace=4C006 from="Terminal 31" to="Terminal"
22:39:59.942 #2896 surface.socket_input.queue surface=F0E11A7D items=3 keys=0 bytes=142
22:39:59.942 #2897 notification.queue.drain batch=1 remaining=0 firstSeq=211 lastSeq=211
22:39:59.950 #2898 surface.view.windowMove surface=F0E11 inWindow=1 bounds=800.0x600.0 pending=800.0x600.0
22:39:59.950 #2899 surface.attach surface=F0E11 view=0x0000000becbff700 attached=1 hasSurface=0 inWindow=1
22:39:59.950 #2900 surface.attach.create surface=F0E11 inWindow=1
22:39:59.950 #2901 surface.attach.create.done surface=F0E11 hasSurface=0
22:39:59.950 #2902 surface.size.resume surface=F0E11 size=800.0x600.0 backing=800.0x600.0
22:39:59.951 #2903 ws.term.active id=1 dt=102238.00ms surface=F0E11 transition=1->0 active=0 visibleFlag=0 hostHidden=1 surfaceHidden=0 hiddenHierarchy=1 inWindow=0 hasSuperview=1 bounds=800.0x600.0 frame=800.0x600.0 firstResponder=nil
22:39:59.951 #2904 surface.headless_window.adopt surface=F0E11A7D reason=input-demand window=ObjectIdentifier(0x0000000bd5918500)
22:39:59.951 #2905 surface.headless_window.create surface=F0E11A7D reason=input-demand window=ObjectIdentifier(0x0000000bd5918500)
22:39:59.951 #2906 surface.attach surface=F0E11 view=0x0000000becbff700 attached=1 hasSurface=0 inWindow=1
22:39:59.951 #2907 surface.attach.create surface=F0E11 inWindow=1
22:39:59.951 #2908 surface.attach.create.done surface=F0E11 hasSurface=0
22:39:59.951 #2909 surface.background_start surface=F0E11A7D inWindow=1 ready=0 source=inputDemand ms=2.27
22:39:59.956 #2910 workspace.gitProbe.apply workspace=4C006 panel=F0E11 branch=none dirty=0 pr=none
22:39:59.956 #2911 zoom.create surface=F0E11 context=<redacted:40b>
22:39:59.959 #2912 surface.size.apply surface=F0E11A7D caller=runtime.create.initial grid=99x35->99x35 pixels=800x600->800x600 target=800x600
22:39:59.959 #2913 surface.socket_input.flush surface=F0E11A7D items=3 keys=0 bytes=142
22:39:59.959 #2914 zoom.create.done surface=F0E11 context=<redacted:21b>
22:39:59.973 #2915 sidebar.snapshot.refresh requested=31
22:39:59.974 #2916 sidebar.table.rowsBuild items=31
22:39:59.988 #2917 sidebar.row.titlePaint workspace=4C00670E title=<redacted:10b>
22:39:59.989 #2918 sidebar.table.apply structural=0 contentChanges=1 rows=31
22:39:59.989 #2919 sidebar.row.titlePaint workspace=4C00670E title=<redacted:10b>
22:39:59.997 #2920 surface.attach surface=0FA02 view=0x0000000becbfe800 attached=0 hasSurface=0 inWindow=0
22:39:59.997 #2921 surface.attach.defer surface=0FA02 reason=noWindow bounds=800.0x600.0
22:39:59.997 #2922 surface.size.defer surface=0FA02 reason=noWindow size=800.0x600.0
22:39:59.998 #2923 focus.bonsplit pane=B186F
22:39:59.998 #2924 focus.split.apply.begin workspace=DEFBC pane=B186F tab=6FA38 focusedPane=B186F selectedTab=6FA38 reassert=1
22:39:59.998 #2925 find.preparePanelFocusIntent surface=0FA02 target=terminal
22:39:59.998 #2926 find.preparePanelFocusIntent surface=0FA02 target=terminal
22:39:59.998 #2927 focus.split.moveFocus workspace=DEFBC panel=0FA02 previousExists=0 to=0FA02
22:39:59.998 #2928 find.moveFocus to=0FA02 from=nil searchState=nil delayMs=0
22:39:59.998 #2929 focus.split.ensureFocus workspace=DEFBC panel=0FA02 pane=B186F tab=6FA38 intent=terminal(cmux_DEV.TerminalPanelFocusIntent.surface)
22:39:59.999 #2930 focus.split.apply.end workspace=DEFBC panel=0FA02 type=TerminalPanel focusedPane=B186F selectedTab=6FA38 prevPanel=0FA02
22:39:59.999 #2931 focus.bonsplit pane=B186F
22:39:59.999 #2932 focus.split.apply.begin workspace=DEFBC pane=B186F tab=6FA38 focusedPane=B186F selectedTab=6FA38 reassert=1
22:39:59.999 #2933 find.preparePanelFocusIntent surface=0FA02 target=terminal
22:39:59.999 #2934 find.preparePanelFocusIntent surface=0FA02 target=terminal
22:39:59.999 #2935 focus.split.moveFocus workspace=DEFBC panel=0FA02 previousExists=0 to=0FA02
22:39:59.999 #2936 find.moveFocus to=0FA02 from=nil searchState=nil delayMs=0
22:39:59.999 #2937 focus.split.ensureFocus workspace=DEFBC panel=0FA02 pane=B186F tab=6FA38 intent=terminal(cmux_DEV.TerminalPanelFocusIntent.surface)
22:39:59.999 #2938 focus.split.apply.end workspace=DEFBC panel=0FA02 type=TerminalPanel focusedPane=B186F selectedTab=6FA38 prevPanel=0FA02
22:39:59.999 #2939 ws.term.visible id=1 dt=102286.39ms surface=0FA02 transition=1->0 active=1 visibleFlag=0 hostHidden=1 surfaceHidden=0 hiddenHierarchy=1 inWindow=0 hasSuperview=0 bounds=0.0x0.0 frame=0.0x0.0 firstResponder=nil
22:39:59.999 #2940 workspace.gitProbe.schedule workspace=DEFBC panel=0FA02 dir=<redacted:11b> reason=initial
22:40:00.000 #2941 workspace.customDescription.update workspace=DEFBC25A inputLen=0 inputNewlines=0 normalizedLen=0 normalizedNewlines=0 input=<redacted:22b>
22:40:00.007 #2942 sidebar.table.rowsBuild items=32
22:40:00.038 #2943 sidebar.row.titlePaint workspace=7AB3E57F title=<redacted:3b>
22:40:00.038 #2944 sidebar.row.titlePaint workspace=DEFBC25A title=<redacted:13b>
22:40:00.038 #2945 sidebar.row.titlePaint workspace=4C00670E title=<redacted:10b>
22:40:00.039 #2946 sidebar.row.titlePaint workspace=61B7357D title=<redacted:16b>
22:40:00.039 #2947 sidebar.row.titlePaint workspace=545B7176 title=<redacted:16b>
22:40:00.039 #2948 sidebar.row.titlePaint workspace=D1FD40D4 title=<redacted:16b>
22:40:00.040 #2949 sidebar.row.titlePaint workspace=9BB39338 title=<redacted:16b>
22:40:00.040 #2950 sidebar.row.titlePaint workspace=88E0CB7B title=<redacted:16b>
22:40:00.040 #2951 sidebar.row.titlePaint workspace=5C2DF2DB title=<redacted:16b>
22:40:00.040 #2952 sidebar.row.titlePaint workspace=2AE567F7 title=<redacted:16b>
22:40:00.040 #2953 sidebar.row.titlePaint workspace=BB3C48A9 title=<redacted:16b>
22:40:00.040 #2954 sidebar.row.titlePaint workspace=12B9D223 title=<redacted:16b>
22:40:00.040 #2955 sidebar.row.titlePaint workspace=CC803048 title=<redacted:16b>
22:40:00.040 #2956 sidebar.row.titlePaint workspace=021AC524 title=<redacted:16b>
22:40:00.041 #2957 sidebar.row.titlePaint workspace=0220BA90 title=<redacted:15b>
22:40:00.041 #2958 sidebar.row.titlePaint workspace=A9442F6F title=<redacted:15b>
22:40:00.041 #2959 sidebar.row.titlePaint workspace=C0EB2E56 title=<redacted:15b>
22:40:00.041 #2960 sidebar.row.titlePaint workspace=481B3CBD title=<redacted:15b>
22:40:00.041 #2961 sidebar.row.titlePaint workspace=D6AF905C title=<redacted:15b>
22:40:00.041 #2962 sidebar.row.titlePaint workspace=DE713FA3 title=<redacted:15b>
22:40:00.041 #2963 sidebar.row.titlePaint workspace=5A8310B9 title=<redacted:15b>
22:40:00.041 #2964 sidebar.row.titlePaint workspace=BE9B10CB title=<redacted:15b>
22:40:00.041 #2965 sidebar.row.titlePaint workspace=0786EE66 title=<redacted:15b>
22:40:00.044 #2966 sidebar.table.apply structural=1 contentChanges=31 rows=32
22:40:00.078 #2967 workspace.title.applyProcess workspace=DEFBC from="Terminal 32" to="Terminal"
22:40:00.079 #2968 surface.socket_input.queue surface=0FA02B15 items=3 keys=0 bytes=142
22:40:00.079 #2969 notification.queue.drain batch=4 remaining=0 firstSeq=213 lastSeq=217
22:40:00.079 #2970 surface.shellState workspace=4C006 panel=F0E11 from=unknown to=commandRunning
22:40:00.080 #2971 workspace.backgroundPrime.start workspace=DEFBC
22:40:00.080 #2972 workspace.title.applyProcess workspace=AD4CF from="Terminal" to="Working"
22:40:00.080 #2973 workspace.title.updatePanel workspace=AD4CF panel=61802 panels=1 custom=0 panelChanged=1 workspaceChanged=1 title=<redacted:9b>
22:40:00.080 #2974 workspace.title.applyProcess workspace=A1DEF from="Terminal" to="Working"
22:40:00.080 #2975 workspace.title.updatePanel workspace=A1DEF panel=BC081 panels=1 custom=0 panelChanged=1 workspaceChanged=1 title=<redacted:9b>
22:40:00.080 #2976 workspace.title.applyProcess workspace=42E25 from="Terminal" to="Working"
22:40:00.080 #2977 workspace.title.updatePanel workspace=42E25 panel=B68AD panels=1 custom=0 panelChanged=1 workspaceChanged=1 title=<redacted:9b>
22:40:00.080 #2978 workspace.title.applyProcess workspace=4A50A from="Terminal" to="Working"
22:40:00.081 #2979 workspace.title.updatePanel workspace=4A50A panel=44C23 panels=1 custom=0 panelChanged=1 workspaceChanged=1 title=<redacted:9b>
22:40:00.081 #2980 workspace.title.applyProcess workspace=123BE from="Terminal" to="Working"
22:40:00.081 #2981 workspace.title.updatePanel workspace=123BE panel=FA53D panels=1 custom=0 panelChanged=1 workspaceChanged=1 title=<redacted:9b>
22:40:00.081 #2982 workspace.title.applyProcess workspace=3AC44 from="Terminal" to="Working"
22:40:00.081 #2983 workspace.title.updatePanel workspace=3AC44 panel=F7F91 panels=1 custom=0 panelChanged=1 workspaceChanged=1 title=<redacted:9b>
22:40:00.088 #2984 sidebar.table.rowsBuild items=32
22:40:00.120 #2985 sidebar.row.titlePaint workspace=7AB3E57F title=<redacted:3b>
22:40:00.122 #2986 sidebar.row.titlePaint workspace=DEFBC25A title=<redacted:13b>
22:40:00.125 #2987 sidebar.row.titlePaint workspace=4C00670E title=<redacted:10b>
22:40:00.127 #2988 sidebar.row.titlePaint workspace=90752060 title=<redacted:10b>
22:40:00.129 #2989 sidebar.row.titlePaint workspace=5545B910 title=<redacted:10b>
22:40:00.131 #2990 sidebar.row.titlePaint workspace=5F9554FC title=<redacted:10b>
22:40:00.133 #2991 sidebar.row.titlePaint workspace=123BE47C title=<redacted:10b>
22:40:00.135 #2992 sidebar.row.titlePaint workspace=3AC44C5B title=<redacted:10b>
22:40:00.137 #2993 sidebar.row.titlePaint workspace=4A50A4B3 title=<redacted:10b>
22:40:00.138 #2994 sidebar.row.titlePaint workspace=42E25BCA title=<redacted:10b>
22:40:00.141 #2995 sidebar.row.titlePaint workspace=A1DEFB72 title=<redacted:10b>
22:40:00.143 #2996 sidebar.row.titlePaint workspace=AD4CF065 title=<redacted:10b>
22:40:00.145 #2997 sidebar.row.titlePaint workspace=61B7357D title=<redacted:16b>
22:40:00.147 #2998 sidebar.row.titlePaint workspace=545B7176 title=<redacted:16b>
22:40:00.197 #2999 surface.view.windowMove surface=0FA02 inWindow=1 bounds=800.0x600.0 pending=800.0x600.0
22:40:00.197 #3000 surface.attach surface=0FA02 view=0x0000000becbfe800 attached=1 hasSurface=0 inWindow=1
22:40:00.197 #3001 surface.attach.create surface=0FA02 inWindow=1
22:40:00.197 #3002 surface.attach.create.done surface=0FA02 hasSurface=0
22:40:00.197 #3003 surface.size.resume surface=0FA02 size=800.0x600.0 backing=800.0x600.0
22:40:00.198 #3004 ws.term.active id=1 dt=102484.81ms surface=0FA02 transition=1->0 active=0 visibleFlag=0 hostHidden=1 surfaceHidden=0 hiddenHierarchy=1 inWindow=0 hasSuperview=1 bounds=800.0x600.0 frame=800.0x600.0 firstResponder=nil
22:40:00.198 #3005 surface.headless_window.adopt surface=0FA02B15 reason=input-demand window=ObjectIdentifier(0x0000000be20d2f80)
22:40:00.198 #3006 surface.headless_window.create surface=0FA02B15 reason=input-demand window=ObjectIdentifier(0x0000000be20d2f80)
22:40:00.198 #3007 surface.attach surface=0FA02 view=0x0000000becbfe800 attached=1 hasSurface=0 inWindow=1
22:40:00.198 #3008 surface.attach.create surface=0FA02 inWindow=1
22:40:00.198 #3009 surface.attach.create.done surface=0FA02 hasSurface=0
22:40:00.198 #3010 surface.background_start surface=0FA02B15 inWindow=1 ready=0 source=inputDemand ms=2.39
22:40:00.199 #3011 notification.queue.drain batch=1 remaining=0 firstSeq=218 lastSeq=218
22:40:00.203 #3012 surface.attach surface=B140D view=0x0000000bec6bc000 attached=0 hasSurface=0 inWindow=0
22:40:00.203 #3013 surface.attach.defer surface=B140D reason=noWindow bounds=800.0x600.0
22:40:00.203 #3014 surface.size.defer surface=B140D reason=noWindow size=800.0x600.0
22:40:00.203 #3015 focus.bonsplit pane=5D959
22:40:00.203 #3016 focus.split.apply.begin workspace=068FA pane=5D959 tab=8E903 focusedPane=5D959 selectedTab=8E903 reassert=1
22:40:00.203 #3017 find.preparePanelFocusIntent surface=B140D target=terminal
22:40:00.203 #3018 find.preparePanelFocusIntent surface=B140D target=terminal
22:40:00.203 #3019 focus.split.moveFocus workspace=068FA panel=B140D previousExists=0 to=B140D
22:40:00.203 #3020 find.moveFocus to=B140D from=nil searchState=nil delayMs=0
22:40:00.203 #3021 focus.split.ensureFocus workspace=068FA panel=B140D pane=5D959 tab=8E903 intent=terminal(cmux_DEV.TerminalPanelFocusIntent.surface)
22:40:00.204 #3022 focus.split.apply.end workspace=068FA panel=B140D type=TerminalPanel focusedPane=5D959 selectedTab=8E903 prevPanel=B140D
22:40:00.204 #3023 focus.bonsplit pane=5D959
22:40:00.204 #3024 focus.split.apply.begin workspace=068FA pane=5D959 tab=8E903 focusedPane=5D959 selectedTab=8E903 reassert=1
22:40:00.204 #3025 find.preparePanelFocusIntent surface=B140D target=terminal
22:40:00.204 #3026 find.preparePanelFocusIntent surface=B140D target=terminal
22:40:00.204 #3027 focus.split.moveFocus workspace=068FA panel=B140D previousExists=0 to=B140D
22:40:00.204 #3028 find.moveFocus to=B140D from=nil searchState=nil delayMs=0
22:40:00.204 #3029 focus.split.ensureFocus workspace=068FA panel=B140D pane=5D959 tab=8E903 intent=terminal(cmux_DEV.TerminalPanelFocusIntent.surface)
22:40:00.204 #3030 focus.split.apply.end workspace=068FA panel=B140D type=TerminalPanel focusedPane=5D959 selectedTab=8E903 prevPanel=B140D
22:40:00.204 #3031 ws.term.visible id=1 dt=102491.46ms surface=B140D transition=1->0 active=1 visibleFlag=0 hostHidden=1 surfaceHidden=0 hiddenHierarchy=1 inWindow=0 hasSuperview=0 bounds=0.0x0.0 frame=0.0x0.0 firstResponder=nil
22:40:00.204 #3032 ws.mount.reconcile id=1 dt=102491.52ms hot=0 selected=7AB3E mounted=[7AB3E,DEFBC] added=[DEFBC] removed=[]
22:40:00.204 #3033 workspace.gitProbe.schedule workspace=068FA panel=B140D dir=<redacted:11b> reason=initial
22:40:00.205 #3034 workspace.customDescription.update workspace=068FAFBB inputLen=0 inputNewlines=0 normalizedLen=0 normalizedNewlines=0 input=<redacted:22b>
22:40:00.212 #3035 sidebar.table.rowsBuild items=33
22:40:00.238 #3036 sidebar.table.rowsBuild items=33
22:40:00.256 #3037 sidebar.row.titlePaint workspace=7AB3E57F title=<redacted:3b>
22:40:00.257 #3038 sidebar.row.titlePaint workspace=068FAFBB title=<redacted:13b>
22:40:00.257 #3039 sidebar.row.titlePaint workspace=DEFBC25A title=<redacted:13b>
22:40:00.257 #3040 sidebar.row.titlePaint workspace=4C00670E title=<redacted:10b>
22:40:00.258 #3041 sidebar.row.titlePaint workspace=61B7357D title=<redacted:16b>
22:40:00.258 #3042 sidebar.row.titlePaint workspace=545B7176 title=<redacted:16b>
22:40:00.258 #3043 sidebar.row.titlePaint workspace=D1FD40D4 title=<redacted:16b>
22:40:00.258 #3044 sidebar.row.titlePaint workspace=9BB39338 title=<redacted:16b>
22:40:00.258 #3045 sidebar.row.titlePaint workspace=88E0CB7B title=<redacted:16b>
22:40:00.259 #3046 sidebar.row.titlePaint workspace=5C2DF2DB title=<redacted:16b>
22:40:00.259 #3047 sidebar.row.titlePaint workspace=2AE567F7 title=<redacted:16b>
22:40:00.259 #3048 sidebar.row.titlePaint workspace=BB3C48A9 title=<redacted:16b>
22:40:00.259 #3049 sidebar.row.titlePaint workspace=12B9D223 title=<redacted:16b>
22:40:00.259 #3050 sidebar.row.titlePaint workspace=CC803048 title=<redacted:16b>
22:40:00.259 #3051 sidebar.row.titlePaint workspace=021AC524 title=<redacted:16b>
22:40:00.259 #3052 sidebar.row.titlePaint workspace=0220BA90 title=<redacted:15b>
22:40:00.259 #3053 sidebar.row.titlePaint workspace=A9442F6F title=<redacted:15b>
22:40:00.259 #3054 sidebar.row.titlePaint workspace=C0EB2E56 title=<redacted:15b>
22:40:00.259 #3055 sidebar.row.titlePaint workspace=481B3CBD title=<redacted:15b>
22:40:00.260 #3056 sidebar.row.titlePaint workspace=D6AF905C title=<redacted:15b>
22:40:00.260 #3057 sidebar.row.titlePaint workspace=DE713FA3 title=<redacted:15b>
22:40:00.260 #3058 sidebar.row.titlePaint workspace=5A8310B9 title=<redacted:15b>
22:40:00.260 #3059 sidebar.row.titlePaint workspace=BE9B10CB title=<redacted:15b>
22:40:00.260 #3060 sidebar.row.titlePaint workspace=0786EE66 title=<redacted:15b>
22:40:00.264 #3061 sidebar.table.apply structural=1 contentChanges=32 rows=33
22:40:00.302 #3062 ws.swiftui.update id=1 dt=102589.41ms surface=0FA02 visible=0 active=0 z=0 hostWindow=0 hostedWindow=1 hostedSuperview=1
22:40:00.302 #3063 ws.hostState.deferBind surface=0FA02 reason=hostNoWindow visible=0 active=0 z=0 hostedWindow=1 hostedSuperview=1
22:40:00.309 #3064 ws.hostState.rebindOnGeometry surface=0FA02 reason=portalEntryMissing visible=0 active=0 z=0
22:40:00.318 #3065 sidebar.row.titlePaint workspace=7AB3E57F title=<redacted:3b>
22:40:00.320 #3066 sidebar.row.titlePaint workspace=068FAFBB title=<redacted:13b>
22:40:00.322 #3067 sidebar.row.titlePaint workspace=DEFBC25A title=<redacted:13b>
22:40:00.324 #3068 sidebar.row.titlePaint workspace=4C00670E title=<redacted:10b>
22:40:00.326 #3069 sidebar.row.titlePaint workspace=90752060 title=<redacted:10b>
22:40:00.328 #3070 sidebar.row.titlePaint workspace=5545B910 title=<redacted:10b>
22:40:00.330 #3071 sidebar.row.titlePaint workspace=5F9554FC title=<redacted:10b>
22:40:00.332 #3072 sidebar.row.titlePaint workspace=123BE47C title=<redacted:10b>
22:40:00.334 #3073 sidebar.row.titlePaint workspace=3AC44C5B title=<redacted:10b>
22:40:00.335 #3074 sidebar.row.titlePaint workspace=4A50A4B3 title=<redacted:10b>
22:40:00.337 #3075 sidebar.row.titlePaint workspace=42E25BCA title=<redacted:10b>
22:40:00.339 #3076 sidebar.row.titlePaint workspace=A1DEFB72 title=<redacted:10b>
22:40:00.341 #3077 sidebar.row.titlePaint workspace=AD4CF065 title=<redacted:10b>
22:40:00.343 #3078 sidebar.row.titlePaint workspace=61B7357D title=<redacted:16b>
22:40:00.392 #3079 terminal.portal.host.claim surface=0FA02 reason=geometryChanged host=ObjectIdentifier(0x0000000bebba0600) pane=B186F inWin=1 size=760.0x644.0 replacingHost=nil
22:40:00.392 #3080 surface.attach surface=0FA02 view=0x0000000becbfe800 attached=1 hasSurface=0 inWindow=1
22:40:00.392 #3081 surface.attach.create surface=0FA02 inWindow=1
22:40:00.392 #3082 surface.attach.create.done surface=0FA02 hasSurface=0
22:40:00.393 #3083 portal.bind hosted=0x0000000becbfed00 anchor=0x0000000bebba0600 prevAnchor=nil visible=0 prevVisible=0 z=0 prevZ=-9223372036854775808
22:40:00.394 #3084 portal.reparent hosted=0x0000000becbfed00 reason=attach super=0x0000000be20d0500
22:40:00.394 #3085 surface.view.windowMove surface=0FA02 inWindow=1 bounds=760.0x644.0 pending=760.0x644.0
22:40:00.394 #3086 surface.attach surface=0FA02 view=0x0000000becbfe800 attached=1 hasSurface=0 inWindow=1
22:40:00.398 #3087 surface.headless_window.release surface=0FA02B15 realWindow=ObjectIdentifier(0x0000000be7f96800)
22:40:00.398 #3088 surface.attach.create surface=0FA02 inWindow=1
22:40:00.398 #3089 surface.attach.create.done surface=0FA02 hasSurface=0
22:40:00.398 #3090 portal.bonsplit.container hosted=0x0000000becbfed00 class=_TtGC7SwiftUI13NSHostingViewGV8Bonsplit17PaneContainerViewGVS_19_ConditionalContentGS3_GVS_15ModifiedContentV8cmux_DEV31RemoteTmuxWindowMirrorSplitViewVS_P10$232f25d3018TapGestureModifier_GS4_VS5_P10$12e2170f829WorkspacePanelContentHostViewS7___VS5_14EmptyPanelView_GS4_S9_S7____ frame=240.0,0.0 760.0x672.0 host=0.0,0.0 1000.0x700.0 anchor=240.0,0.0 760.0x644.0
22:40:00.408 #3091 workspace.gitProbe.apply workspace=DEFBC panel=0FA02 branch=none dirty=0 pr=none
22:40:00.408 #3092 zoom.create surface=0FA02 context=<redacted:40b>
22:40:00.411 #3093 surface.size.apply surface=0FA02B15 caller=runtime.create.initial grid=99x35->94x37 pixels=800x600->760x644 target=760x644
22:40:00.411 #3094 surface.socket_input.flush surface=0FA02B15 items=3 keys=0 bytes=142
22:40:00.411 #3095 zoom.create.done surface=0FA02 context=<redacted:21b>
22:40:00.430 #3096 sidebar.table.rowsBuild items=33
22:40:00.457 #3097 portal.bonsplit.container hosted=0x0000000be9451e00 class=_TtGC7SwiftUI13NSHostingViewGV8Bonsplit17PaneContainerViewGVS_19_ConditionalContentGS3_GVS_15ModifiedContentV8cmux_DEV31RemoteTmuxWindowMirrorSplitViewVS_P10$232f25d3018TapGestureModifier_GS4_VS5_P10$12e2170f829WorkspacePanelContentHostViewS7___VS5_14EmptyPanelView_GS4_S9_S7____ frame=240.0,0.0 760.0x672.0 host=0.0,0.0 1000.0x700.0 anchor=240.0,0.0 760.0x644.0
22:40:00.457 #3098 workspace.title.applyProcess workspace=068FA from="Terminal 33" to="Terminal"
22:40:00.458 #3099 surface.socket_input.queue surface=B140D9E4 items=3 keys=0 bytes=142
22:40:00.458 #3100 find.preparePanelFocusIntent surface=0FA02 target=terminal
22:40:00.458 #3101 ws.term.active id=1 dt=102745.76ms surface=0FA02 transition=0->1 active=1 visibleFlag=0 hostHidden=1 surfaceHidden=0 hiddenHierarchy=1 inWindow=1 hasSuperview=1 bounds=760.0x644.0 frame=760.0x644.0 firstResponder=GhosttyNSView
22:40:00.459 #3102 focus.ensure.defer surface=0FA02 reason=not_visible
22:40:00.459 #3103 focus.ensure.defer surface=0FA02 reason=not_visible
22:40:00.461 #3104 ws.term.active id=1 dt=102748.08ms surface=0FA02 transition=1->0 active=0 visibleFlag=0 hostHidden=1 surfaceHidden=0 hiddenHierarchy=1 inWindow=1 hasSuperview=1 bounds=760.0x644.0 frame=760.0x644.0 firstResponder=GhosttyNSView
22:40:00.469 #3105 forceRefresh: 0FA02B15-C0EE-4C12-A5F0-02003263EDCD reason=unspecified inWindow=true bounds=(0.0, 0.0, 760.0, 644.0) metalOK=false hasSurface=true
22:40:00.469 #3106 ws.term.visible id=1 dt=102756.65ms surface=0FA02 transition=0->1 active=0 visibleFlag=1 hostHidden=0 surfaceHidden=0 hiddenHierarchy=0 inWindow=1 hasSuperview=1 bounds=760.0x644.0 frame=760.0x644.0 firstResponder=GhosttyNSView
22:40:00.469 #3107 ws.term.active id=1 dt=102756.72ms surface=0FA02 transition=0->1 active=1 visibleFlag=1 hostHidden=0 surfaceHidden=0 hiddenHierarchy=0 inWindow=1 hasSuperview=1 bounds=760.0x644.0 frame=760.0x644.0 firstResponder=GhosttyNSView
22:40:00.470 #3108 workspace.backgroundPrime.finish workspace=DEFBC reason=no_surface_work ms=389.96
22:40:00.470 #3109 ws.term.visible id=1 dt=102757.07ms surface=0FA02 transition=1->0 active=1 visibleFlag=0 hostHidden=1 surfaceHidden=0 hiddenHierarchy=1 inWindow=1 hasSuperview=1 bounds=760.0x644.0 frame=760.0x644.0 firstResponder=GhosttyNSView
22:40:00.470 #3110 portal.hideEntry hosted=0x0000000becbfed00 reason=workspaceUnmount
22:40:00.470 #3111 ws.mount.reconcile id=1 dt=102757.14ms hot=0 selected=7AB3E mounted=[7AB3E] added=[] removed=[DEFBC]
22:40:00.470 #3112 workspace.backgroundPrime.start workspace=068FA
22:40:00.472 #3113 surface.view.windowMove surface=B140D inWindow=1 bounds=800.0x600.0 pending=800.0x600.0
22:40:00.472 #3114 surface.attach surface=B140D view=0x0000000bec6bc000 attached=1 hasSurface=0 inWindow=1
22:40:00.472 #3115 surface.attach.create surface=B140D inWindow=1
22:40:00.472 #3116 surface.attach.create.done surface=B140D hasSurface=0
22:40:00.472 #3117 surface.size.resume surface=B140D size=800.0x600.0 backing=800.0x600.0
22:40:00.472 #3118 ws.term.active id=1 dt=102759.73ms surface=B140D transition=1->0 active=0 visibleFlag=0 hostHidden=1 surfaceHidden=0 hiddenHierarchy=1 inWindow=0 hasSuperview=1 bounds=800.0x600.0 frame=800.0x600.0 firstResponder=nil
22:40:00.472 #3119 surface.headless_window.adopt surface=B140D9E4 reason=input-demand window=ObjectIdentifier(0x0000000bde7e2580)
22:40:00.473 #3120 surface.headless_window.create surface=B140D9E4 reason=input-demand window=ObjectIdentifier(0x0000000bde7e2580)
22:40:00.473 #3121 surface.attach surface=B140D view=0x0000000bec6bc000 attached=1 hasSurface=0 inWindow=1
22:40:00.473 #3122 surface.attach.create surface=B140D inWindow=1
22:40:00.473 #3123 surface.attach.create.done surface=B140D hasSurface=0
22:40:00.473 #3124 surface.background_start surface=B140D9E4 inWindow=1 ready=0 source=inputDemand ms=3.07
22:40:00.476 #3125 find.applyFirstResponder.defer surface=0FA02 reason=setActive
22:40:00.484 #3126 sidebar.table.rowsBuild items=33
22:40:00.505 #3127 ws.swiftui.dismantle id=1 dt=102791.84ms surface=0FA02 inWindow=1
22:40:00.505 #3128 terminal.portal.host.authorityCleared surface=0FA02 host=ObjectIdentifier(0x0000000bebba0600) pane=B186F generation=1 serial=16
22:40:00.505 #3129 terminal.portal.host.rearm surface=0FA02 reason=dismantle host=ObjectIdentifier(0x0000000bebba0600) pane=B186F area=489440.0
22:40:00.572 #3130 portal.detach hosted=0x0000000becbfed00 anchor=nil hadSuperview=1
22:40:00.573 #3131 surface.view.windowMove surface=0FA02 inWindow=0 bounds=760.0x644.0 pending=760.0x644.0
22:40:00.608 #3132 workspace.gitProbe.apply workspace=068FA panel=B140D branch=none dirty=0 pr=none
22:40:00.610 #3133 zoom.create surface=B140D context=<redacted:40b>
22:40:00.626 #3134 surface.size.apply surface=B140D9E4 caller=runtime.create.initial grid=99x35->99x35 pixels=800x600->800x600 target=800x600
22:40:00.627 #3135 surface.socket_input.flush surface=B140D9E4 items=3 keys=0 bytes=142
22:40:00.628 #3136 zoom.create.done surface=B140D context=<redacted:21b>
22:40:00.647 #3137 ws.mount.reconcile id=1 dt=102933.79ms hot=0 selected=7AB3E mounted=[7AB3E,068FA] added=[068FA] removed=[]
22:40:00.649 #3138 surface.size.defer surface=0FA02 reason=noWindow size=760.0x644.0
22:40:00.654 #3139 notification.queue.drain batch=4 remaining=0 firstSeq=220 lastSeq=224
22:40:00.655 #3140 surface.shellState workspace=DEFBC panel=0FA02 from=unknown to=commandRunning
22:40:00.669 #3141 surface.attach surface=6EEDF view=0x0000000bebbf6800 attached=0 hasSurface=0 inWindow=0
22:40:00.669 #3142 surface.attach.defer surface=6EEDF reason=noWindow bounds=800.0x600.0
22:40:00.669 #3143 surface.size.defer surface=6EEDF reason=noWindow size=800.0x600.0
22:40:00.671 #3144 focus.bonsplit pane=DAE9F
22:40:00.671 #3145 focus.split.apply.begin workspace=8B191 pane=DAE9F tab=85BC2 focusedPane=DAE9F selectedTab=85BC2 reassert=1
22:40:00.671 #3146 find.preparePanelFocusIntent surface=6EEDF target=terminal
22:40:00.671 #3147 find.preparePanelFocusIntent surface=6EEDF target=terminal
22:40:00.671 #3148 focus.split.moveFocus workspace=8B191 panel=6EEDF previousExists=0 to=6EEDF
22:40:00.672 #3149 find.moveFocus to=6EEDF from=nil searchState=nil delayMs=0
22:40:00.672 #3150 focus.split.ensureFocus workspace=8B191 panel=6EEDF pane=DAE9F tab=85BC2 intent=terminal(cmux_DEV.TerminalPanelFocusIntent.surface)
22:40:00.674 #3151 focus.split.apply.end workspace=8B191 panel=6EEDF type=TerminalPanel focusedPane=DAE9F selectedTab=85BC2 prevPanel=6EEDF
22:40:00.674 #3152 focus.bonsplit pane=DAE9F
22:40:00.674 #3153 focus.split.apply.begin workspace=8B191 pane=DAE9F tab=85BC2 focusedPane=DAE9F selectedTab=85BC2 reassert=1
22:40:00.674 #3154 find.preparePanelFocusIntent surface=6EEDF target=terminal
22:40:00.674 #3155 find.preparePanelFocusIntent surface=6EEDF target=terminal
22:40:00.674 #3156 focus.split.moveFocus workspace=8B191 panel=6EEDF previousExists=0 to=6EEDF
22:40:00.674 #3157 find.moveFocus to=6EEDF from=nil searchState=nil delayMs=0
22:40:00.674 #3158 focus.split.ensureFocus workspace=8B191 panel=6EEDF pane=DAE9F tab=85BC2 intent=terminal(cmux_DEV.TerminalPanelFocusIntent.surface)
22:40:00.674 #3159 focus.split.apply.end workspace=8B191 panel=6EEDF type=TerminalPanel focusedPane=DAE9F selectedTab=85BC2 prevPanel=6EEDF
22:40:00.675 #3160 ws.term.visible id=1 dt=102961.78ms surface=6EEDF transition=1->0 active=1 visibleFlag=0 hostHidden=1 surfaceHidden=0 hiddenHierarchy=1 inWindow=0 hasSuperview=0 bounds=0.0x0.0 frame=0.0x0.0 firstResponder=nil
22:40:00.675 #3161 ws.mount.reconcile id=1 dt=102961.89ms hot=0 selected=7AB3E mounted=[7AB3E] added=[] removed=[068FA]
22:40:00.675 #3162 workspace.gitProbe.schedule workspace=8B191 panel=6EEDF dir=<redacted:11b> reason=initial
22:40:00.675 #3163 workspace.customDescription.update workspace=8B191237 inputLen=0 inputNewlines=0 normalizedLen=0 normalizedNewlines=0 input=<redacted:22b>
22:40:00.678 #3164 sidebar.snapshot.refresh requested=33
22:40:00.687 #3165 sidebar.table.rowsBuild items=34
22:40:00.719 #3166 sidebar.row.titlePaint workspace=7AB3E57F title=<redacted:3b>
22:40:00.719 #3167 sidebar.row.titlePaint workspace=8B191237 title=<redacted:13b>
22:40:00.719 #3168 sidebar.row.titlePaint workspace=068FAFBB title=<redacted:10b>
22:40:00.720 #3169 sidebar.row.titlePaint workspace=123BE47C title=<redacted:9b>
22:40:00.721 #3170 sidebar.row.titlePaint workspace=61B7357D title=<redacted:16b>
22:40:00.721 #3171 sidebar.row.titlePaint workspace=545B7176 title=<redacted:16b>
22:40:00.721 #3172 sidebar.row.titlePaint workspace=D1FD40D4 title=<redacted:16b>
22:40:00.721 #3173 sidebar.row.titlePaint workspace=9BB39338 title=<redacted:16b>
22:40:00.721 #3174 sidebar.row.titlePaint workspace=88E0CB7B title=<redacted:16b>
22:40:00.721 #3175 sidebar.row.titlePaint workspace=5C2DF2DB title=<redacted:16b>
22:40:00.721 #3176 sidebar.row.titlePaint workspace=2AE567F7 title=<redacted:16b>
22:40:00.722 #3177 sidebar.row.titlePaint workspace=BB3C48A9 title=<redacted:16b>
22:40:00.722 #3178 sidebar.row.titlePaint workspace=12B9D223 title=<redacted:16b>
22:40:00.722 #3179 sidebar.row.titlePaint workspace=CC803048 title=<redacted:16b>
22:40:00.722 #3180 sidebar.row.titlePaint workspace=021AC524 title=<redacted:16b>
22:40:00.722 #3181 sidebar.row.titlePaint workspace=0220BA90 title=<redacted:15b>
22:40:00.722 #3182 sidebar.row.titlePaint workspace=A9442F6F title=<redacted:15b>
22:40:00.722 #3183 sidebar.row.titlePaint workspace=C0EB2E56 title=<redacted:15b>
22:40:00.722 #3184 sidebar.row.titlePaint workspace=481B3CBD title=<redacted:15b>
22:40:00.722 #3185 sidebar.row.titlePaint workspace=D6AF905C title=<redacted:15b>
22:40:00.723 #3186 sidebar.row.titlePaint workspace=DE713FA3 title=<redacted:15b>
22:40:00.723 #3187 sidebar.row.titlePaint workspace=5A8310B9 title=<redacted:15b>
22:40:00.723 #3188 sidebar.row.titlePaint workspace=BE9B10CB title=<redacted:15b>
22:40:00.723 #3189 sidebar.row.titlePaint workspace=0786EE66 title=<redacted:15b>
22:40:00.726 #3190 sidebar.table.apply structural=1 contentChanges=33 rows=34
22:40:00.768 #3191 sidebar.row.titlePaint workspace=7AB3E57F title=<redacted:3b>
22:40:00.770 #3192 sidebar.row.titlePaint workspace=8B191237 title=<redacted:13b>
22:40:00.772 #3193 sidebar.row.titlePaint workspace=068FAFBB title=<redacted:10b>
22:40:00.774 #3194 sidebar.row.titlePaint workspace=DEFBC25A title=<redacted:10b>
22:40:00.776 #3195 sidebar.row.titlePaint workspace=4C00670E title=<redacted:10b>
22:40:00.778 #3196 sidebar.row.titlePaint workspace=90752060 title=<redacted:10b>
22:40:00.780 #3197 sidebar.row.titlePaint workspace=5545B910 title=<redacted:10b>
22:40:00.782 #3198 sidebar.row.titlePaint workspace=5F9554FC title=<redacted:10b>
22:40:00.783 #3199 sidebar.row.titlePaint workspace=123BE47C title=<redacted:9b>
22:40:00.785 #3200 sidebar.row.titlePaint workspace=3AC44C5B title=<redacted:9b>
22:40:00.787 #3201 sidebar.row.titlePaint workspace=4A50A4B3 title=<redacted:9b>
22:40:00.789 #3202 sidebar.row.titlePaint workspace=42E25BCA title=<redacted:9b>
22:40:00.791 #3203 sidebar.row.titlePaint workspace=A1DEFB72 title=<redacted:9b>
22:40:00.794 #3204 sidebar.row.titlePaint workspace=AD4CF065 title=<redacted:9b>
22:40:00.842 #3205 workspace.backgroundPrime.finish workspace=068FA reason=no_surface_work ms=371.93
22:40:00.842 #3206 notification.queue.drain batch=5 remaining=0 firstSeq=225 lastSeq=231
22:40:00.843 #3207 surface.shellState workspace=068FA panel=B140D from=unknown to=commandRunning
22:40:00.843 #3208 workspace.title.applyProcess workspace=8B191 from="Terminal 34" to="Terminal"
22:40:00.844 #3209 surface.socket_input.queue surface=6EEDFD7D items=3 keys=0 bytes=142
22:40:00.853 #3210 sidebar.table.rowsBuild items=34
22:40:00.879 #3211 surface.view.windowMove surface=6EEDF inWindow=1 bounds=800.0x600.0 pending=800.0x600.0
22:40:00.880 #3212 surface.attach surface=6EEDF view=0x0000000bebbf6800 attached=1 hasSurface=0 inWindow=1
22:40:00.880 #3213 surface.attach.create surface=6EEDF inWindow=1
22:40:00.880 #3214 surface.attach.create.done surface=6EEDF hasSurface=0
22:40:00.880 #3215 surface.size.resume surface=6EEDF size=800.0x600.0 backing=800.0x600.0
22:40:00.880 #3216 ws.term.active id=1 dt=103167.20ms surface=6EEDF transition=1->0 active=0 visibleFlag=0 hostHidden=1 surfaceHidden=0 hiddenHierarchy=1 inWindow=0 hasSuperview=1 bounds=800.0x600.0 frame=800.0x600.0 firstResponder=nil
22:40:00.880 #3217 surface.headless_window.adopt surface=6EEDFD7D reason=input-demand window=ObjectIdentifier(0x0000000be20d2f80)
22:40:00.880 #3218 surface.headless_window.create surface=6EEDFD7D reason=input-demand window=ObjectIdentifier(0x0000000be20d2f80)
22:40:00.880 #3219 surface.attach surface=6EEDF view=0x0000000bebbf6800 attached=1 hasSurface=0 inWindow=1
22:40:00.880 #3220 surface.attach.create surface=6EEDF inWindow=1
22:40:00.880 #3221 surface.attach.create.done surface=6EEDF hasSurface=0
22:40:00.881 #3222 surface.background_start surface=6EEDFD7D inWindow=1 ready=0 source=inputDemand ms=2.26
22:40:00.881 #3223 notification.queue.drain batch=1 remaining=0 firstSeq=232 lastSeq=232
22:40:00.891 #3224 workspace.gitProbe.apply workspace=8B191 panel=6EEDF branch=none dirty=0 pr=none
22:40:00.892 #3225 zoom.create surface=6EEDF context=<redacted:40b>
22:40:00.894 #3226 surface.size.apply surface=6EEDFD7D caller=runtime.create.initial grid=99x35->99x35 pixels=800x600->800x600 target=800x600
22:40:00.894 #3227 surface.socket_input.flush surface=6EEDFD7D items=3 keys=0 bytes=142
22:40:00.894 #3228 zoom.create.done surface=6EEDF context=<redacted:21b>
22:40:00.908 #3229 sidebar.snapshot.refresh requested=34
22:40:00.909 #3230 sidebar.table.rowsBuild items=34
22:40:00.923 #3231 sidebar.row.titlePaint workspace=8B191237 title=<redacted:10b>
22:40:00.924 #3232 sidebar.table.apply structural=0 contentChanges=1 rows=34
22:40:00.924 #3233 sidebar.row.titlePaint workspace=8B191237 title=<redacted:10b>
22:40:00.937 #3234 surface.attach surface=9DFC7 view=0x0000000becbfcf00 attached=0 hasSurface=0 inWindow=0
22:40:00.937 #3235 surface.attach.defer surface=9DFC7 reason=noWindow bounds=800.0x600.0
22:40:00.937 #3236 surface.size.defer surface=9DFC7 reason=noWindow size=800.0x600.0
22:40:00.937 #3237 focus.bonsplit pane=A6B91
22:40:00.937 #3238 focus.split.apply.begin workspace=B7FA0 pane=A6B91 tab=B0C06 focusedPane=A6B91 selectedTab=B0C06 reassert=1
22:40:00.937 #3239 find.preparePanelFocusIntent surface=9DFC7 target=terminal
22:40:00.937 #3240 find.preparePanelFocusIntent surface=9DFC7 target=terminal
22:40:00.937 #3241 focus.split.moveFocus workspace=B7FA0 panel=9DFC7 previousExists=0 to=9DFC7
22:40:00.937 #3242 find.moveFocus to=9DFC7 from=nil searchState=nil delayMs=0
22:40:00.937 #3243 focus.split.ensureFocus workspace=B7FA0 panel=9DFC7 pane=A6B91 tab=B0C06 intent=terminal(cmux_DEV.TerminalPanelFocusIntent.surface)
22:40:00.938 #3244 focus.split.apply.end workspace=B7FA0 panel=9DFC7 type=TerminalPanel focusedPane=A6B91 selectedTab=B0C06 prevPanel=9DFC7
22:40:00.938 #3245 focus.bonsplit pane=A6B91
22:40:00.938 #3246 focus.split.apply.begin workspace=B7FA0 pane=A6B91 tab=B0C06 focusedPane=A6B91 selectedTab=B0C06 reassert=1
22:40:00.938 #3247 find.preparePanelFocusIntent surface=9DFC7 target=terminal
22:40:00.938 #3248 find.preparePanelFocusIntent surface=9DFC7 target=terminal
22:40:00.938 #3249 focus.split.moveFocus workspace=B7FA0 panel=9DFC7 previousExists=0 to=9DFC7
22:40:00.938 #3250 find.moveFocus to=9DFC7 from=nil searchState=nil delayMs=0
22:40:00.938 #3251 focus.split.ensureFocus workspace=B7FA0 panel=9DFC7 pane=A6B91 tab=B0C06 intent=terminal(cmux_DEV.TerminalPanelFocusIntent.surface)
22:40:00.938 #3252 focus.split.apply.end workspace=B7FA0 panel=9DFC7 type=TerminalPanel focusedPane=A6B91 selectedTab=B0C06 prevPanel=9DFC7
22:40:00.938 #3253 ws.term.visible id=1 dt=103225.63ms surface=9DFC7 transition=1->0 active=1 visibleFlag=0 hostHidden=1 surfaceHidden=0 hiddenHierarchy=1 inWindow=0 hasSuperview=0 bounds=0.0x0.0 frame=0.0x0.0 firstResponder=nil
22:40:00.939 #3254 workspace.gitProbe.schedule workspace=B7FA0 panel=9DFC7 dir=<redacted:11b> reason=initial
22:40:00.939 #3255 workspace.customDescription.update workspace=B7FA0132 inputLen=0 inputNewlines=0 normalizedLen=0 normalizedNewlines=0 input=<redacted:22b>
22:40:00.948 #3256 sidebar.table.rowsBuild items=35
22:40:00.978 #3257 sidebar.row.titlePaint workspace=7AB3E57F title=<redacted:3b>
22:40:00.979 #3258 sidebar.row.titlePaint workspace=B7FA0132 title=<redacted:13b>
22:40:00.979 #3259 sidebar.row.titlePaint workspace=8B191237 title=<redacted:10b>
22:40:00.979 #3260 sidebar.row.titlePaint workspace=123BE47C title=<redacted:9b>
22:40:00.980 #3261 sidebar.row.titlePaint workspace=61B7357D title=<redacted:16b>
22:40:00.980 #3262 sidebar.row.titlePaint workspace=545B7176 title=<redacted:16b>
22:40:00.980 #3263 sidebar.row.titlePaint workspace=D1FD40D4 title=<redacted:16b>
22:40:00.980 #3264 sidebar.row.titlePaint workspace=9BB39338 title=<redacted:16b>
22:40:00.980 #3265 sidebar.row.titlePaint workspace=88E0CB7B title=<redacted:16b>
22:40:00.981 #3266 sidebar.row.titlePaint workspace=5C2DF2DB title=<redacted:16b>
22:40:00.981 #3267 sidebar.row.titlePaint workspace=2AE567F7 title=<redacted:16b>
22:40:00.981 #3268 sidebar.row.titlePaint workspace=BB3C48A9 title=<redacted:16b>
22:40:00.981 #3269 sidebar.row.titlePaint workspace=12B9D223 title=<redacted:16b>
22:40:00.981 #3270 sidebar.row.titlePaint workspace=CC803048 title=<redacted:16b>
22:40:00.981 #3271 sidebar.row.titlePaint workspace=021AC524 title=<redacted:16b>
22:40:00.981 #3272 sidebar.row.titlePaint workspace=0220BA90 title=<redacted:15b>
22:40:00.981 #3273 sidebar.row.titlePaint workspace=A9442F6F title=<redacted:15b>
22:40:00.981 #3274 sidebar.row.titlePaint workspace=C0EB2E56 title=<redacted:15b>
22:40:00.981 #3275 sidebar.row.titlePaint workspace=481B3CBD title=<redacted:15b>
22:40:00.982 #3276 sidebar.row.titlePaint workspace=D6AF905C title=<redacted:15b>
22:40:00.982 #3277 sidebar.row.titlePaint workspace=DE713FA3 title=<redacted:15b>
22:40:00.982 #3278 sidebar.row.titlePaint workspace=5A8310B9 title=<redacted:15b>
22:40:00.982 #3279 sidebar.row.titlePaint workspace=BE9B10CB title=<redacted:15b>
22:40:00.982 #3280 sidebar.row.titlePaint workspace=0786EE66 title=<redacted:15b>
22:40:00.985 #3281 sidebar.table.apply structural=1 contentChanges=34 rows=35
22:40:01.027 #3282 sidebar.row.titlePaint workspace=7AB3E57F title=<redacted:3b>
22:40:01.030 #3283 sidebar.row.titlePaint workspace=B7FA0132 title=<redacted:13b>
22:40:01.032 #3284 sidebar.row.titlePaint workspace=8B191237 title=<redacted:10b>
22:40:01.034 #3285 sidebar.row.titlePaint workspace=068FAFBB title=<redacted:10b>
22:40:01.036 #3286 sidebar.row.titlePaint workspace=DEFBC25A title=<redacted:10b>
22:40:01.038 #3287 sidebar.row.titlePaint workspace=4C00670E title=<redacted:10b>
22:40:01.040 #3288 sidebar.row.titlePaint workspace=90752060 title=<redacted:10b>
22:40:01.042 #3289 sidebar.row.titlePaint workspace=5545B910 title=<redacted:10b>
22:40:01.043 #3290 sidebar.row.titlePaint workspace=5F9554FC title=<redacted:10b>
22:40:01.045 #3291 sidebar.row.titlePaint workspace=123BE47C title=<redacted:9b>
22:40:01.047 #3292 sidebar.row.titlePaint workspace=3AC44C5B title=<redacted:9b>
22:40:01.049 #3293 sidebar.row.titlePaint workspace=4A50A4B3 title=<redacted:9b>
22:40:01.051 #3294 sidebar.row.titlePaint workspace=42E25BCA title=<redacted:9b>
22:40:01.053 #3295 sidebar.row.titlePaint workspace=A1DEFB72 title=<redacted:9b>
22:40:01.098 #3296 workspace.title.applyProcess workspace=B7FA0 from="Terminal 35" to="Terminal"
22:40:01.099 #3297 surface.socket_input.queue surface=9DFC7E1E items=3 keys=0 bytes=142
22:40:01.099 #3298 notification.queue.drain batch=4 remaining=0 firstSeq=234 lastSeq=238
22:40:01.100 #3299 surface.shellState workspace=8B191 panel=6EEDF from=unknown to=commandRunning
22:40:01.100 #3300 workspace.backgroundPrime.start workspace=B7FA0
22:40:01.107 #3301 sidebar.table.rowsBuild items=35
22:40:01.128 #3302 surface.view.windowMove surface=9DFC7 inWindow=1 bounds=800.0x600.0 pending=800.0x600.0
22:40:01.128 #3303 surface.attach surface=9DFC7 view=0x0000000becbfcf00 attached=1 hasSurface=0 inWindow=1
22:40:01.128 #3304 surface.attach.create surface=9DFC7 inWindow=1
22:40:01.128 #3305 surface.attach.create.done surface=9DFC7 hasSurface=0
22:40:01.128 #3306 surface.size.resume surface=9DFC7 size=800.0x600.0 backing=800.0x600.0
22:40:01.129 #3307 ws.term.active id=1 dt=103415.87ms surface=9DFC7 transition=1->0 active=0 visibleFlag=0 hostHidden=1 surfaceHidden=0 hiddenHierarchy=1 inWindow=0 hasSuperview=1 bounds=800.0x600.0 frame=800.0x600.0 firstResponder=nil
22:40:01.129 #3308 surface.headless_window.adopt surface=9DFC7E1E reason=input-demand window=ObjectIdentifier(0x0000000bde7c5900)
22:40:01.129 #3309 surface.headless_window.create surface=9DFC7E1E reason=input-demand window=ObjectIdentifier(0x0000000bde7c5900)
22:40:01.129 #3310 surface.attach surface=9DFC7 view=0x0000000becbfcf00 attached=1 hasSurface=0 inWindow=1
22:40:01.129 #3311 surface.attach.create surface=9DFC7 inWindow=1
22:40:01.129 #3312 surface.attach.create.done surface=9DFC7 hasSurface=0
22:40:01.130 #3313 surface.background_start surface=9DFC7E1E inWindow=1 ready=0 source=inputDemand ms=2.72
22:40:01.130 #3314 notification.queue.drain batch=1 remaining=0 firstSeq=239 lastSeq=239
22:40:01.146 #3315 workspace.gitProbe.apply workspace=B7FA0 panel=9DFC7 branch=none dirty=0 pr=none
22:40:01.147 #3316 zoom.create surface=9DFC7 context=<redacted:40b>
22:40:01.149 #3317 surface.size.apply surface=9DFC7E1E caller=runtime.create.initial grid=99x35->99x35 pixels=800x600->800x600 target=800x600
22:40:01.149 #3318 surface.socket_input.flush surface=9DFC7E1E items=3 keys=0 bytes=142
22:40:01.150 #3319 zoom.create.done surface=9DFC7 context=<redacted:21b>
22:40:01.159 #3320 ws.mount.reconcile id=1 dt=103445.87ms hot=0 selected=7AB3E mounted=[7AB3E,B7FA0] added=[B7FA0] removed=[]
22:40:01.165 #3321 sidebar.snapshot.refresh requested=35
22:40:01.173 #3322 sidebar.table.rowsBuild items=35
22:40:01.196 #3323 sidebar.table.rowsBuild items=35
22:40:01.218 #3324 sidebar.row.titlePaint workspace=B7FA0132 title=<redacted:10b>
22:40:01.219 #3325 sidebar.table.apply structural=0 contentChanges=1 rows=35
22:40:01.219 #3326 sidebar.row.titlePaint workspace=B7FA0132 title=<redacted:10b>
22:40:01.231 #3327 ws.swiftui.update id=1 dt=103518.55ms surface=9DFC7 visible=0 active=0 z=0 hostWindow=0 hostedWindow=1 hostedSuperview=1
22:40:01.231 #3328 ws.hostState.deferBind surface=9DFC7 reason=hostNoWindow visible=0 active=0 z=0 hostedWindow=1 hostedSuperview=1
22:40:01.239 #3329 ws.hostState.rebindOnGeometry surface=9DFC7 reason=portalEntryMissing visible=0 active=0 z=0
22:40:01.250 #3330 terminal.portal.host.claim surface=9DFC7 reason=geometryChanged host=ObjectIdentifier(0x0000000beb7a5b00) pane=A6B91 inWin=1 size=760.0x644.0 replacingHost=nil
22:40:01.250 #3331 portal.bind hosted=0x0000000becbfd400 anchor=0x0000000beb7a5b00 prevAnchor=nil visible=0 prevVisible=0 z=0 prevZ=-9223372036854775808
22:40:01.250 #3332 surface.size.apply surface=9DFC7E1E caller=layout() grid=99x35->94x37 pixels=800x600->760x644 target=760x644
22:40:01.250 #3333 portal.reparent hosted=0x0000000becbfd400 reason=attach super=0x0000000bde7c6080
22:40:01.251 #3334 surface.view.windowMove surface=9DFC7 inWindow=1 bounds=760.0x644.0 pending=760.0x644.0
22:40:01.251 #3335 surface.attach surface=9DFC7 view=0x0000000becbfcf00 attached=1 hasSurface=1 inWindow=1
22:40:01.251 #3336 surface.headless_window.release surface=9DFC7E1E realWindow=ObjectIdentifier(0x0000000be7f96800)
22:40:01.251 #3337 surface.attach.reuse surface=9DFC7 view=0x0000000becbfcf00
22:40:01.252 #3338 portal.bonsplit.container hosted=0x0000000becbfd400 class=_TtGC7SwiftUI13NSHostingViewGV8Bonsplit17PaneContainerViewGVS_19_ConditionalContentGS3_GVS_15ModifiedContentV8cmux_DEV31RemoteTmuxWindowMirrorSplitViewVS_P10$232f25d3018TapGestureModifier_GS4_VS5_P10$12e2170f829WorkspacePanelContentHostViewS7___VS5_14EmptyPanelView_GS4_S9_S7____ frame=240.0,0.0 760.0x672.0 host=0.0,0.0 1000.0x700.0 anchor=240.0,0.0 760.0x644.0
22:40:01.262 #3339 surface.attach surface=956C2 view=0x0000000bec6bf200 attached=0 hasSurface=0 inWindow=0
22:40:01.262 #3340 surface.attach.defer surface=956C2 reason=noWindow bounds=800.0x600.0
22:40:01.263 #3341 surface.size.defer surface=956C2 reason=noWindow size=800.0x600.0
22:40:01.263 #3342 focus.bonsplit pane=C20AD
22:40:01.263 #3343 focus.split.apply.begin workspace=F5C0F pane=C20AD tab=72010 focusedPane=C20AD selectedTab=72010 reassert=1
22:40:01.263 #3344 find.preparePanelFocusIntent surface=956C2 target=terminal
22:40:01.263 #3345 find.preparePanelFocusIntent surface=956C2 target=terminal
22:40:01.263 #3346 focus.split.moveFocus workspace=F5C0F panel=956C2 previousExists=0 to=956C2
22:40:01.263 #3347 find.moveFocus to=956C2 from=nil searchState=nil delayMs=0
22:40:01.263 #3348 focus.split.ensureFocus workspace=F5C0F panel=956C2 pane=C20AD tab=72010 intent=terminal(cmux_DEV.TerminalPanelFocusIntent.surface)
22:40:01.264 #3349 focus.split.apply.end workspace=F5C0F panel=956C2 type=TerminalPanel focusedPane=C20AD selectedTab=72010 prevPanel=956C2
22:40:01.264 #3350 focus.bonsplit pane=C20AD
22:40:01.264 #3351 focus.split.apply.begin workspace=F5C0F pane=C20AD tab=72010 focusedPane=C20AD selectedTab=72010 reassert=1
22:40:01.264 #3352 find.preparePanelFocusIntent surface=956C2 target=terminal
22:40:01.264 #3353 find.preparePanelFocusIntent surface=956C2 target=terminal
22:40:01.264 #3354 focus.split.moveFocus workspace=F5C0F panel=956C2 previousExists=0 to=956C2
22:40:01.264 #3355 find.moveFocus to=956C2 from=nil searchState=nil delayMs=0
22:40:01.264 #3356 focus.split.ensureFocus workspace=F5C0F panel=956C2 pane=C20AD tab=72010 intent=terminal(cmux_DEV.TerminalPanelFocusIntent.surface)
22:40:01.264 #3357 focus.split.apply.end workspace=F5C0F panel=956C2 type=TerminalPanel focusedPane=C20AD selectedTab=72010 prevPanel=956C2
22:40:01.264 #3358 ws.term.visible id=1 dt=103551.55ms surface=956C2 transition=1->0 active=1 visibleFlag=0 hostHidden=1 surfaceHidden=0 hiddenHierarchy=1 inWindow=0 hasSuperview=0 bounds=0.0x0.0 frame=0.0x0.0 firstResponder=nil
22:40:01.264 #3359 portal.hideEntry hosted=0x0000000becbfd400 reason=workspaceUnmount
22:40:01.264 #3360 ws.mount.reconcile id=1 dt=103551.68ms hot=0 selected=7AB3E mounted=[7AB3E] added=[] removed=[B7FA0]
22:40:01.265 #3361 workspace.gitProbe.schedule workspace=F5C0F panel=956C2 dir=<redacted:11b> reason=initial
22:40:01.265 #3362 workspace.customDescription.update workspace=F5C0FBB8 inputLen=0 inputNewlines=0 normalizedLen=0 normalizedNewlines=0 input=<redacted:22b>
22:40:01.265 #3363 workspace.backgroundPrime.finish workspace=B7FA0 reason=no_surface_work ms=165.29
22:40:01.266 #3364 notification.queue.drain batch=4 remaining=0 firstSeq=241 lastSeq=245
22:40:01.267 #3365 surface.shellState workspace=B7FA0 panel=9DFC7 from=unknown to=commandRunning
22:40:01.275 #3366 sidebar.table.rowsBuild items=36
22:40:01.299 #3367 ws.swiftui.dismantle id=1 dt=103586.66ms surface=9DFC7 inWindow=1
22:40:01.299 #3368 terminal.portal.host.authorityCleared surface=9DFC7 host=ObjectIdentifier(0x0000000beb7a5b00) pane=A6B91 generation=1 serial=17
22:40:01.299 #3369 terminal.portal.host.rearm surface=9DFC7 reason=dismantle host=ObjectIdentifier(0x0000000beb7a5b00) pane=A6B91 area=489440.0
22:40:01.307 #3370 portal.detach hosted=0x0000000becbfd400 anchor=0x0000000beb7a5b00 hadSuperview=1
22:40:01.307 #3371 surface.view.windowMove surface=9DFC7 inWindow=0 bounds=760.0x644.0 pending=760.0x644.0
22:40:01.308 #3372 portal.bonsplit.container hosted=0x0000000be9451e00 class=_TtGC7SwiftUI13NSHostingViewGV8Bonsplit17PaneContainerViewGVS_19_ConditionalContentGS3_GVS_15ModifiedContentV8cmux_DEV31RemoteTmuxWindowMirrorSplitViewVS_P10$232f25d3018TapGestureModifier_GS4_VS5_P10$12e2170f829WorkspacePanelContentHostViewS7___VS5_14EmptyPanelView_GS4_S9_S7____ frame=240.0,0.0 760.0x672.0 host=0.0,0.0 1000.0x700.0 anchor=240.0,0.0 760.0x644.0
22:40:01.311 #3373 sidebar.row.titlePaint workspace=7AB3E57F title=<redacted:3b>
22:40:01.312 #3374 sidebar.row.titlePaint workspace=F5C0FBB8 title=<redacted:13b>
22:40:01.312 #3375 sidebar.row.titlePaint workspace=B7FA0132 title=<redacted:10b>
22:40:01.313 #3376 sidebar.row.titlePaint workspace=123BE47C title=<redacted:9b>
22:40:01.313 #3377 sidebar.row.titlePaint workspace=61B7357D title=<redacted:16b>
22:40:01.313 #3378 sidebar.row.titlePaint workspace=545B7176 title=<redacted:16b>
22:40:01.313 #3379 sidebar.row.titlePaint workspace=D1FD40D4 title=<redacted:16b>
22:40:01.313 #3380 sidebar.row.titlePaint workspace=9BB39338 title=<redacted:16b>
22:40:01.314 #3381 sidebar.row.titlePaint workspace=88E0CB7B title=<redacted:16b>
22:40:01.314 #3382 sidebar.row.titlePaint workspace=5C2DF2DB title=<redacted:16b>
22:40:01.314 #3383 sidebar.row.titlePaint workspace=2AE567F7 title=<redacted:16b>
22:40:01.314 #3384 sidebar.row.titlePaint workspace=BB3C48A9 title=<redacted:16b>
22:40:01.314 #3385 sidebar.row.titlePaint workspace=12B9D223 title=<redacted:16b>
22:40:01.314 #3386 sidebar.row.titlePaint workspace=CC803048 title=<redacted:16b>
22:40:01.314 #3387 sidebar.row.titlePaint workspace=021AC524 title=<redacted:16b>
22:40:01.314 #3388 sidebar.row.titlePaint workspace=0220BA90 title=<redacted:15b>
22:40:01.314 #3389 sidebar.row.titlePaint workspace=A9442F6F title=<redacted:15b>
22:40:01.314 #3390 sidebar.row.titlePaint workspace=C0EB2E56 title=<redacted:15b>
22:40:01.315 #3391 sidebar.row.titlePaint workspace=481B3CBD title=<redacted:15b>
22:40:01.315 #3392 sidebar.row.titlePaint workspace=D6AF905C title=<redacted:15b>
22:40:01.315 #3393 sidebar.row.titlePaint workspace=DE713FA3 title=<redacted:15b>
22:40:01.315 #3394 sidebar.row.titlePaint workspace=5A8310B9 title=<redacted:15b>
22:40:01.315 #3395 sidebar.row.titlePaint workspace=BE9B10CB title=<redacted:15b>
22:40:01.315 #3396 sidebar.row.titlePaint workspace=0786EE66 title=<redacted:15b>
22:40:01.318 #3397 sidebar.table.apply structural=1 contentChanges=35 rows=36
22:40:01.360 #3398 sidebar.row.titlePaint workspace=7AB3E57F title=<redacted:3b>
22:40:01.362 #3399 sidebar.row.titlePaint workspace=F5C0FBB8 title=<redacted:13b>
22:40:01.364 #3400 sidebar.row.titlePaint workspace=B7FA0132 title=<redacted:10b>
22:40:01.366 #3401 sidebar.row.titlePaint workspace=8B191237 title=<redacted:10b>
22:40:01.368 #3402 sidebar.row.titlePaint workspace=068FAFBB title=<redacted:10b>
22:40:01.370 #3403 sidebar.row.titlePaint workspace=DEFBC25A title=<redacted:10b>
22:40:01.372 #3404 sidebar.row.titlePaint workspace=4C00670E title=<redacted:10b>
22:40:01.373 #3405 sidebar.row.titlePaint workspace=90752060 title=<redacted:10b>
22:40:01.375 #3406 sidebar.row.titlePaint workspace=5545B910 title=<redacted:10b>
22:40:01.377 #3407 sidebar.row.titlePaint workspace=5F9554FC title=<redacted:10b>
22:40:01.379 #3408 sidebar.row.titlePaint workspace=123BE47C title=<redacted:9b>
22:40:01.381 #3409 sidebar.row.titlePaint workspace=3AC44C5B title=<redacted:9b>
22:40:01.383 #3410 sidebar.row.titlePaint workspace=4A50A4B3 title=<redacted:9b>
22:40:01.385 #3411 sidebar.row.titlePaint workspace=42E25BCA title=<redacted:9b>
22:40:01.432 #3412 workspace.title.applyProcess workspace=F5C0F from="Terminal 36" to="Terminal"
22:40:01.432 #3413 surface.size.defer surface=9DFC7 reason=noWindow size=760.0x644.0
22:40:01.433 #3414 surface.socket_input.queue surface=956C2EDF items=3 keys=0 bytes=142
22:40:01.434 #3415 notification.queue.drain batch=1 remaining=0 firstSeq=246 lastSeq=246
22:40:01.437 #3416 surface.view.windowMove surface=956C2 inWindow=1 bounds=800.0x600.0 pending=800.0x600.0
22:40:01.437 #3417 surface.attach surface=956C2 view=0x0000000bec6bf200 attached=1 hasSurface=0 inWindow=1
22:40:01.437 #3418 surface.attach.create surface=956C2 inWindow=1
22:40:01.437 #3419 surface.attach.create.done surface=956C2 hasSurface=0
22:40:01.437 #3420 surface.size.resume surface=956C2 size=800.0x600.0 backing=800.0x600.0
22:40:01.437 #3421 ws.term.active id=1 dt=103724.47ms surface=956C2 transition=1->0 active=0 visibleFlag=0 hostHidden=1 surfaceHidden=0 hiddenHierarchy=1 inWindow=0 hasSuperview=1 bounds=800.0x600.0 frame=800.0x600.0 firstResponder=nil
22:40:01.437 #3422 surface.headless_window.adopt surface=956C2EDF reason=input-demand window=ObjectIdentifier(0x0000000be159e800)
22:40:01.437 #3423 surface.headless_window.create surface=956C2EDF reason=input-demand window=ObjectIdentifier(0x0000000be159e800)
22:40:01.437 #3424 surface.attach surface=956C2 view=0x0000000bec6bf200 attached=1 hasSurface=0 inWindow=1
22:40:01.437 #3425 surface.attach.create surface=956C2 inWindow=1
22:40:01.437 #3426 surface.attach.create.done surface=956C2 hasSurface=0
22:40:01.438 #3427 surface.background_start surface=956C2EDF inWindow=1 ready=0 source=inputDemand ms=3.08
22:40:01.448 #3428 workspace.gitProbe.apply workspace=F5C0F panel=956C2 branch=none dirty=0 pr=none
22:40:01.449 #3429 zoom.create surface=956C2 context=<redacted:40b>
22:40:01.451 #3430 surface.size.apply surface=956C2EDF caller=runtime.create.initial grid=99x35->99x35 pixels=800x600->800x600 target=800x600
22:40:01.451 #3431 surface.socket_input.flush surface=956C2EDF items=3 keys=0 bytes=142
22:40:01.452 #3432 zoom.create.done surface=956C2 context=<redacted:21b>
22:40:01.466 #3433 sidebar.snapshot.refresh requested=36
22:40:01.467 #3434 sidebar.table.rowsBuild items=36
22:40:01.482 #3435 sidebar.row.titlePaint workspace=F5C0FBB8 title=<redacted:10b>
22:40:01.483 #3436 sidebar.table.apply structural=0 contentChanges=1 rows=36
22:40:01.483 #3437 sidebar.row.titlePaint workspace=F5C0FBB8 title=<redacted:10b>
22:40:01.488 #3438 workspace.title.applyProcess workspace=4C006 from="Terminal" to="Working"
22:40:01.488 #3439 workspace.title.updatePanel workspace=4C006 panel=F0E11 panels=1 custom=0 panelChanged=1 workspaceChanged=1 title=<redacted:9b>
22:40:01.488 #3440 workspace.title.applyProcess workspace=90752 from="Terminal" to="Working"
22:40:01.488 #3441 workspace.title.updatePanel workspace=90752 panel=C8E29 panels=1 custom=0 panelChanged=1 workspaceChanged=1 title=<redacted:9b>
22:40:01.488 #3442 workspace.title.applyProcess workspace=5F955 from="Terminal" to="Working"
22:40:01.488 #3443 workspace.title.updatePanel workspace=5F955 panel=595AB panels=1 custom=0 panelChanged=1 workspaceChanged=1 title=<redacted:9b>
22:40:01.488 #3444 workspace.title.applyProcess workspace=5545B from="Terminal" to="Working"
22:40:01.488 #3445 workspace.title.updatePanel workspace=5545B panel=519DF panels=1 custom=0 panelChanged=1 workspaceChanged=1 title=<redacted:9b>
22:40:01.492 #3446 surface.attach surface=797F7 view=0x0000000bec246300 attached=0 hasSurface=0 inWindow=0
22:40:01.492 #3447 surface.attach.defer surface=797F7 reason=noWindow bounds=800.0x600.0
22:40:01.492 #3448 surface.size.defer surface=797F7 reason=noWindow size=800.0x600.0
22:40:01.492 #3449 focus.bonsplit pane=CEAB9
22:40:01.492 #3450 focus.split.apply.begin workspace=48512 pane=CEAB9 tab=48156 focusedPane=CEAB9 selectedTab=48156 reassert=1
22:40:01.492 #3451 find.preparePanelFocusIntent surface=797F7 target=terminal
22:40:01.492 #3452 find.preparePanelFocusIntent surface=797F7 target=terminal
22:40:01.492 #3453 focus.split.moveFocus workspace=48512 panel=797F7 previousExists=0 to=797F7
22:40:01.492 #3454 find.moveFocus to=797F7 from=nil searchState=nil delayMs=0
22:40:01.492 #3455 focus.split.ensureFocus workspace=48512 panel=797F7 pane=CEAB9 tab=48156 intent=terminal(cmux_DEV.TerminalPanelFocusIntent.surface)
22:40:01.493 #3456 focus.split.apply.end workspace=48512 panel=797F7 type=TerminalPanel focusedPane=CEAB9 selectedTab=48156 prevPanel=797F7
22:40:01.493 #3457 focus.bonsplit pane=CEAB9
22:40:01.493 #3458 focus.split.apply.begin workspace=48512 pane=CEAB9 tab=48156 focusedPane=CEAB9 selectedTab=48156 reassert=1
22:40:01.493 #3459 find.preparePanelFocusIntent surface=797F7 target=terminal
22:40:01.493 #3460 find.preparePanelFocusIntent surface=797F7 target=terminal
22:40:01.493 #3461 focus.split.moveFocus workspace=48512 panel=797F7 previousExists=0 to=797F7
22:40:01.493 #3462 find.moveFocus to=797F7 from=nil searchState=nil delayMs=0
22:40:01.493 #3463 focus.split.ensureFocus workspace=48512 panel=797F7 pane=CEAB9 tab=48156 intent=terminal(cmux_DEV.TerminalPanelFocusIntent.surface)
22:40:01.493 #3464 focus.split.apply.end workspace=48512 panel=797F7 type=TerminalPanel focusedPane=CEAB9 selectedTab=48156 prevPanel=797F7
22:40:01.493 #3465 ws.term.visible id=1 dt=103780.48ms surface=797F7 transition=1->0 active=1 visibleFlag=0 hostHidden=1 surfaceHidden=0 hiddenHierarchy=1 inWindow=0 hasSuperview=0 bounds=0.0x0.0 frame=0.0x0.0 firstResponder=nil
22:40:01.493 #3466 workspace.gitProbe.schedule workspace=48512 panel=797F7 dir=<redacted:11b> reason=initial
22:40:01.494 #3467 workspace.customDescription.update workspace=485122AA inputLen=0 inputNewlines=0 normalizedLen=0 normalizedNewlines=0 input=<redacted:22b>
22:40:01.502 #3468 sidebar.table.rowsBuild items=37
22:40:01.535 #3469 sidebar.row.titlePaint workspace=7AB3E57F title=<redacted:3b>
22:40:01.535 #3470 sidebar.row.titlePaint workspace=485122AA title=<redacted:13b>
22:40:01.535 #3471 sidebar.row.titlePaint workspace=F5C0FBB8 title=<redacted:10b>
22:40:01.536 #3472 sidebar.row.titlePaint workspace=123BE47C title=<redacted:9b>
22:40:01.537 #3473 sidebar.row.titlePaint workspace=61B7357D title=<redacted:16b>
22:40:01.537 #3474 sidebar.row.titlePaint workspace=545B7176 title=<redacted:16b>
22:40:01.537 #3475 sidebar.row.titlePaint workspace=D1FD40D4 title=<redacted:16b>
22:40:01.537 #3476 sidebar.row.titlePaint workspace=9BB39338 title=<redacted:16b>
22:40:01.537 #3477 sidebar.row.titlePaint workspace=88E0CB7B title=<redacted:16b>
22:40:01.537 #3478 sidebar.row.titlePaint workspace=5C2DF2DB title=<redacted:16b>
22:40:01.537 #3479 sidebar.row.titlePaint workspace=2AE567F7 title=<redacted:16b>
22:40:01.537 #3480 sidebar.row.titlePaint workspace=BB3C48A9 title=<redacted:16b>
22:40:01.537 #3481 sidebar.row.titlePaint workspace=12B9D223 title=<redacted:16b>
22:40:01.537 #3482 sidebar.row.titlePaint workspace=CC803048 title=<redacted:16b>
22:40:01.538 #3483 sidebar.row.titlePaint workspace=021AC524 title=<redacted:16b>
22:40:01.538 #3484 sidebar.row.titlePaint workspace=0220BA90 title=<redacted:15b>
22:40:01.538 #3485 sidebar.row.titlePaint workspace=A9442F6F title=<redacted:15b>
22:40:01.538 #3486 sidebar.row.titlePaint workspace=C0EB2E56 title=<redacted:15b>
22:40:01.538 #3487 sidebar.row.titlePaint workspace=481B3CBD title=<redacted:15b>
22:40:01.538 #3488 sidebar.row.titlePaint workspace=D6AF905C title=<redacted:15b>
22:40:01.538 #3489 sidebar.row.titlePaint workspace=DE713FA3 title=<redacted:15b>
22:40:01.538 #3490 sidebar.row.titlePaint workspace=5A8310B9 title=<redacted:15b>
22:40:01.538 #3491 sidebar.row.titlePaint workspace=BE9B10CB title=<redacted:15b>
22:40:01.538 #3492 sidebar.row.titlePaint workspace=0786EE66 title=<redacted:15b>
22:40:01.542 #3493 sidebar.table.apply structural=1 contentChanges=36 rows=37
22:40:01.585 #3494 sidebar.row.titlePaint workspace=7AB3E57F title=<redacted:3b>
22:40:01.587 #3495 sidebar.row.titlePaint workspace=485122AA title=<redacted:13b>
22:40:01.589 #3496 sidebar.row.titlePaint workspace=F5C0FBB8 title=<redacted:10b>
22:40:01.590 #3497 sidebar.row.titlePaint workspace=B7FA0132 title=<redacted:10b>
22:40:01.592 #3498 sidebar.row.titlePaint workspace=8B191237 title=<redacted:10b>
22:40:01.594 #3499 sidebar.row.titlePaint workspace=068FAFBB title=<redacted:10b>
22:40:01.596 #3500 sidebar.row.titlePaint workspace=DEFBC25A title=<redacted:10b>
22:40:01.598 #3501 sidebar.row.titlePaint workspace=4C00670E title=<redacted:10b>
22:40:01.600 #3502 sidebar.row.titlePaint workspace=90752060 title=<redacted:10b>
22:40:01.602 #3503 sidebar.row.titlePaint workspace=5545B910 title=<redacted:10b>
22:40:01.604 #3504 sidebar.row.titlePaint workspace=5F9554FC title=<redacted:10b>
22:40:01.606 #3505 sidebar.row.titlePaint workspace=123BE47C title=<redacted:9b>
22:40:01.608 #3506 sidebar.row.titlePaint workspace=3AC44C5B title=<redacted:9b>
22:40:01.610 #3507 sidebar.row.titlePaint workspace=4A50A4B3 title=<redacted:9b>
22:40:01.660 #3508 workspace.title.applyProcess workspace=48512 from="Terminal 37" to="Terminal"
22:40:01.661 #3509 surface.socket_input.queue surface=797F7341 items=3 keys=0 bytes=142
22:40:01.661 #3510 notification.queue.drain batch=4 remaining=0 firstSeq=248 lastSeq=252
22:40:01.662 #3511 surface.shellState workspace=F5C0F panel=956C2 from=unknown to=commandRunning
22:40:01.663 #3512 workspace.backgroundPrime.start workspace=48512
22:40:01.671 #3513 sidebar.table.rowsBuild items=37
22:40:01.699 #3514 surface.view.windowMove surface=797F7 inWindow=1 bounds=800.0x600.0 pending=800.0x600.0
22:40:01.699 #3515 surface.attach surface=797F7 view=0x0000000bec246300 attached=1 hasSurface=0 inWindow=1
22:40:01.699 #3516 surface.attach.create surface=797F7 inWindow=1
22:40:01.699 #3517 surface.attach.create.done surface=797F7 hasSurface=0
22:40:01.699 #3518 surface.size.resume surface=797F7 size=800.0x600.0 backing=800.0x600.0
22:40:01.699 #3519 ws.term.active id=1 dt=103986.37ms surface=797F7 transition=1->0 active=0 visibleFlag=0 hostHidden=1 surfaceHidden=0 hiddenHierarchy=1 inWindow=0 hasSuperview=1 bounds=800.0x600.0 frame=800.0x600.0 firstResponder=nil
22:40:01.699 #3520 surface.headless_window.adopt surface=797F7341 reason=input-demand window=ObjectIdentifier(0x0000000bde7c7980)
22:40:01.699 #3521 surface.headless_window.create surface=797F7341 reason=input-demand window=ObjectIdentifier(0x0000000bde7c7980)
22:40:01.699 #3522 surface.attach surface=797F7 view=0x0000000bec246300 attached=1 hasSurface=0 inWindow=1
22:40:01.699 #3523 surface.attach.create surface=797F7 inWindow=1
22:40:01.699 #3524 surface.attach.create.done surface=797F7 hasSurface=0
22:40:01.700 #3525 surface.background_start surface=797F7341 inWindow=1 ready=0 source=inputDemand ms=2.34
22:40:01.700 #3526 notification.queue.drain batch=1 remaining=0 firstSeq=253 lastSeq=253
22:40:01.700 #3527 paneMemGuard.scan panes=37 maxMB=3 thresholdMB=8192 warned=0 scope=0
22:40:01.712 #3528 workspace.gitProbe.apply workspace=48512 panel=797F7 branch=none dirty=0 pr=none
22:40:01.713 #3529 zoom.create surface=797F7 context=<redacted:40b>
22:40:01.716 #3530 surface.size.apply surface=797F7341 caller=runtime.create.initial grid=99x35->99x35 pixels=800x600->800x600 target=800x600
22:40:01.716 #3531 surface.socket_input.flush surface=797F7341 items=3 keys=0 bytes=142
22:40:01.716 #3532 zoom.create.done surface=797F7 context=<redacted:21b>
22:40:01.725 #3533 ws.mount.reconcile id=1 dt=104012.68ms hot=0 selected=7AB3E mounted=[7AB3E,48512] added=[48512] removed=[]
22:40:01.732 #3534 sidebar.snapshot.refresh requested=37
22:40:01.741 #3535 sidebar.table.rowsBuild items=37
22:40:01.763 #3536 sidebar.table.rowsBuild items=37
22:40:01.786 #3537 sidebar.row.titlePaint workspace=485122AA title=<redacted:10b>
22:40:01.787 #3538 sidebar.row.titlePaint workspace=4C00670E title=<redacted:9b>
22:40:01.788 #3539 sidebar.table.apply structural=0 contentChanges=5 rows=37
22:40:01.788 #3540 sidebar.row.titlePaint workspace=485122AA title=<redacted:10b>
22:40:01.788 #3541 sidebar.row.titlePaint workspace=4C00670E title=<redacted:9b>
22:40:01.789 #3542 sidebar.row.titlePaint workspace=90752060 title=<redacted:9b>
22:40:01.789 #3543 sidebar.row.titlePaint workspace=5545B910 title=<redacted:9b>
22:40:01.790 #3544 sidebar.row.titlePaint workspace=5F9554FC title=<redacted:9b>
22:40:01.802 #3545 ws.swiftui.update id=1 dt=104089.07ms surface=797F7 visible=0 active=0 z=0 hostWindow=0 hostedWindow=1 hostedSuperview=1
22:40:01.802 #3546 ws.hostState.deferBind surface=797F7 reason=hostNoWindow visible=0 active=0 z=0 hostedWindow=1 hostedSuperview=1
22:40:01.810 #3547 ws.hostState.rebindOnGeometry surface=797F7 reason=portalEntryMissing visible=0 active=0 z=0
22:40:01.822 #3548 terminal.portal.host.claim surface=797F7 reason=geometryChanged host=ObjectIdentifier(0x0000000bed674900) pane=CEAB9 inWin=1 size=760.0x644.0 replacingHost=nil
22:40:01.823 #3549 portal.bind hosted=0x0000000bec246800 anchor=0x0000000bed674900 prevAnchor=nil visible=0 prevVisible=0 z=0 prevZ=-9223372036854775808
22:40:01.823 #3550 surface.size.apply surface=797F7341 caller=layout() grid=99x35->94x37 pixels=800x600->760x644 target=760x644
22:40:01.823 #3551 portal.reparent hosted=0x0000000bec246800 reason=attach super=0x0000000bde7c6d00
22:40:01.824 #3552 surface.view.windowMove surface=797F7 inWindow=1 bounds=760.0x644.0 pending=760.0x644.0
22:40:01.824 #3553 surface.attach surface=797F7 view=0x0000000bec246300 attached=1 hasSurface=1 inWindow=1
22:40:01.824 #3554 surface.headless_window.release surface=797F7341 realWindow=ObjectIdentifier(0x0000000be7f96800)
22:40:01.824 #3555 surface.attach.reuse surface=797F7 view=0x0000000bec246300
22:40:01.825 #3556 portal.bonsplit.container hosted=0x0000000bec246800 class=_TtGC7SwiftUI13NSHostingViewGV8Bonsplit17PaneContainerViewGVS_19_ConditionalContentGS3_GVS_15ModifiedContentV8cmux_DEV31RemoteTmuxWindowMirrorSplitViewVS_P10$232f25d3018TapGestureModifier_GS4_VS5_P10$12e2170f829WorkspacePanelContentHostViewS7___VS5_14EmptyPanelView_GS4_S9_S7____ frame=240.0,0.0 760.0x672.0 host=0.0,0.0 1000.0x700.0 anchor=240.0,0.0 760.0x644.0
22:40:01.828 #3557 surface.attach surface=FEEAF view=0x0000000becbfe300 attached=0 hasSurface=0 inWindow=0
22:40:01.828 #3558 surface.attach.defer surface=FEEAF reason=noWindow bounds=800.0x600.0
22:40:01.828 #3559 surface.size.defer surface=FEEAF reason=noWindow size=800.0x600.0
22:40:01.828 #3560 focus.bonsplit pane=F0E80
22:40:01.828 #3561 focus.split.apply.begin workspace=395A7 pane=F0E80 tab=CF484 focusedPane=F0E80 selectedTab=CF484 reassert=1
22:40:01.828 #3562 find.preparePanelFocusIntent surface=FEEAF target=terminal
22:40:01.828 #3563 find.preparePanelFocusIntent surface=FEEAF target=terminal
22:40:01.828 #3564 focus.split.moveFocus workspace=395A7 panel=FEEAF previousExists=0 to=FEEAF
22:40:01.828 #3565 find.moveFocus to=FEEAF from=nil searchState=nil delayMs=0
22:40:01.828 #3566 focus.split.ensureFocus workspace=395A7 panel=FEEAF pane=F0E80 tab=CF484 intent=terminal(cmux_DEV.TerminalPanelFocusIntent.surface)
22:40:01.829 #3567 focus.split.apply.end workspace=395A7 panel=FEEAF type=TerminalPanel focusedPane=F0E80 selectedTab=CF484 prevPanel=FEEAF
22:40:01.829 #3568 focus.bonsplit pane=F0E80
22:40:01.829 #3569 focus.split.apply.begin workspace=395A7 pane=F0E80 tab=CF484 focusedPane=F0E80 selectedTab=CF484 reassert=1
22:40:01.829 #3570 find.preparePanelFocusIntent surface=FEEAF target=terminal
22:40:01.829 #3571 find.preparePanelFocusIntent surface=FEEAF target=terminal
22:40:01.829 #3572 focus.split.moveFocus workspace=395A7 panel=FEEAF previousExists=0 to=FEEAF
22:40:01.829 #3573 find.moveFocus to=FEEAF from=nil searchState=nil delayMs=0
22:40:01.829 #3574 focus.split.ensureFocus workspace=395A7 panel=FEEAF pane=F0E80 tab=CF484 intent=terminal(cmux_DEV.TerminalPanelFocusIntent.surface)
22:40:01.829 #3575 focus.split.apply.end workspace=395A7 panel=FEEAF type=TerminalPanel focusedPane=F0E80 selectedTab=CF484 prevPanel=FEEAF
22:40:01.829 #3576 ws.term.visible id=1 dt=104116.76ms surface=FEEAF transition=1->0 active=1 visibleFlag=0 hostHidden=1 surfaceHidden=0 hiddenHierarchy=1 inWindow=0 hasSuperview=0 bounds=0.0x0.0 frame=0.0x0.0 firstResponder=nil
22:40:01.830 #3577 portal.hideEntry hosted=0x0000000bec246800 reason=workspaceUnmount
22:40:01.830 #3578 ws.mount.reconcile id=1 dt=104116.86ms hot=0 selected=7AB3E mounted=[7AB3E] added=[] removed=[48512]
22:40:01.830 #3579 workspace.gitProbe.schedule workspace=395A7 panel=FEEAF dir=<redacted:11b> reason=initial
22:40:01.830 #3580 workspace.customDescription.update workspace=395A7364 inputLen=0 inputNewlines=0 normalizedLen=0 normalizedNewlines=0 input=<redacted:22b>
22:40:01.831 #3581 workspace.title.applyProcess workspace=DEFBC from="Terminal" to="Working"
22:40:01.831 #3582 workspace.title.updatePanel workspace=DEFBC panel=0FA02 panels=1 custom=0 panelChanged=1 workspaceChanged=1 title=<redacted:9b>
22:40:01.834 #3583 monitorMemory.capture window=33336935 reason=sessionSnapshot sig=[1d …5D0000@0,0,1920x1080] frame={x=460.0 y=284.0 w=1000.0 h=700.0} rememberedConfigs=1
22:40:01.835 #3584 session.save includeScrollback=0 windows=1
22:40:01.835 #3585 session.save.window idx=0 frame={x=460.0 y=284.0 w=1000.0 h=700.0} display={id=6 frame={x=0.0 y=0.0 w=1920.0 h=1080.0} visible={x=0.0 y=89.0 w=1920.0 h=961.0}} workspaces=38 selected=0
22:40:01.835 #3586 workspace.backgroundPrime.finish workspace=48512 reason=no_surface_work ms=172.19
22:40:01.835 #3587 notification.queue.drain batch=4 remaining=0 firstSeq=255 lastSeq=259
22:40:01.836 #3588 surface.shellState workspace=48512 panel=797F7 from=unknown to=commandRunning
22:40:01.843 #3589 sidebar.table.rowsBuild items=38
22:40:01.868 #3590 ws.swiftui.dismantle id=1 dt=104154.82ms surface=797F7 inWindow=1
22:40:01.868 #3591 terminal.portal.host.authorityCleared surface=797F7 host=ObjectIdentifier(0x0000000bed674900) pane=CEAB9 generation=1 serial=18
22:40:01.868 #3592 terminal.portal.host.rearm surface=797F7 reason=dismantle host=ObjectIdentifier(0x0000000bed674900) pane=CEAB9 area=489440.0
22:40:01.875 #3593 portal.detach hosted=0x0000000bec246800 anchor=0x0000000bed674900 hadSuperview=1
22:40:01.876 #3594 surface.view.windowMove surface=797F7 inWindow=0 bounds=760.0x644.0 pending=760.0x644.0
22:40:01.876 #3595 portal.bonsplit.container hosted=0x0000000be9451e00 class=_TtGC7SwiftUI13NSHostingViewGV8Bonsplit17PaneContainerViewGVS_19_ConditionalContentGS3_GVS_15ModifiedContentV8cmux_DEV31RemoteTmuxWindowMirrorSplitViewVS_P10$232f25d3018TapGestureModifier_GS4_VS5_P10$12e2170f829WorkspacePanelContentHostViewS7___VS5_14EmptyPanelView_GS4_S9_S7____ frame=240.0,0.0 760.0x672.0 host=0.0,0.0 1000.0x700.0 anchor=240.0,0.0 760.0x644.0
22:40:01.879 #3596 sidebar.row.titlePaint workspace=7AB3E57F title=<redacted:3b>
22:40:01.879 #3597 sidebar.row.titlePaint workspace=395A7364 title=<redacted:13b>
22:40:01.879 #3598 sidebar.row.titlePaint workspace=485122AA title=<redacted:10b>
22:40:01.880 #3599 sidebar.row.titlePaint workspace=4C00670E title=<redacted:9b>
22:40:01.881 #3600 sidebar.row.titlePaint workspace=61B7357D title=<redacted:16b>
22:40:01.881 #3601 sidebar.row.titlePaint workspace=545B7176 title=<redacted:16b>
22:40:01.881 #3602 sidebar.row.titlePaint workspace=D1FD40D4 title=<redacted:16b>
22:40:01.881 #3603 sidebar.row.titlePaint workspace=9BB39338 title=<redacted:16b>
22:40:01.881 #3604 sidebar.row.titlePaint workspace=88E0CB7B title=<redacted:16b>
22:40:01.881 #3605 sidebar.row.titlePaint workspace=5C2DF2DB title=<redacted:16b>
22:40:01.881 #3606 sidebar.row.titlePaint workspace=2AE567F7 title=<redacted:16b>
22:40:01.881 #3607 sidebar.row.titlePaint workspace=BB3C48A9 title=<redacted:16b>
22:40:01.881 #3608 sidebar.row.titlePaint workspace=12B9D223 title=<redacted:16b>
22:40:01.882 #3609 sidebar.row.titlePaint workspace=CC803048 title=<redacted:16b>
22:40:01.882 #3610 sidebar.row.titlePaint workspace=021AC524 title=<redacted:16b>
22:40:01.882 #3611 sidebar.row.titlePaint workspace=0220BA90 title=<redacted:15b>
22:40:01.882 #3612 sidebar.row.titlePaint workspace=A9442F6F title=<redacted:15b>
22:40:01.882 #3613 sidebar.row.titlePaint workspace=C0EB2E56 title=<redacted:15b>
22:40:01.882 #3614 sidebar.row.titlePaint workspace=481B3CBD title=<redacted:15b>
22:40:01.882 #3615 sidebar.row.titlePaint workspace=D6AF905C title=<redacted:15b>
22:40:01.882 #3616 sidebar.row.titlePaint workspace=DE713FA3 title=<redacted:15b>
22:40:01.882 #3617 sidebar.row.titlePaint workspace=5A8310B9 title=<redacted:15b>
22:40:01.882 #3618 sidebar.row.titlePaint workspace=BE9B10CB title=<redacted:15b>
22:40:01.883 #3619 sidebar.row.titlePaint workspace=0786EE66 title=<redacted:15b>
22:40:01.886 #3620 sidebar.table.apply structural=1 contentChanges=37 rows=38
22:40:01.927 #3621 sidebar.table.rowsBuild items=38
22:40:01.954 #3622 surface.size.defer surface=797F7 reason=noWindow size=760.0x644.0
22:40:01.955 #3623 workspace.title.applyProcess workspace=395A7 from="Terminal 38" to="Terminal"
22:40:01.955 #3624 surface.socket_input.queue surface=FEEAFF73 items=3 keys=0 bytes=142
22:40:01.957 #3625 notification.queue.drain batch=1 remaining=0 firstSeq=260 lastSeq=260
22:40:01.963 #3626 sidebar.row.titlePaint workspace=7AB3E57F title=<redacted:3b>
22:40:01.965 #3627 sidebar.row.titlePaint workspace=395A7364 title=<redacted:13b>
22:40:01.968 #3628 sidebar.row.titlePaint workspace=485122AA title=<redacted:10b>
22:40:01.970 #3629 sidebar.row.titlePaint workspace=F5C0FBB8 title=<redacted:10b>
22:40:01.972 #3630 sidebar.row.titlePaint workspace=B7FA0132 title=<redacted:10b>
22:40:01.974 #3631 sidebar.row.titlePaint workspace=8B191237 title=<redacted:10b>
22:40:01.976 #3632 sidebar.row.titlePaint workspace=068FAFBB title=<redacted:10b>
22:40:01.978 #3633 sidebar.row.titlePaint workspace=DEFBC25A title=<redacted:10b>
22:40:01.980 #3634 sidebar.row.titlePaint workspace=4C00670E title=<redacted:9b>
22:40:01.982 #3635 sidebar.row.titlePaint workspace=90752060 title=<redacted:9b>
22:40:01.983 #3636 sidebar.row.titlePaint workspace=5545B910 title=<redacted:9b>
22:40:01.985 #3637 sidebar.row.titlePaint workspace=5F9554FC title=<redacted:9b>
22:40:01.987 #3638 sidebar.row.titlePaint workspace=123BE47C title=<redacted:9b>
22:40:01.989 #3639 sidebar.row.titlePaint workspace=3AC44C5B title=<redacted:9b>
22:40:02.045 #3640 surface.view.windowMove surface=FEEAF inWindow=1 bounds=800.0x600.0 pending=800.0x600.0
22:40:02.045 #3641 surface.attach surface=FEEAF view=0x0000000becbfe300 attached=1 hasSurface=0 inWindow=1
22:40:02.045 #3642 surface.attach.create surface=FEEAF inWindow=1
22:40:02.045 #3643 surface.attach.create.done surface=FEEAF hasSurface=0
22:40:02.045 #3644 surface.size.resume surface=FEEAF size=800.0x600.0 backing=800.0x600.0
22:40:02.045 #3645 ws.term.active id=1 dt=104332.44ms surface=FEEAF transition=1->0 active=0 visibleFlag=0 hostHidden=1 surfaceHidden=0 hiddenHierarchy=1 inWindow=0 hasSuperview=1 bounds=800.0x600.0 frame=800.0x600.0 firstResponder=nil
22:40:02.045 #3646 surface.headless_window.adopt surface=FEEAFF73 reason=input-demand window=ObjectIdentifier(0x0000000bde5f9180)
22:40:02.045 #3647 surface.headless_window.create surface=FEEAFF73 reason=input-demand window=ObjectIdentifier(0x0000000bde5f9180)
22:40:02.045 #3648 surface.attach surface=FEEAF view=0x0000000becbfe300 attached=1 hasSurface=0 inWindow=1
22:40:02.045 #3649 surface.attach.create surface=FEEAF inWindow=1
22:40:02.045 #3650 surface.attach.create.done surface=FEEAF hasSurface=0
22:40:02.046 #3651 surface.background_start surface=FEEAFF73 inWindow=1 ready=0 source=inputDemand ms=9.99
22:40:02.057 #3652 surface.attach surface=4D655 view=0x0000000bed57e300 attached=0 hasSurface=0 inWindow=0
22:40:02.057 #3653 surface.attach.defer surface=4D655 reason=noWindow bounds=800.0x600.0
22:40:02.057 #3654 surface.size.defer surface=4D655 reason=noWindow size=800.0x600.0
22:40:02.058 #3655 focus.bonsplit pane=A09DD
22:40:02.058 #3656 focus.split.apply.begin workspace=A3A81 pane=A09DD tab=8C414 focusedPane=A09DD selectedTab=8C414 reassert=1
22:40:02.058 #3657 find.preparePanelFocusIntent surface=4D655 target=terminal
22:40:02.058 #3658 find.preparePanelFocusIntent surface=4D655 target=terminal
22:40:02.058 #3659 focus.split.moveFocus workspace=A3A81 panel=4D655 previousExists=0 to=4D655
22:40:02.058 #3660 find.moveFocus to=4D655 from=nil searchState=nil delayMs=0
22:40:02.058 #3661 focus.split.ensureFocus workspace=A3A81 panel=4D655 pane=A09DD tab=8C414 intent=terminal(cmux_DEV.TerminalPanelFocusIntent.surface)
22:40:02.059 #3662 focus.split.apply.end workspace=A3A81 panel=4D655 type=TerminalPanel focusedPane=A09DD selectedTab=8C414 prevPanel=4D655
22:40:02.059 #3663 focus.bonsplit pane=A09DD
22:40:02.059 #3664 focus.split.apply.begin workspace=A3A81 pane=A09DD tab=8C414 focusedPane=A09DD selectedTab=8C414 reassert=1
22:40:02.059 #3665 find.preparePanelFocusIntent surface=4D655 target=terminal
22:40:02.059 #3666 find.preparePanelFocusIntent surface=4D655 target=terminal
22:40:02.059 #3667 focus.split.moveFocus workspace=A3A81 panel=4D655 previousExists=0 to=4D655
22:40:02.059 #3668 find.moveFocus to=4D655 from=nil searchState=nil delayMs=0
22:40:02.059 #3669 focus.split.ensureFocus workspace=A3A81 panel=4D655 pane=A09DD tab=8C414 intent=terminal(cmux_DEV.TerminalPanelFocusIntent.surface)
22:40:02.059 #3670 focus.split.apply.end workspace=A3A81 panel=4D655 type=TerminalPanel focusedPane=A09DD selectedTab=8C414 prevPanel=4D655
22:40:02.059 #3671 ws.term.visible id=1 dt=104346.32ms surface=4D655 transition=1->0 active=1 visibleFlag=0 hostHidden=1 surfaceHidden=0 hiddenHierarchy=1 inWindow=0 hasSuperview=0 bounds=0.0x0.0 frame=0.0x0.0 firstResponder=nil
22:40:02.059 #3672 workspace.gitProbe.schedule workspace=A3A81 panel=4D655 dir=<redacted:11b> reason=initial
22:40:02.060 #3673 workspace.customDescription.update workspace=A3A81CBD inputLen=0 inputNewlines=0 normalizedLen=0 normalizedNewlines=0 input=<redacted:22b>
22:40:02.067 #3674 sidebar.table.rowsBuild items=39
22:40:02.093 #3675 sidebar.row.titlePaint workspace=7AB3E57F title=<redacted:3b>
22:40:02.094 #3676 sidebar.row.titlePaint workspace=A3A81CBD title=<redacted:13b>
22:40:02.094 #3677 sidebar.row.titlePaint workspace=395A7364 title=<redacted:13b>
22:40:02.094 #3678 sidebar.row.titlePaint workspace=485122AA title=<redacted:10b>
22:40:02.095 #3679 sidebar.row.titlePaint workspace=4C00670E title=<redacted:9b>
22:40:02.096 #3680 sidebar.row.titlePaint workspace=61B7357D title=<redacted:16b>
22:40:02.096 #3681 sidebar.row.titlePaint workspace=545B7176 title=<redacted:16b>
22:40:02.096 #3682 sidebar.row.titlePaint workspace=D1FD40D4 title=<redacted:16b>
22:40:02.096 #3683 sidebar.row.titlePaint workspace=9BB39338 title=<redacted:16b>
22:40:02.096 #3684 sidebar.row.titlePaint workspace=88E0CB7B title=<redacted:16b>
22:40:02.096 #3685 sidebar.row.titlePaint workspace=5C2DF2DB title=<redacted:16b>
22:40:02.096 #3686 sidebar.row.titlePaint workspace=2AE567F7 title=<redacted:16b>
22:40:02.096 #3687 sidebar.row.titlePaint workspace=BB3C48A9 title=<redacted:16b>
22:40:02.096 #3688 sidebar.row.titlePaint workspace=12B9D223 title=<redacted:16b>
22:40:02.097 #3689 sidebar.row.titlePaint workspace=CC803048 title=<redacted:16b>
22:40:02.097 #3690 sidebar.row.titlePaint workspace=021AC524 title=<redacted:16b>
22:40:02.097 #3691 sidebar.row.titlePaint workspace=0220BA90 title=<redacted:15b>
22:40:02.097 #3692 sidebar.row.titlePaint workspace=A9442F6F title=<redacted:15b>
22:40:02.097 #3693 sidebar.row.titlePaint workspace=C0EB2E56 title=<redacted:15b>
22:40:02.097 #3694 sidebar.row.titlePaint workspace=481B3CBD title=<redacted:15b>
22:40:02.097 #3695 sidebar.row.titlePaint workspace=D6AF905C title=<redacted:15b>
22:40:02.097 #3696 sidebar.row.titlePaint workspace=DE713FA3 title=<redacted:15b>
22:40:02.097 #3697 sidebar.row.titlePaint workspace=5A8310B9 title=<redacted:15b>
22:40:02.097 #3698 sidebar.row.titlePaint workspace=BE9B10CB title=<redacted:15b>
22:40:02.097 #3699 sidebar.row.titlePaint workspace=0786EE66 title=<redacted:15b>
22:40:02.103 #3700 sidebar.table.apply structural=1 contentChanges=38 rows=39
22:40:02.142 #3701 sidebar.row.titlePaint workspace=7AB3E57F title=<redacted:3b>
22:40:02.144 #3702 sidebar.row.titlePaint workspace=A3A81CBD title=<redacted:13b>
22:40:02.146 #3703 sidebar.row.titlePaint workspace=395A7364 title=<redacted:13b>
22:40:02.148 #3704 sidebar.row.titlePaint workspace=485122AA title=<redacted:10b>
22:40:02.150 #3705 sidebar.row.titlePaint workspace=F5C0FBB8 title=<redacted:10b>
22:40:02.152 #3706 sidebar.row.titlePaint workspace=B7FA0132 title=<redacted:10b>
22:40:02.154 #3707 sidebar.row.titlePaint workspace=8B191237 title=<redacted:10b>
22:40:02.155 #3708 sidebar.row.titlePaint workspace=068FAFBB title=<redacted:10b>
22:40:02.157 #3709 sidebar.row.titlePaint workspace=DEFBC25A title=<redacted:10b>
22:40:02.159 #3710 sidebar.row.titlePaint workspace=4C00670E title=<redacted:9b>
22:40:02.161 #3711 sidebar.row.titlePaint workspace=90752060 title=<redacted:9b>
22:40:02.163 #3712 sidebar.row.titlePaint workspace=5545B910 title=<redacted:9b>
22:40:02.165 #3713 sidebar.row.titlePaint workspace=5F9554FC title=<redacted:9b>
22:40:02.166 #3714 sidebar.row.titlePaint workspace=123BE47C title=<redacted:9b>
22:40:02.221 #3715 workspace.gitProbe.apply workspace=395A7 panel=FEEAF branch=none dirty=0 pr=none
22:40:02.222 #3716 zoom.create surface=FEEAF context=<redacted:40b>
22:40:02.225 #3717 surface.size.apply surface=FEEAFF73 caller=runtime.create.initial grid=99x35->99x35 pixels=800x600->800x600 target=800x600
22:40:02.225 #3718 surface.socket_input.flush surface=FEEAFF73 items=3 keys=0 bytes=142
22:40:02.225 #3719 zoom.create.done surface=FEEAF context=<redacted:21b>
22:40:02.236 #3720 workspace.title.applyProcess workspace=A3A81 from="Terminal 39" to="Terminal"
22:40:02.237 #3721 surface.socket_input.queue surface=4D655557 items=3 keys=0 bytes=142
22:40:02.238 #3722 workspace.backgroundPrime.start workspace=A3A81
22:40:02.248 #3723 sidebar.table.rowsBuild items=39
22:40:02.279 #3724 surface.view.windowMove surface=4D655 inWindow=1 bounds=800.0x600.0 pending=800.0x600.0
22:40:02.279 #3725 surface.attach surface=4D655 view=0x0000000bed57e300 attached=1 hasSurface=0 inWindow=1
22:40:02.279 #3726 surface.attach.create surface=4D655 inWindow=1
22:40:02.279 #3727 surface.attach.create.done surface=4D655 hasSurface=0
22:40:02.279 #3728 surface.size.resume surface=4D655 size=800.0x600.0 backing=800.0x600.0
22:40:02.279 #3729 ws.term.active id=1 dt=104566.25ms surface=4D655 transition=1->0 active=0 visibleFlag=0 hostHidden=1 surfaceHidden=0 hiddenHierarchy=1 inWindow=0 hasSuperview=1 bounds=800.0x600.0 frame=800.0x600.0 firstResponder=nil
22:40:02.279 #3730 surface.headless_window.adopt surface=4D655557 reason=input-demand window=ObjectIdentifier(0x0000000be4f58f00)
22:40:02.279 #3731 surface.headless_window.create surface=4D655557 reason=input-demand window=ObjectIdentifier(0x0000000be4f58f00)
22:40:02.279 #3732 surface.attach surface=4D655 view=0x0000000bed57e300 attached=1 hasSurface=0 inWindow=1
22:40:02.279 #3733 surface.attach.create surface=4D655 inWindow=1
22:40:02.279 #3734 surface.attach.create.done surface=4D655 hasSurface=0
22:40:02.280 #3735 surface.background_start surface=4D655557 inWindow=1 ready=0 source=inputDemand ms=2.65
22:40:02.285 #3736 surface.attach surface=6CC6A view=0x0000000bec245e00 attached=0 hasSurface=0 inWindow=0
22:40:02.285 #3737 surface.attach.defer surface=6CC6A reason=noWindow bounds=800.0x600.0
22:40:02.285 #3738 surface.size.defer surface=6CC6A reason=noWindow size=800.0x600.0
22:40:02.286 #3739 focus.bonsplit pane=D5576
22:40:02.286 #3740 focus.split.apply.begin workspace=9D24E pane=D5576 tab=84C1D focusedPane=D5576 selectedTab=84C1D reassert=1
22:40:02.286 #3741 find.preparePanelFocusIntent surface=6CC6A target=terminal
22:40:02.286 #3742 find.preparePanelFocusIntent surface=6CC6A target=terminal
22:40:02.286 #3743 focus.split.moveFocus workspace=9D24E panel=6CC6A previousExists=0 to=6CC6A
22:40:02.286 #3744 find.moveFocus to=6CC6A from=nil searchState=nil delayMs=0
22:40:02.286 #3745 focus.split.ensureFocus workspace=9D24E panel=6CC6A pane=D5576 tab=84C1D intent=terminal(cmux_DEV.TerminalPanelFocusIntent.surface)
22:40:02.287 #3746 focus.split.apply.end workspace=9D24E panel=6CC6A type=TerminalPanel focusedPane=D5576 selectedTab=84C1D prevPanel=6CC6A
22:40:02.287 #3747 focus.bonsplit pane=D5576
22:40:02.287 #3748 focus.split.apply.begin workspace=9D24E pane=D5576 tab=84C1D focusedPane=D5576 selectedTab=84C1D reassert=1
22:40:02.287 #3749 find.preparePanelFocusIntent surface=6CC6A target=terminal
22:40:02.287 #3750 find.preparePanelFocusIntent surface=6CC6A target=terminal
22:40:02.287 #3751 focus.split.moveFocus workspace=9D24E panel=6CC6A previousExists=0 to=6CC6A
22:40:02.287 #3752 find.moveFocus to=6CC6A from=nil searchState=nil delayMs=0
22:40:02.287 #3753 focus.split.ensureFocus workspace=9D24E panel=6CC6A pane=D5576 tab=84C1D intent=terminal(cmux_DEV.TerminalPanelFocusIntent.surface)
22:40:02.287 #3754 focus.split.apply.end workspace=9D24E panel=6CC6A type=TerminalPanel focusedPane=D5576 selectedTab=84C1D prevPanel=6CC6A
22:40:02.287 #3755 ws.term.visible id=1 dt=104574.32ms surface=6CC6A transition=1->0 active=1 visibleFlag=0 hostHidden=1 surfaceHidden=0 hiddenHierarchy=1 inWindow=0 hasSuperview=0 bounds=0.0x0.0 frame=0.0x0.0 firstResponder=nil
22:40:02.287 #3756 ws.mount.reconcile id=1 dt=104574.42ms hot=0 selected=7AB3E mounted=[7AB3E,A3A81] added=[A3A81] removed=[]
22:40:02.287 #3757 workspace.gitProbe.schedule workspace=9D24E panel=6CC6A dir=<redacted:11b> reason=initial
22:40:02.288 #3758 workspace.customDescription.update workspace=9D24E2D1 inputLen=0 inputNewlines=0 normalizedLen=0 normalizedNewlines=0 input=<redacted:22b>
22:40:02.297 #3759 sidebar.table.rowsBuild items=40
22:40:02.328 #3760 sidebar.table.rowsBuild items=40
22:40:02.349 #3761 sidebar.row.titlePaint workspace=7AB3E57F title=<redacted:3b>
22:40:02.349 #3762 sidebar.row.titlePaint workspace=9D24E2D1 title=<redacted:13b>
22:40:02.350 #3763 sidebar.row.titlePaint workspace=A3A81CBD title=<redacted:13b>
22:40:02.350 #3764 sidebar.row.titlePaint workspace=395A7364 title=<redacted:13b>
22:40:02.350 #3765 sidebar.row.titlePaint workspace=485122AA title=<redacted:10b>
22:40:02.350 #3766 sidebar.row.titlePaint workspace=4C00670E title=<redacted:9b>
22:40:02.351 #3767 sidebar.row.titlePaint workspace=61B7357D title=<redacted:16b>
22:40:02.351 #3768 sidebar.row.titlePaint workspace=545B7176 title=<redacted:16b>
22:40:02.352 #3769 sidebar.row.titlePaint workspace=D1FD40D4 title=<redacted:16b>
22:40:02.352 #3770 sidebar.row.titlePaint workspace=9BB39338 title=<redacted:16b>
22:40:02.352 #3771 sidebar.row.titlePaint workspace=88E0CB7B title=<redacted:16b>
22:40:02.352 #3772 sidebar.row.titlePaint workspace=5C2DF2DB title=<redacted:16b>
22:40:02.352 #3773 sidebar.row.titlePaint workspace=2AE567F7 title=<redacted:16b>
22:40:02.352 #3774 sidebar.row.titlePaint workspace=BB3C48A9 title=<redacted:16b>
22:40:02.352 #3775 sidebar.row.titlePaint workspace=12B9D223 title=<redacted:16b>
22:40:02.352 #3776 sidebar.row.titlePaint workspace=CC803048 title=<redacted:16b>
22:40:02.352 #3777 sidebar.row.titlePaint workspace=021AC524 title=<redacted:16b>
22:40:02.353 #3778 sidebar.row.titlePaint workspace=0220BA90 title=<redacted:15b>
22:40:02.353 #3779 sidebar.row.titlePaint workspace=A9442F6F title=<redacted:15b>
22:40:02.353 #3780 sidebar.row.titlePaint workspace=C0EB2E56 title=<redacted:15b>
22:40:02.353 #3781 sidebar.row.titlePaint workspace=481B3CBD title=<redacted:15b>
22:40:02.353 #3782 sidebar.row.titlePaint workspace=D6AF905C title=<redacted:15b>
22:40:02.353 #3783 sidebar.row.titlePaint workspace=DE713FA3 title=<redacted:15b>
22:40:02.353 #3784 sidebar.row.titlePaint workspace=5A8310B9 title=<redacted:15b>
22:40:02.353 #3785 sidebar.row.titlePaint workspace=BE9B10CB title=<redacted:15b>
22:40:02.353 #3786 sidebar.row.titlePaint workspace=0786EE66 title=<redacted:15b>
22:40:02.357 #3787 sidebar.table.apply structural=1 contentChanges=39 rows=40
22:40:02.401 #3788 ws.swiftui.update id=1 dt=104688.25ms surface=4D655 visible=0 active=0 z=0 hostWindow=0 hostedWindow=1 hostedSuperview=1
22:40:02.401 #3789 ws.hostState.deferBind surface=4D655 reason=hostNoWindow visible=0 active=0 z=0 hostedWindow=1 hostedSuperview=1
22:40:02.408 #3790 ws.hostState.rebindOnGeometry surface=4D655 reason=portalEntryMissing visible=0 active=0 z=0
22:40:02.416 #3791 sidebar.row.titlePaint workspace=7AB3E57F title=<redacted:3b>
22:40:02.419 #3792 sidebar.row.titlePaint workspace=9D24E2D1 title=<redacted:13b>
22:40:02.421 #3793 sidebar.row.titlePaint workspace=A3A81CBD title=<redacted:13b>
22:40:02.422 #3794 sidebar.row.titlePaint workspace=395A7364 title=<redacted:13b>
22:40:02.424 #3795 sidebar.row.titlePaint workspace=485122AA title=<redacted:10b>
22:40:02.426 #3796 sidebar.row.titlePaint workspace=F5C0FBB8 title=<redacted:10b>
22:40:02.428 #3797 sidebar.row.titlePaint workspace=B7FA0132 title=<redacted:10b>
22:40:02.430 #3798 sidebar.row.titlePaint workspace=8B191237 title=<redacted:10b>
22:40:02.432 #3799 sidebar.row.titlePaint workspace=068FAFBB title=<redacted:10b>
22:40:02.433 #3800 sidebar.row.titlePaint workspace=DEFBC25A title=<redacted:10b>
22:40:02.435 #3801 sidebar.row.titlePaint workspace=4C00670E title=<redacted:9b>
22:40:02.437 #3802 sidebar.row.titlePaint workspace=90752060 title=<redacted:9b>
22:40:02.439 #3803 sidebar.row.titlePaint workspace=5545B910 title=<redacted:9b>
22:40:02.441 #3804 sidebar.row.titlePaint workspace=5F9554FC title=<redacted:9b>
22:40:02.491 #3805 terminal.portal.host.claim surface=4D655 reason=geometryChanged host=ObjectIdentifier(0x0000000bed79c000) pane=A09DD inWin=1 size=760.0x644.0 replacingHost=nil
22:40:02.491 #3806 surface.attach surface=4D655 view=0x0000000bed57e300 attached=1 hasSurface=0 inWindow=1
22:40:02.491 #3807 surface.attach.create surface=4D655 inWindow=1
22:40:02.491 #3808 surface.attach.create.done surface=4D655 hasSurface=0
22:40:02.492 #3809 portal.bind hosted=0x0000000bed57e800 anchor=0x0000000bed79c000 prevAnchor=nil visible=0 prevVisible=0 z=0 prevZ=-9223372036854775808
22:40:02.493 #3810 portal.reparent hosted=0x0000000bed57e800 reason=attach super=0x0000000be44f9e00
22:40:02.493 #3811 surface.view.windowMove surface=4D655 inWindow=1 bounds=760.0x644.0 pending=760.0x644.0
22:40:02.493 #3812 surface.attach surface=4D655 view=0x0000000bed57e300 attached=1 hasSurface=0 inWindow=1
22:40:02.499 #3813 surface.headless_window.release surface=4D655557 realWindow=ObjectIdentifier(0x0000000be7f96800)
22:40:02.499 #3814 surface.attach.create surface=4D655 inWindow=1
22:40:02.499 #3815 surface.attach.create.done surface=4D655 hasSurface=0
22:40:02.499 #3816 portal.bonsplit.container hosted=0x0000000bed57e800 class=_TtGC7SwiftUI13NSHostingViewGV8Bonsplit17PaneContainerViewGVS_19_ConditionalContentGS3_GVS_15ModifiedContentV8cmux_DEV31RemoteTmuxWindowMirrorSplitViewVS_P10$232f25d3018TapGestureModifier_GS4_VS5_P10$12e2170f829WorkspacePanelContentHostViewS7___VS5_14EmptyPanelView_GS4_S9_S7____ frame=240.0,0.0 760.0x672.0 host=0.0,0.0 1000.0x700.0 anchor=240.0,0.0 760.0x644.0
22:40:02.509 #3817 workspace.gitProbe.apply workspace=A3A81 panel=4D655 branch=none dirty=0 pr=none
22:40:02.510 #3818 zoom.create surface=4D655 context=<redacted:40b>
22:40:02.512 #3819 surface.size.apply surface=4D655557 caller=runtime.create.initial grid=99x35->94x37 pixels=800x600->760x644 target=760x644
22:40:02.512 #3820 surface.socket_input.flush surface=4D655557 items=3 keys=0 bytes=142
22:40:02.513 #3821 zoom.create.done surface=4D655 context=<redacted:21b>
22:40:02.533 #3822 sidebar.table.rowsBuild items=40
22:40:02.561 #3823 portal.bonsplit.container hosted=0x0000000be9451e00 class=_TtGC7SwiftUI13NSHostingViewGV8Bonsplit17PaneContainerViewGVS_19_ConditionalContentGS3_GVS_15ModifiedContentV8cmux_DEV31RemoteTmuxWindowMirrorSplitViewVS_P10$232f25d3018TapGestureModifier_GS4_VS5_P10$12e2170f829WorkspacePanelContentHostViewS7___VS5_14EmptyPanelView_GS4_S9_S7____ frame=240.0,0.0 760.0x672.0 host=0.0,0.0 1000.0x700.0 anchor=240.0,0.0 760.0x644.0
22:40:02.561 #3824 workspace.title.applyProcess workspace=9D24E from="Terminal 40" to="Terminal"
22:40:02.562 #3825 surface.socket_input.queue surface=6CC6AAB6 items=3 keys=0 bytes=142
22:40:02.562 #3826 notification.queue.drain batch=4 remaining=0 firstSeq=262 lastSeq=266
22:40:02.563 #3827 surface.shellState workspace=395A7 panel=FEEAF from=unknown to=commandRunning
22:40:02.563 #3828 find.preparePanelFocusIntent surface=4D655 target=terminal
22:40:02.563 #3829 ws.term.active id=1 dt=104850.49ms surface=4D655 transition=0->1 active=1 visibleFlag=0 hostHidden=1 surfaceHidden=0 hiddenHierarchy=1 inWindow=1 hasSuperview=1 bounds=760.0x644.0 frame=760.0x644.0 firstResponder=GhosttyNSView
22:40:02.563 #3830 focus.ensure.defer surface=4D655 reason=not_visible
22:40:02.563 #3831 focus.ensure.defer surface=4D655 reason=not_visible
22:40:02.566 #3832 ws.term.active id=1 dt=104853.03ms surface=4D655 transition=1->0 active=0 visibleFlag=0 hostHidden=1 surfaceHidden=0 hiddenHierarchy=1 inWindow=1 hasSuperview=1 bounds=760.0x644.0 frame=760.0x644.0 firstResponder=GhosttyNSView
22:40:02.573 #3833 forceRefresh: 4D655557-A523-4F69-93EA-3AAFDE17BFF7 reason=unspecified inWindow=true bounds=(0.0, 0.0, 760.0, 644.0) metalOK=false hasSurface=true
22:40:02.573 #3834 ws.term.visible id=1 dt=104860.74ms surface=4D655 transition=0->1 active=0 visibleFlag=1 hostHidden=0 surfaceHidden=0 hiddenHierarchy=0 inWindow=1 hasSuperview=1 bounds=760.0x644.0 frame=760.0x644.0 firstResponder=GhosttyNSView
22:40:02.574 #3835 ws.term.active id=1 dt=104860.81ms surface=4D655 transition=0->1 active=1 visibleFlag=1 hostHidden=0 surfaceHidden=0 hiddenHierarchy=0 inWindow=1 hasSuperview=1 bounds=760.0x644.0 frame=760.0x644.0 firstResponder=GhosttyNSView
22:40:02.574 #3836 workspace.backgroundPrime.finish workspace=A3A81 reason=no_surface_work ms=335.91
22:40:02.574 #3837 ws.term.visible id=1 dt=104861.14ms surface=4D655 transition=1->0 active=1 visibleFlag=0 hostHidden=1 surfaceHidden=0 hiddenHierarchy=1 inWindow=1 hasSuperview=1 bounds=760.0x644.0 frame=760.0x644.0 firstResponder=GhosttyNSView
22:40:02.574 #3838 portal.hideEntry hosted=0x0000000bed57e800 reason=workspaceUnmount
22:40:02.574 #3839 ws.mount.reconcile id=1 dt=104861.22ms hot=0 selected=7AB3E mounted=[7AB3E] added=[] removed=[A3A81]
22:40:02.574 #3840 workspace.backgroundPrime.start workspace=9D24E
22:40:02.576 #3841 surface.view.windowMove surface=6CC6A inWindow=1 bounds=800.0x600.0 pending=800.0x600.0
22:40:02.576 #3842 surface.attach surface=6CC6A view=0x0000000bec245e00 attached=1 hasSurface=0 inWindow=1
22:40:02.576 #3843 surface.attach.create surface=6CC6A inWindow=1
22:40:02.576 #3844 surface.attach.create.done surface=6CC6A hasSurface=0
22:40:02.576 #3845 surface.size.resume surface=6CC6A size=800.0x600.0 backing=800.0x600.0
22:40:02.577 #3846 ws.term.active id=1 dt=104863.84ms surface=6CC6A transition=1->0 active=0 visibleFlag=0 hostHidden=1 surfaceHidden=0 hiddenHierarchy=1 inWindow=0 hasSuperview=1 bounds=800.0x600.0 frame=800.0x600.0 firstResponder=nil
22:40:02.577 #3847 surface.headless_window.adopt surface=6CC6AAB6 reason=input-demand window=ObjectIdentifier(0x0000000bd0ace080)
22:40:02.577 #3848 surface.headless_window.create surface=6CC6AAB6 reason=input-demand window=ObjectIdentifier(0x0000000bd0ace080)
22:40:02.577 #3849 surface.attach surface=6CC6A view=0x0000000bec245e00 attached=1 hasSurface=0 inWindow=1
22:40:02.577 #3850 surface.attach.create surface=6CC6A inWindow=1
22:40:02.577 #3851 surface.attach.create.done surface=6CC6A hasSurface=0
22:40:02.578 #3852 surface.background_start surface=6CC6AAB6 inWindow=1 ready=0 source=inputDemand ms=2.90
22:40:02.578 #3853 notification.queue.drain batch=2 remaining=0 firstSeq=267 lastSeq=268
22:40:02.578 #3854 surface.shellState workspace=A3A81 panel=4D655 from=unknown to=promptIdle
22:40:02.578 #3855 workspace.prRefresh.schedule workspace=A3A81 panel=4D655 reason=shellPrompt
22:40:02.581 #3856 find.applyFirstResponder.defer surface=4D655 reason=setActive
22:40:02.589 #3857 sidebar.table.rowsBuild items=40
22:40:02.612 #3858 ws.swiftui.dismantle id=1 dt=104899.35ms surface=4D655 inWindow=1
22:40:02.612 #3859 terminal.portal.host.authorityCleared surface=4D655 host=ObjectIdentifier(0x0000000bed79c000) pane=A09DD generation=1 serial=19
22:40:02.612 #3860 terminal.portal.host.rearm surface=4D655 reason=dismantle host=ObjectIdentifier(0x0000000bed79c000) pane=A09DD area=489440.0
22:40:02.633 #3861 portal.detach hosted=0x0000000bed57e800 anchor=nil hadSuperview=1
22:40:02.633 #3862 surface.view.windowMove surface=4D655 inWindow=0 bounds=760.0x644.0 pending=760.0x644.0
22:40:02.640 #3863 workspace.gitProbe.apply workspace=9D24E panel=6CC6A branch=none dirty=0 pr=none
22:40:02.640 #3864 zoom.create surface=6CC6A context=<redacted:40b>
22:40:02.643 #3865 surface.size.apply surface=6CC6AAB6 caller=runtime.create.initial grid=99x35->99x35 pixels=800x600->800x600 target=800x600
22:40:02.643 #3866 surface.socket_input.flush surface=6CC6AAB6 items=3 keys=0 bytes=142
22:40:02.643 #3867 zoom.create.done surface=6CC6A context=<redacted:21b>
22:40:02.643 #3868 ws.mount.reconcile id=1 dt=104930.34ms hot=0 selected=7AB3E mounted=[7AB3E,9D24E] added=[9D24E] removed=[]
22:40:02.656 #3869 notification.queue.drain batch=4 remaining=0 firstSeq=269 lastSeq=273
22:40:02.656 #3870 surface.shellState workspace=A3A81 panel=4D655 from=promptIdle to=commandRunning
22:40:02.660 #3871 surface.attach surface=4E99F view=0x0000000bed9d4500 attached=0 hasSurface=0 inWindow=0
22:40:02.660 #3872 surface.attach.defer surface=4E99F reason=noWindow bounds=800.0x600.0
22:40:02.660 #3873 surface.size.defer surface=4E99F reason=noWindow size=800.0x600.0
22:40:02.660 #3874 focus.bonsplit pane=F2AF6
22:40:02.660 #3875 focus.split.apply.begin workspace=1415C pane=F2AF6 tab=206FC focusedPane=F2AF6 selectedTab=206FC reassert=1
22:40:02.660 #3876 find.preparePanelFocusIntent surface=4E99F target=terminal
22:40:02.660 #3877 find.preparePanelFocusIntent surface=4E99F target=terminal
22:40:02.660 #3878 focus.split.moveFocus workspace=1415C panel=4E99F previousExists=0 to=4E99F
22:40:02.660 #3879 find.moveFocus to=4E99F from=nil searchState=nil delayMs=0
22:40:02.660 #3880 focus.split.ensureFocus workspace=1415C panel=4E99F pane=F2AF6 tab=206FC intent=terminal(cmux_DEV.TerminalPanelFocusIntent.surface)
22:40:02.661 #3881 focus.split.apply.end workspace=1415C panel=4E99F type=TerminalPanel focusedPane=F2AF6 selectedTab=206FC prevPanel=4E99F
22:40:02.661 #3882 focus.bonsplit pane=F2AF6
22:40:02.661 #3883 focus.split.apply.begin workspace=1415C pane=F2AF6 tab=206FC focusedPane=F2AF6 selectedTab=206FC reassert=1
22:40:02.661 #3884 find.preparePanelFocusIntent surface=4E99F target=terminal
22:40:02.661 #3885 find.preparePanelFocusIntent surface=4E99F target=terminal
22:40:02.661 #3886 focus.split.moveFocus workspace=1415C panel=4E99F previousExists=0 to=4E99F
22:40:02.661 #3887 find.moveFocus to=4E99F from=nil searchState=nil delayMs=0
22:40:02.661 #3888 focus.split.ensureFocus workspace=1415C panel=4E99F pane=F2AF6 tab=206FC intent=terminal(cmux_DEV.TerminalPanelFocusIntent.surface)
22:40:02.661 #3889 focus.split.apply.end workspace=1415C panel=4E99F type=TerminalPanel focusedPane=F2AF6 selectedTab=206FC prevPanel=4E99F
22:40:02.661 #3890 ws.term.visible id=1 dt=104948.69ms surface=4E99F transition=1->0 active=1 visibleFlag=0 hostHidden=1 surfaceHidden=0 hiddenHierarchy=1 inWindow=0 hasSuperview=0 bounds=0.0x0.0 frame=0.0x0.0 firstResponder=nil
22:40:02.662 #3891 ws.mount.reconcile id=1 dt=104948.79ms hot=0 selected=7AB3E mounted=[7AB3E] added=[] removed=[9D24E]
22:40:02.662 #3892 workspace.gitProbe.schedule workspace=1415C panel=4E99F dir=<redacted:11b> reason=initial
22:40:02.662 #3893 workspace.customDescription.update workspace=1415C927 inputLen=0 inputNewlines=0 normalizedLen=0 normalizedNewlines=0 input=<redacted:22b>
22:40:02.665 #3894 sidebar.snapshot.refresh requested=40
22:40:02.675 #3895 sidebar.table.rowsBuild items=41
22:40:02.708 #3896 sidebar.row.titlePaint workspace=7AB3E57F title=<redacted:3b>
22:40:02.709 #3897 sidebar.row.titlePaint workspace=1415C927 title=<redacted:13b>
22:40:02.709 #3898 sidebar.row.titlePaint workspace=9D24E2D1 title=<redacted:10b>
22:40:02.710 #3899 sidebar.row.titlePaint workspace=DEFBC25A title=<redacted:9b>
22:40:02.711 #3900 sidebar.row.titlePaint workspace=61B7357D title=<redacted:16b>
22:40:02.711 #3901 sidebar.row.titlePaint workspace=545B7176 title=<redacted:16b>
22:40:02.712 #3902 sidebar.row.titlePaint workspace=D1FD40D4 title=<redacted:16b>
22:40:02.712 #3903 sidebar.row.titlePaint workspace=9BB39338 title=<redacted:16b>
22:40:02.712 #3904 sidebar.row.titlePaint workspace=88E0CB7B title=<redacted:16b>
22:40:02.712 #3905 sidebar.row.titlePaint workspace=5C2DF2DB title=<redacted:16b>
22:40:02.712 #3906 sidebar.row.titlePaint workspace=2AE567F7 title=<redacted:16b>
22:40:02.712 #3907 sidebar.row.titlePaint workspace=BB3C48A9 title=<redacted:16b>
22:40:02.712 #3908 sidebar.row.titlePaint workspace=12B9D223 title=<redacted:16b>
22:40:02.712 #3909 sidebar.row.titlePaint workspace=CC803048 title=<redacted:16b>
22:40:02.713 #3910 sidebar.row.titlePaint workspace=021AC524 title=<redacted:16b>
22:40:02.713 #3911 sidebar.row.titlePaint workspace=0220BA90 title=<redacted:15b>
22:40:02.713 #3912 sidebar.row.titlePaint workspace=A9442F6F title=<redacted:15b>
22:40:02.713 #3913 sidebar.row.titlePaint workspace=C0EB2E56 title=<redacted:15b>
22:40:02.713 #3914 sidebar.row.titlePaint workspace=481B3CBD title=<redacted:15b>
22:40:02.713 #3915 sidebar.row.titlePaint workspace=D6AF905C title=<redacted:15b>
22:40:02.713 #3916 sidebar.row.titlePaint workspace=DE713FA3 title=<redacted:15b>
22:40:02.713 #3917 sidebar.row.titlePaint workspace=5A8310B9 title=<redacted:15b>
22:40:02.713 #3918 sidebar.row.titlePaint workspace=BE9B10CB title=<redacted:15b>
22:40:02.714 #3919 sidebar.row.titlePaint workspace=0786EE66 title=<redacted:15b>
22:40:02.718 #3920 sidebar.table.apply structural=1 contentChanges=40 rows=41
22:40:02.762 #3921 sidebar.row.titlePaint workspace=7AB3E57F title=<redacted:3b>
22:40:02.764 #3922 sidebar.row.titlePaint workspace=1415C927 title=<redacted:13b>
22:40:02.766 #3923 sidebar.row.titlePaint workspace=9D24E2D1 title=<redacted:10b>
22:40:02.768 #3924 sidebar.row.titlePaint workspace=A3A81CBD title=<redacted:10b>
22:40:02.770 #3925 sidebar.row.titlePaint workspace=395A7364 title=<redacted:10b>
22:40:02.772 #3926 sidebar.row.titlePaint workspace=485122AA title=<redacted:10b>
22:40:02.773 #3927 sidebar.row.titlePaint workspace=F5C0FBB8 title=<redacted:10b>
22:40:02.775 #3928 sidebar.row.titlePaint workspace=B7FA0132 title=<redacted:10b>
22:40:02.777 #3929 sidebar.row.titlePaint workspace=8B191237 title=<redacted:10b>
22:40:02.779 #3930 sidebar.row.titlePaint workspace=068FAFBB title=<redacted:10b>
22:40:02.781 #3931 sidebar.row.titlePaint workspace=DEFBC25A title=<redacted:9b>
22:40:02.783 #3932 sidebar.row.titlePaint workspace=4C00670E title=<redacted:9b>
22:40:02.785 #3933 sidebar.row.titlePaint workspace=90752060 title=<redacted:9b>
22:40:02.787 #3934 sidebar.row.titlePaint workspace=5545B910 title=<redacted:9b>
22:40:02.839 #3935 surface.size.defer surface=4D655 reason=noWindow size=760.0x644.0
22:40:02.841 #3936 workspace.backgroundPrime.finish workspace=9D24E reason=no_surface_work ms=267.07
22:40:02.841 #3937 notification.queue.drain batch=5 remaining=0 firstSeq=274 lastSeq=280
22:40:02.842 #3938 surface.shellState workspace=9D24E panel=6CC6A from=unknown to=commandRunning
22:40:02.842 #3939 workspace.title.applyProcess workspace=1415C from="Terminal 41" to="Terminal"
22:40:02.843 #3940 surface.socket_input.queue surface=4E99FB4C items=3 keys=0 bytes=142
22:40:02.851 #3941 sidebar.table.rowsBuild items=41
22:40:02.879 #3942 surface.view.windowMove surface=4E99F inWindow=1 bounds=800.0x600.0 pending=800.0x600.0
22:40:02.879 #3943 surface.attach surface=4E99F view=0x0000000bed9d4500 attached=1 hasSurface=0 inWindow=1
22:40:02.879 #3944 surface.attach.create surface=4E99F inWindow=1
22:40:02.879 #3945 surface.attach.create.done surface=4E99F hasSurface=0
22:40:02.879 #3946 surface.size.resume surface=4E99F size=800.0x600.0 backing=800.0x600.0
22:40:02.879 #3947 ws.term.active id=1 dt=105166.69ms surface=4E99F transition=1->0 active=0 visibleFlag=0 hostHidden=1 surfaceHidden=0 hiddenHierarchy=1 inWindow=0 hasSuperview=1 bounds=800.0x600.0 frame=800.0x600.0 firstResponder=nil
22:40:02.879 #3948 surface.headless_window.adopt surface=4E99FB4C reason=input-demand window=ObjectIdentifier(0x0000000be7a7ca00)
22:40:02.880 #3949 surface.headless_window.create surface=4E99FB4C reason=input-demand window=ObjectIdentifier(0x0000000be7a7ca00)
22:40:02.880 #3950 surface.attach surface=4E99F view=0x0000000bed9d4500 attached=1 hasSurface=0 inWindow=1
22:40:02.880 #3951 surface.attach.create surface=4E99F inWindow=1
22:40:02.880 #3952 surface.attach.create.done surface=4E99F hasSurface=0
22:40:02.880 #3953 surface.background_start surface=4E99FB4C inWindow=1 ready=0 source=inputDemand ms=2.50
22:40:02.880 #3954 notification.queue.drain batch=1 remaining=0 firstSeq=281 lastSeq=281
22:40:02.893 #3955 workspace.gitProbe.apply workspace=1415C panel=4E99F branch=none dirty=0 pr=none
22:40:02.894 #3956 zoom.create surface=4E99F context=<redacted:40b>
22:40:02.897 #3957 surface.size.apply surface=4E99FB4C caller=runtime.create.initial grid=99x35->99x35 pixels=800x600->800x600 target=800x600
22:40:02.897 #3958 surface.socket_input.flush surface=4E99FB4C items=3 keys=0 bytes=142
22:40:02.897 #3959 zoom.create.done surface=4E99F context=<redacted:21b>
22:40:02.912 #3960 sidebar.snapshot.refresh requested=41
22:40:02.914 #3961 sidebar.table.rowsBuild items=41
22:40:02.931 #3962 sidebar.row.titlePaint workspace=1415C927 title=<redacted:10b>
22:40:02.932 #3963 sidebar.table.apply structural=0 contentChanges=1 rows=41
22:40:02.932 #3964 sidebar.row.titlePaint workspace=1415C927 title=<redacted:10b>
22:40:02.953 #3965 sidebar.table.rowsBuild items=41
22:40:02.988 #3966 workspace.title.applyProcess workspace=F5C0F from="Terminal" to="Working"
22:40:02.988 #3967 workspace.title.updatePanel workspace=F5C0F panel=956C2 panels=1 custom=0 panelChanged=1 workspaceChanged=1 title=<redacted:9b>
22:40:02.988 #3968 workspace.title.applyProcess workspace=068FA from="Terminal" to="Working"
22:40:02.988 #3969 workspace.title.updatePanel workspace=068FA panel=B140D panels=1 custom=0 panelChanged=1 workspaceChanged=1 title=<redacted:9b>
22:40:02.988 #3970 workspace.title.applyProcess workspace=B7FA0 from="Terminal" to="Working"
22:40:02.989 #3971 workspace.title.updatePanel workspace=B7FA0 panel=9DFC7 panels=1 custom=0 panelChanged=1 workspaceChanged=1 title=<redacted:9b>
22:40:02.989 #3972 workspace.title.applyProcess workspace=48512 from="Terminal" to="Working"
22:40:02.989 #3973 workspace.title.updatePanel workspace=48512 panel=797F7 panels=1 custom=0 panelChanged=1 workspaceChanged=1 title=<redacted:9b>
22:40:02.989 #3974 workspace.title.applyProcess workspace=8B191 from="Terminal" to="Working"
22:40:02.989 #3975 workspace.title.updatePanel workspace=8B191 panel=6EEDF panels=1 custom=0 panelChanged=1 workspaceChanged=1 title=<redacted:9b>
22:40:02.989 #3976 notification.queue.drain batch=4 remaining=0 firstSeq=283 lastSeq=287
22:40:02.990 #3977 surface.shellState workspace=1415C panel=4E99F from=unknown to=commandRunning
22:40:02.991 #3978 sidebar.table.rowsBuild items=41
22:40:03.015 #3979 notification.queue.drain batch=1 remaining=0 firstSeq=288 lastSeq=288
22:40:03.017 #3980 sidebar.snapshot.refresh requested=41
22:40:03.018 #3981 sidebar.table.rowsBuild items=41
22:40:03.031 #3982 sidebar.row.titlePaint workspace=485122AA title=<redacted:9b>
22:40:03.032 #3983 sidebar.table.apply structural=0 contentChanges=5 rows=41
22:40:03.032 #3984 sidebar.row.titlePaint workspace=485122AA title=<redacted:9b>
22:40:03.033 #3985 sidebar.row.titlePaint workspace=F5C0FBB8 title=<redacted:9b>
22:40:03.033 #3986 sidebar.row.titlePaint workspace=B7FA0132 title=<redacted:9b>
22:40:03.033 #3987 sidebar.row.titlePaint workspace=8B191237 title=<redacted:9b>
22:40:03.033 #3988 sidebar.row.titlePaint workspace=068FAFBB title=<redacted:9b>
22:40:03.056 #3989 sidebar.table.rowsBuild items=41
22:40:04.562 #3990 workspace.title.applyProcess workspace=1415C from="Terminal" to="Working"
22:40:04.562 #3991 workspace.title.updatePanel workspace=1415C panel=4E99F panels=1 custom=0 panelChanged=1 workspaceChanged=1 title=<redacted:9b>
22:40:04.563 #3992 workspace.title.applyProcess workspace=395A7 from="Terminal" to="Working"
22:40:04.563 #3993 workspace.title.updatePanel workspace=395A7 panel=FEEAF panels=1 custom=0 panelChanged=1 workspaceChanged=1 title=<redacted:9b>
22:40:04.564 #3994 workspace.title.applyProcess workspace=A3A81 from="Terminal" to="Working"
22:40:04.564 #3995 workspace.title.updatePanel workspace=A3A81 panel=4D655 panels=1 custom=0 panelChanged=1 workspaceChanged=1 title=<redacted:9b>
22:40:04.564 #3996 workspace.title.applyProcess workspace=9D24E from="Terminal" to="Working"
22:40:04.564 #3997 workspace.title.updatePanel workspace=9D24E panel=6CC6A panels=1 custom=0 panelChanged=1 workspaceChanged=1 title=<redacted:9b>
22:40:04.568 #3998 sidebar.table.rowsBuild items=41
22:40:05.157 #3999 sidebar.snapshot.refresh requested=3
22:40:05.161 #4000 sidebar.table.rowsBuild items=41
22:40:05.298 #4001 sidebar.table.apply structural=0 contentChanges=3 rows=41
22:40:05.298 #4002 sidebar.row.titlePaint workspace=1415C927 title=<redacted:9b>
22:40:05.301 #4003 sidebar.row.titlePaint workspace=A3A81CBD title=<redacted:9b>
22:40:05.303 #4004 sidebar.row.titlePaint workspace=395A7364 title=<redacted:9b>
22:40:05.358 #4005 sidebar.snapshot.refresh requested=1
22:40:05.362 #4006 sidebar.table.rowsBuild items=41
22:40:05.464 #4007 sidebar.table.apply structural=0 contentChanges=1 rows=41
22:40:05.465 #4008 sidebar.row.titlePaint workspace=9D24E2D1 title=<redacted:9b>
22:40:05.637 #4009 paneMemGuard.scan panes=41 maxMB=3 thresholdMB=8192 warned=0 scope=0
22:40:09.656 #4010 paneMemGuard.scan panes=41 maxMB=3 thresholdMB=8192 warned=0 scope=0
22:40:09.735 #4011 monitorMemory.capture window=33336935 reason=sessionSnapshot sig=[1d …5D0000@0,0,1920x1080] frame={x=460.0 y=284.0 w=1000.0 h=700.0} rememberedConfigs=1
22:40:09.737 #4012 session.save includeScrollback=0 windows=1
22:40:09.737 #4013 session.save.window idx=0 frame={x=460.0 y=284.0 w=1000.0 h=700.0} display={id=6 frame={x=0.0 y=0.0 w=1920.0 h=1080.0} visible={x=0.0 y=89.0 w=1920.0 h=961.0}} workspaces=41 selected=0
22:40:09.774 #4014 sidebar.table.rowsBuild items=41
22:40:09.968 #4015 sidebar.table.rowsBuild items=41
22:40:10.172 #4016 sidebar.table.rowsBuild items=41
22:40:13.650 #4017 paneMemGuard.scan panes=41 maxMB=3 thresholdMB=8192 warned=0 scope=1
22:40:17.679 #4018 paneMemGuard.scan panes=41 maxMB=3 thresholdMB=8192 warned=0 scope=0
22:40:17.710 #4019 session.save.skipped reason=unchanged_autosave_fingerprint includeScrollback=0 source=timer
22:40:21.646 #4020 paneMemGuard.scan panes=41 maxMB=3 thresholdMB=8192 warned=0 scope=0
22:40:25.652 #4021 paneMemGuard.scan panes=41 maxMB=3 thresholdMB=8192 warned=0 scope=0
22:40:25.799 #4022 session.save.skipped reason=unchanged_autosave_fingerprint includeScrollback=0 source=timer
22:40:29.638 #4023 paneMemGuard.scan panes=41 maxMB=3 thresholdMB=8192 warned=0 scope=1
22:40:33.657 #4024 paneMemGuard.scan panes=41 maxMB=3 thresholdMB=8192 warned=0 scope=0
22:40:33.699 #4025 session.save.skipped reason=unchanged_autosave_fingerprint includeScrollback=0 source=timer
22:40:37.615 #4026 paneMemGuard.scan panes=41 maxMB=3 thresholdMB=8192 warned=0 scope=0
22:40:41.681 #4027 paneMemGuard.scan panes=41 maxMB=3 thresholdMB=8192 warned=0 scope=0
22:40:41.742 #4028 session.save.skipped reason=unchanged_autosave_fingerprint includeScrollback=0 source=timer
22:40:45.629 #4029 paneMemGuard.scan panes=41 maxMB=3 thresholdMB=8192 warned=0 scope=1
22:40:49.659 #4030 paneMemGuard.scan panes=41 maxMB=3 thresholdMB=8192 warned=0 scope=0
22:40:49.695 #4031 session.save.skipped reason=unchanged_autosave_fingerprint includeScrollback=0 source=timer
22:40:53.710 #4032 paneMemGuard.scan panes=41 maxMB=3 thresholdMB=8192 warned=0 scope=0
22:40:57.680 #4033 paneMemGuard.scan panes=41 maxMB=3 thresholdMB=8192 warned=0 scope=0
22:40:57.717 #4034 session.save.skipped reason=unchanged_autosave_fingerprint includeScrollback=0 source=timer
22:41:01.628 #4035 paneMemGuard.scan panes=41 maxMB=3 thresholdMB=8192 warned=0 scope=1
22:41:05.632 #4036 paneMemGuard.scan panes=41 maxMB=3 thresholdMB=8192 warned=0 scope=0
22:41:05.660 #4037 session.save.skipped reason=unchanged_autosave_fingerprint includeScrollback=0 source=timer
22:41:09.665 #4038 paneMemGuard.scan panes=41 maxMB=3 thresholdMB=8192 warned=0 scope=0
