15:07:46.094 #1 workspace.title.coalescing.config enabled=1 delayMs=1000 diagnostics=0
15:07:46.128 #2 loaded cmux app support ghostty config from: /Users/austinwang/Library/Application Support/com.cmuxterm.app/config.ghostty
15:07:46.218 #3 surface.attach surface=30ED6 view=0x0000000a469c8a00 attached=0 hasSurface=0 inWindow=0
15:07:46.218 #4 surface.attach.defer surface=30ED6 reason=noWindow bounds=800.0x600.0
15:07:46.220 #5 surface.size.defer surface=30ED6 reason=noWindow size=800.0x600.0
15:07:46.226 #6 focus.bonsplit pane=7F141
15:07:46.226 #7 focus.split.apply.begin workspace=B931E pane=7F141 tab=83114 focusedPane=7F141 selectedTab=83114 reassert=1
15:07:46.226 #8 find.preparePanelFocusIntent surface=30ED6 target=terminal
15:07:46.226 #9 find.preparePanelFocusIntent surface=30ED6 target=terminal
15:07:46.226 #10 focus.split.moveFocus workspace=B931E panel=30ED6 previousExists=0 to=30ED6
15:07:46.226 #11 find.moveFocus to=30ED6 from=nil searchState=nil delayMs=0
15:07:46.227 #12 focus.split.ensureFocus workspace=B931E panel=30ED6 pane=7F141 tab=83114 intent=terminal(cmux_DEV.TerminalPanelFocusIntent.surface)
15:07:46.231 #13 focus.split.apply.end workspace=B931E panel=30ED6 type=TerminalPanel focusedPane=7F141 selectedTab=83114 prevPanel=30ED6
15:07:46.231 #14 focus.bonsplit pane=7F141
15:07:46.231 #15 focus.split.apply.begin workspace=B931E pane=7F141 tab=83114 focusedPane=7F141 selectedTab=83114 reassert=1
15:07:46.231 #16 find.preparePanelFocusIntent surface=30ED6 target=terminal
15:07:46.232 #17 find.preparePanelFocusIntent surface=30ED6 target=terminal
15:07:46.232 #18 focus.split.moveFocus workspace=B931E panel=30ED6 previousExists=0 to=30ED6
15:07:46.232 #19 find.moveFocus to=30ED6 from=nil searchState=nil delayMs=0
15:07:46.232 #20 focus.split.ensureFocus workspace=B931E panel=30ED6 pane=7F141 tab=83114 intent=terminal(cmux_DEV.TerminalPanelFocusIntent.surface)
15:07:46.232 #21 focus.split.apply.end workspace=B931E panel=30ED6 type=TerminalPanel focusedPane=7F141 selectedTab=83114 prevPanel=30ED6
15:07:46.234 #22 workspace.gitProbe.schedule workspace=B931E panel=30ED6 dir=<redacted:17b> reason=initial
15:07:46.235 #23 ws.switch.begin id=1 trigger=create from=nil to=B931E hot=0 tabs=1
15:07:46.235 #24 ws.select.didSet id=1 from=nil to=B931E dt=0.58ms
15:07:46.249 #25 mobile.observer init tabs=1
15:07:46.255 #26 cmdclick.ui.setup skip reason=env_missing tag=issue-10753-group
15:07:46.710 #27 mainWindow.visibility.reveal.empty reason=applicationWillBecomeActive windows=[]
15:07:46.711 #28 mainWindow.visibility.reveal.empty reason=applicationDidBecomeActive windows=[]
15:07:46.711 #29 phoneReply.sweepScheduled reason=app-activation
15:07:46.711 #30 notification.auth app became active deferred=false
15:07:46.828 #31 workspace.title.applyProcess workspace=B931E from="Terminal 1" to="Terminal"
15:07:46.828 #32 focus.panel panel=30ED6 pane=7F141 trigger=standard tx=nil
15:07:46.828 #33 focus.panel.begin workspace=B931E panel=30ED6 trigger=standard targetPane=7F141 focusedPane=7F141 selectedTab=83114 converged=1 currentPanel=30ED6
15:07:46.828 #34 focus.split.apply.begin workspace=B931E pane=7F141 tab=83114 focusedPane=7F141 selectedTab=83114 reassert=1
15:07:46.829 #35 find.preparePanelFocusIntent surface=30ED6 target=terminal
15:07:46.829 #36 find.preparePanelFocusIntent surface=30ED6 target=terminal
15:07:46.829 #37 focus.split.moveFocus workspace=B931E panel=30ED6 previousExists=1 to=30ED6
15:07:46.829 #38 find.moveFocus to=30ED6 from=30ED6 searchState=nil delayMs=0
15:07:46.829 #39 focus.split.ensureFocus workspace=B931E panel=30ED6 pane=7F141 tab=83114 intent=terminal(cmux_DEV.TerminalPanelFocusIntent.surface)
15:07:46.829 #40 focus.split.apply.end workspace=B931E panel=30ED6 type=TerminalPanel focusedPane=7F141 selectedTab=83114 prevPanel=30ED6
15:07:46.829 #41 ws.select.asyncDone id=1 dt=594.23ms selected=B931E
15:07:46.853 #42 workspace.title.coalescing.config enabled=1 delayMs=1000 diagnostics=0
15:07:46.859 #43 surface.attach surface=B1658 view=0x0000000a469c9e00 attached=0 hasSurface=0 inWindow=0
15:07:46.859 #44 surface.attach.defer surface=B1658 reason=noWindow bounds=800.0x600.0
15:07:46.859 #45 surface.size.defer surface=B1658 reason=noWindow size=800.0x600.0
15:07:46.860 #46 focus.bonsplit pane=2BAEF
15:07:46.860 #47 focus.split.apply.begin workspace=DB78C pane=2BAEF tab=39B42 focusedPane=2BAEF selectedTab=39B42 reassert=1
15:07:46.860 #48 find.preparePanelFocusIntent surface=B1658 target=terminal
15:07:46.860 #49 find.preparePanelFocusIntent surface=B1658 target=terminal
15:07:46.860 #50 focus.split.moveFocus workspace=DB78C panel=B1658 previousExists=0 to=B1658
15:07:46.860 #51 find.moveFocus to=B1658 from=nil searchState=nil delayMs=0
15:07:46.860 #52 focus.split.ensureFocus workspace=DB78C panel=B1658 pane=2BAEF tab=39B42 intent=terminal(cmux_DEV.TerminalPanelFocusIntent.surface)
15:07:46.861 #53 focus.split.apply.end workspace=DB78C panel=B1658 type=TerminalPanel focusedPane=2BAEF selectedTab=39B42 prevPanel=B1658
15:07:46.861 #54 focus.bonsplit pane=2BAEF
15:07:46.861 #55 focus.split.apply.begin workspace=DB78C pane=2BAEF tab=39B42 focusedPane=2BAEF selectedTab=39B42 reassert=1
15:07:46.861 #56 find.preparePanelFocusIntent surface=B1658 target=terminal
15:07:46.861 #57 find.preparePanelFocusIntent surface=B1658 target=terminal
15:07:46.861 #58 focus.split.moveFocus workspace=DB78C panel=B1658 previousExists=0 to=B1658
15:07:46.861 #59 find.moveFocus to=B1658 from=nil searchState=nil delayMs=0
15:07:46.861 #60 focus.split.ensureFocus workspace=DB78C panel=B1658 pane=2BAEF tab=39B42 intent=terminal(cmux_DEV.TerminalPanelFocusIntent.surface)
15:07:46.861 #61 focus.split.apply.end workspace=DB78C panel=B1658 type=TerminalPanel focusedPane=2BAEF selectedTab=39B42 prevPanel=B1658
15:07:46.862 #62 workspace.gitProbe.schedule workspace=DB78C panel=B1658 dir=<redacted:17b> reason=initial
15:07:46.862 #63 ws.switch.begin id=1 trigger=create from=nil to=DB78C hot=0 tabs=1
15:07:46.863 #64 ws.select.didSet id=1 from=nil to=DB78C dt=0.74ms
15:07:46.959 #65 sidebar.table.rowsBuild items=1
15:07:46.999 #66 mainWindow.register windowId=A6093D88 window={num=29975 id=A6093D88 ident=nil key=0 main=0} manager=0x0000000a46110000 priorActiveMgr=0x0000000a46d00000 eventWinNum=nil eventWin={nil} keyWin={nil} mainWin={nil} activeMgr=0x0000000a46d00000 activeWinId=nil activeSelected=B931E contexts=[-A6093D88{mgr=0x0000000a46110000,win=29975,key=0,main=0,tabs=1,selected=DB78C}]
15:07:47.003 #67 mobile.observer init tabs=1
15:07:47.017 #68 mainWindow.active window={num=29975 id=A6093D88 ident=nil key=0 main=0} context=<redacted:346b>
15:07:47.017 #69 mainWindow.visibility.focus.orderFront.begin reason=createMainWindow windows=[<nil>:visible=0:mini=0:key=0]
15:07:47.017 #70 mainWindow.active window={num=29975 id=A6093D88 ident=nil key=1 main=0} context=<redacted:176b> id=A6093D88 ident=nil key=1 main=0} mainWin={nil} activeMgr=0x0000000a46110000 activeWinId=A6093D88 activeSelected=DB78C contexts=[*A6093D88{mgr=0x0000000a46110000,win=29975,key=1,main=0,tabs=1,selected=DB78C}]
15:07:47.018 #71 mainWindow.delegate.didBecomeKey window=<nil> visible=1 mini=0 key=1 main=0
15:07:47.019 #72 mainWindow.delegate.didBecomeMain window=<nil> visible=1 mini=0 key=1 main=1
15:07:47.044 #73 sidebar.table.rowsBuild items=1
15:07:47.080 #74 ws.mount.reconcile id=1 dt=218.07ms hot=0 selected=DB78C mounted=[DB78C] added=[DB78C] removed=[]
15:07:47.082 #75 sidebar.dragState.content tab=nil reason=sidebar_appear
15:07:47.098 #76 sidebar.table.rowsBuild items=1
15:07:47.128 #77 sidebar.table.rowsBuild items=1
15:07:47.144 #78 sidebar.table.rowsBuild items=1
15:07:47.156 #79 mainWindow.register windowId=A6093D88 window={num=29975 id=A6093D88 ident=cmux.main.A6093D88-2A33-451F-9B93-A6285EA625A6 key=1 main=1} manager=0x0000000a46110000 priorActiveMgr=0x0000000a46110000 eventWinNum=nil eventWin={nil} keyWin={num=29975 id=A6093D88 ident=cmux.main.A6093D88-2A33-451F-9B93-A6285EA625A6 key=1 main=1} mainWin={num=29975 id=A6093D88 ident=cmux.main.A6093D88-2A33-451F-9B93-A6285EA625A6 key=1 main=1} activeMgr=0x0000000a46110000 activeWinId=A6093D88 activeSelected=DB78C contexts=[*A6093D88{mgr=0x0000000a46110000,win=29975,key=1,main=1,tabs=1,selected=DB78C}]
15:07:47.161 #80 mainWindow.active window={num=29975 id=A6093D88 ident=cmux.main.A6093D88-2A33-451F-9B93-A6285EA625A6 key=1 main=1} context=<redacted:176b> id=A6093D88 ident=cmux.main.A6093D88-2A33-451F-9B93-A6285EA625A6 key=1 main=1} mainWin={num=29975 id=A6093D88 ident=cmux.main.A6093D88-2A33-451F-9B93-A6285EA625A6 key=1 main=1} activeMgr=0x0000000a46110000 activeWinId=A6093D88 activeSelected=DB78C contexts=[*A6093D88{mgr=0x0000000a46110000,win=29975,key=1,main=1,tabs=1,selected=DB78C}]
15:07:47.162 #81 palette.overlay.install container=NSThemeFrame reference=MainWindowHostingView<ModifiedContent<ModifiedContent<ModifiedContent<ModifiedContent<ModifiedContent<ModifiedContent<ModifiedContent<ModifiedContent<ModifiedContent<ModifiedContent<ContentView, _EnvironmentKeyWritingModifier<Optional<TabManager>>>, _EnvironmentKeyWritingModifier<Optional<TerminalNotificationStore>>>, _EnvironmentKeyWritingModifier<Optional<SidebarState>>>, _EnvironmentKeyWritingModifier<Optional<SidebarSelectionState>>>, _EnvironmentKeyWritingModifier<Optional<FileExplorerState>>>, _EnvironmentKeyWritingModifier<Optional<CmuxConfigStore>>>, _EnvironmentKeyWritingModifier<Optional<SessionDragRegistry>>>, _EnvironmentKeyWritingModifier<Optional<TabDragTransferRegistry>>>, _EnvironmentKeyWritingModifier<Optional<SettingsRuntime>>>, CmuxFontMagnificationEnvironmentModifier>> glass=0
15:07:47.183 #82 ws.swiftui.update id=1 dt=321.07ms surface=B1658 visible=1 active=1 z=2 hostWindow=0 hostedWindow=0 hostedSuperview=0
15:07:47.183 #83 ws.hostState.deferBind surface=B1658 reason=hostNoWindow visible=1 active=1 z=2 hostedWindow=0 hostedSuperview=0
15:07:47.286 #84 ws.hostState.rebindOnGeometry surface=B1658 reason=portalEntryMissing visible=1 active=1 z=2
15:07:47.287 #85 rs.focus.host.attach win=29975 canAccept=0 fr=CmuxMainWindow
15:07:47.307 #86 sidebar.table.rowsBuild items=1
15:07:47.333 #87 ws.hostState.rebindOnUpdate surface=B1658 reason=portalEntryMissing visible=1 active=1 z=2
15:07:47.378 #88 mainWindow.visibility.focus.orderFront.end reason=createMainWindow windows=[cmux.main.A6093D88-2A33-451F-9B93-A6285EA625A6:visible=1:mini=0:key=1]
15:07:47.378 #89 mainWindow.visibility.focus.activate.begin reason=createMainWindow windows=[cmux.main.A6093D88-2A33-451F-9B93-A6285EA625A6:visible=1:mini=0:key=1]
15:07:47.379 #90 mainWindow.visibility.focus.activate.end reason=createMainWindow windows=[cmux.main.A6093D88-2A33-451F-9B93-A6285EA625A6:visible=1:mini=0:key=1]
15:07:47.379 #91 mainWindow.visibility.focus reason=createMainWindow windows=[cmux.main.A6093D88-2A33-451F-9B93-A6285EA625A6:visible=1:mini=0:key=1]
15:07:47.392 #92 sidebar.row.titlePaint workspace=DB78CF54 title=<redacted:12b>
15:07:47.397 #93 sidebar.table.apply structural=1 contentChanges=0 rows=1
15:07:47.398 #94 terminal.portal.host.claim surface=B1658 reason=updateState host=ObjectIdentifier(0x0000000a46f83600) pane=2BAEF inWin=1 size=760.0x644.0 replacingHost=nil
15:07:47.398 #95 surface.attach surface=B1658 view=0x0000000a469c9e00 attached=1 hasSurface=0 inWindow=0
15:07:47.398 #96 surface.attach.defer surface=B1658 reason=noWindow bounds=800.0x600.0
15:07:47.398 #97 portal.hostFrame.update host=0x0000000a4529db00 frame=0.0,0.0 1000.0x700.0
15:07:47.398 #98 portal.bind hosted=0x0000000a469ca300 anchor=0x0000000a46f83600 prevAnchor=nil visible=1 prevVisible=0 z=2 prevZ=-9223372036854775808
15:07:47.399 #99 surface.size.defer surface=B1658 reason=noWindow size=760.0x644.0
15:07:47.399 #100 portal.reparent hosted=0x0000000a469ca300 reason=attach super=nil
15:07:47.400 #101 surface.view.windowMove surface=B1658 inWindow=1 bounds=760.0x644.0 pending=760.0x644.0
15:07:47.400 #102 surface.attach surface=B1658 view=0x0000000a469c9e00 attached=1 hasSurface=0 inWindow=1
15:07:47.400 #103 surface.attach.create surface=B1658 inWindow=1
15:07:47.400 #104 surface.attach.create.done surface=B1658 hasSurface=0
15:07:47.400 #105 surface.size.resume surface=B1658 size=760.0x644.0 backing=1520.0x1288.0
15:07:47.400 #106 portal.bonsplit.container hosted=0x0000000a469ca300 class=_TtGC7SwiftUI13NSHostingViewGV8Bonsplit17PaneContainerViewGVS_19_ConditionalContentGS3_GVS_15ModifiedContentV8cmux_DEV31RemoteTmuxWindowMirrorSplitViewVS_P10$22ecead3018TapGestureModifier_GS4_VS5_P10$1291d6bb829WorkspacePanelContentHostViewS7___VS5_14EmptyPanelView_GS4_S9_S7____ frame=240.0,0.0 760.0x672.0 host=0.0,0.0 1000.0x700.0 anchor=240.0,0.0 760.0x644.0
15:07:47.418 #107 sidebar.table.rowsBuild items=1
15:07:47.485 #108 agentJournal.replay folded=0 skipped=0 painted=0 unattributed=0
15:07:47.485 #109 agentJournal.replay folded=0 skipped=0 painted=0 unattributed=0
15:07:47.490 #110 sidebar.row.titlePaint workspace=DB78CF54 title=<redacted:12b>
15:07:47.521 #111 surface.attach surface=B1658 view=0x0000000a469c9e00 attached=1 hasSurface=0 inWindow=1
15:07:47.521 #112 surface.attach.create surface=B1658 inWindow=1
15:07:47.521 #113 surface.attach.create.done surface=B1658 hasSurface=0
15:07:47.540 #114 workspace.title.applyProcess workspace=DB78C from="Terminal 1" to="Terminal"
15:07:47.555 #115 focus.panel panel=B1658 pane=2BAEF trigger=standard tx=nil
15:07:47.555 #116 focus.panel.begin workspace=DB78C panel=B1658 trigger=standard targetPane=2BAEF focusedPane=2BAEF selectedTab=39B42 converged=1 currentPanel=B1658
15:07:47.555 #117 focus.split.apply.begin workspace=DB78C pane=2BAEF tab=39B42 focusedPane=2BAEF selectedTab=39B42 reassert=1
15:07:47.555 #118 find.preparePanelFocusIntent surface=B1658 target=terminal
15:07:47.555 #119 find.preparePanelFocusIntent surface=B1658 target=terminal
15:07:47.557 #120 focus.panel panel=B1658 pane=2BAEF trigger=firstResponder tx=5A9ED
15:07:47.557 #121 focus.panel.begin workspace=DB78C panel=B1658 trigger=terminalFirstResponder targetPane=2BAEF focusedPane=2BAEF selectedTab=39B42 converged=1 currentPanel=B1658
15:07:47.557 #122 focus.ensure.apply surface=B1658 tab=DB78C panel=B1658 result=1 firstResponder=Optional(<cmux_DEV.GhosttyNSView: 0xa469c9e00>)
15:07:47.558 #123 focus.surface.reassert surface=B1658 reason=ensureFocus.afterMakeFirstResponder
15:07:47.558 #124 focus.surface.refresh surface=B1658 reason=ensureFocus.afterMakeFirstResponder
15:07:47.558 #125 forceRefresh: B16588A2-9944-4212-B12D-5A8181FD5DA0 reason=focus.surface.ensureFocus.afterMakeFirstResponder inWindow=true bounds=(0.0, 0.0, 760.0, 644.0) metalOK=true hasSurface=false
15:07:47.558 #126 focus.split.ensureFocus workspace=DB78C panel=B1658 pane=2BAEF tab=39B42 intent=terminal(cmux_DEV.TerminalPanelFocusIntent.surface)
15:07:47.558 #127 focus.surface.reassert surface=B1658 reason=ensureFocus.alreadyFirstResponder
15:07:47.558 #128 focus.split.apply.end workspace=DB78C panel=B1658 type=TerminalPanel focusedPane=2BAEF selectedTab=39B42 prevPanel=B1658
15:07:47.558 #129 focus.split.apply.begin workspace=DB78C pane=2BAEF tab=39B42 focusedPane=2BAEF selectedTab=39B42 reassert=1
15:07:47.558 #130 find.preparePanelFocusIntent surface=B1658 target=terminal
15:07:47.558 #131 find.preparePanelFocusIntent surface=B1658 target=terminal
15:07:47.558 #132 focus.surface.reassert surface=B1658 reason=ensureFocus.alreadyFirstResponder
15:07:47.558 #133 focus.split.ensureFocus workspace=DB78C panel=B1658 pane=2BAEF tab=39B42 intent=terminal(cmux_DEV.TerminalPanelFocusIntent.surface)
15:07:47.558 #134 focus.surface.reassert surface=B1658 reason=ensureFocus.alreadyFirstResponder
15:07:47.558 #135 focus.split.apply.end workspace=DB78C panel=B1658 type=TerminalPanel focusedPane=2BAEF selectedTab=39B42 prevPanel=B1658
15:07:47.558 #136 ws.select.asyncDone id=1 dt=696.08ms selected=DB78C
15:07:47.559 #137 surface.background_start surface=B16588A2 inWindow=1 ready=0 source=inputDemand ms=0.01
15:07:47.559 #138 notification.auth refresh status=notDetermined mapped=Not Requested
15:07:47.580 #139 sidebar.table.rowsBuild items=1
15:07:47.608 #140 sidebar.table.rowsBuild items=1
15:07:47.635 #141 find.preparePanelFocusIntent surface=B1658 target=terminal
15:07:47.635 #142 focus.surface.reassert surface=B1658 reason=ensureFocus.alreadyFirstResponder
15:07:47.635 #143 focus.surface.refresh surface=B1658 reason=ensureFocus.alreadyFirstResponder
15:07:47.635 #144 forceRefresh: B16588A2-9944-4212-B12D-5A8181FD5DA0 reason=focus.surface.ensureFocus.alreadyFirstResponder inWindow=true bounds=(0.0, 0.0, 760.0, 644.0) metalOK=true hasSurface=false
15:07:47.635 #145 focus.surface.reassert surface=B1658 reason=ensureFocus.alreadyFirstResponder
15:07:47.639 #146 notification.auth refresh status=notDetermined mapped=Not Requested
15:07:47.639 #147 find.applyFirstResponder.defer surface=B1658 reason=viewDidMoveToWindow
15:07:47.639 #148 focus.surface.reassert surface=B1658 reason=applyFirstResponder.alreadyFirstResponder
15:07:47.642 #149 surface.attach surface=B1658 view=0x0000000a469c9e00 attached=1 hasSurface=0 inWindow=1
15:07:47.642 #150 surface.attach.create surface=B1658 inWindow=1
15:07:47.642 #151 surface.attach.create.done surface=B1658 hasSurface=0
15:07:47.652 #152 sidebar.table.rowsBuild items=1
15:07:47.683 #153 surface.attach surface=B1658 view=0x0000000a469c9e00 attached=1 hasSurface=0 inWindow=1
15:07:47.683 #154 surface.attach.create surface=B1658 inWindow=1
15:07:47.683 #155 surface.attach.create.done surface=B1658 hasSurface=0
15:07:47.695 #156 workspace.gitProbe.apply workspace=B931E panel=30ED6 branch=none dirty=0 pr=none
15:07:47.699 #157 focus.surface.reassert surface=B1658 reason=ensureFocus.alreadyFirstResponder
15:07:47.699 #158 focus.surface.refresh surface=B1658 reason=ensureFocus.alreadyFirstResponder
15:07:47.699 #159 forceRefresh: B16588A2-9944-4212-B12D-5A8181FD5DA0 reason=focus.surface.ensureFocus.alreadyFirstResponder inWindow=true bounds=(0.0, 0.0, 760.0, 644.0) metalOK=true hasSurface=false
15:07:47.708 #160 surface.background_start surface=B16588A2 inWindow=1 ready=0 source=normal ms=0.01
15:07:47.709 #161 zoom.create surface=B1658 context=<redacted:38b>
15:07:47.900 #162 surface.size.apply surface=B16588A2 caller=runtime.create.initial grid=49x17->94x37 pixels=800x600->1520x1288 target=1520x1288
15:07:47.914 #163 zoom.create.done surface=B1658 context=<redacted:21b>
15:07:47.917 #164 sidebar.snapshot.refresh requested=1
15:07:47.929 #165 sidebar.table.rowsBuild items=1
15:07:47.946 #166 sidebar.row.titlePaint workspace=DB78CF54 title=<redacted:10b>
15:07:47.948 #167 sidebar.table.apply structural=0 contentChanges=1 rows=1
15:07:47.948 #168 sidebar.row.titlePaint workspace=DB78CF54 title=<redacted:10b>
15:07:47.953 #169 mainWindow.delegate.didResignKey window=cmux.main.A6093D88-2A33-451F-9B93-A6285EA625A6 visible=1 mini=0 key=0 main=0
15:07:47.953 #170 find.window.didResignKey surface=B1658 searchActive=false resigningFirstResponder
15:07:47.954 #171 mainWindow.delegate.didResignMain window=cmux.main.A6093D88-2A33-451F-9B93-A6285EA625A6 visible=1 mini=0 key=0 main=0
15:07:47.958 #172 sidebar.table.rowsBuild items=1
15:07:48.003 #173 workspace.gitProbe.apply workspace=DB78C panel=B1658 branch=none dirty=0 pr=none
15:07:48.005 #174 find.applyFirstResponder.defer surface=B1658 reason=surfaceDidBecomeReady
15:07:48.016 #175 sidebar.table.rowsBuild items=1
15:07:48.038 #176 forceRefresh: B16588A2-9944-4212-B12D-5A8181FD5DA0 reason=unspecified inWindow=true bounds=(0.0, 0.0, 760.0, 644.0) metalOK=false hasSurface=true
[2026-08-25T22:07:48Z] auth: keychain.setTokens: hasAccess=true hasRefresh=true
[2026-08-25T22:07:48Z] auth: keychain UPDATE status=-34018 account=cmux-auth-access-token
[2026-08-25T22:07:48Z] auth: keychain ADD status=-34018 account=cmux-auth-access-token
[2026-08-25T22:07:48Z] auth: keychain UPDATE status=-34018 account=cmux-auth-refresh-token
[2026-08-25T22:07:48Z] auth: keychain ADD status=-34018 account=cmux-auth-refresh-token
[2026-08-25T22:07:48Z] auth: keychain write failed; switching to file fallback for this session
[2026-08-25T22:07:48Z] auth: file.setTokens: hasAccess=true hasRefresh=true
15:07:48.790 #177 sidebar.table.rowsBuild items=1
15:07:48.835 #178 monitorMemory.capture window=A6093D88 reason=sessionSnapshot sig=[1d …E8634E@0,0,2560x1440] frame={x=780.0 y=532.0 w=1000.0 h=700.0} rememberedConfigs=1
15:07:48.835 #179 session.save includeScrollback=0 windows=1
15:07:48.835 #180 session.save.window idx=0 frame={x=780.0 y=532.0 w=1000.0 h=700.0} display={id=4 frame={x=0.0 y=0.0 w=2560.0 h=1440.0} visible={x=0.0 y=0.0 w=2560.0 h=1410.0}} workspaces=1 selected=0
15:07:48.835 #181 typing.timing probe=session.saveSnapshot elapsedMs=1.95 includeScrollback=0 removeWhenEmpty=0 sync=0
15:07:48.838 #182 connectivity.stream connecting
15:07:48.851 #183 sidebar.table.rowsBuild items=1
15:07:48.895 #184 sidebar.table.rowsBuild items=1
15:07:48.995 #185 sidebar.table.rowsBuild items=1
15:07:49.002 #186 sidebar.table.rowsBuild items=1
15:07:49.059 #187 sidebar.table.rowsBuild items=1
15:07:49.392 #188 sidebar.table.rowsBuild items=1
15:07:49.429 #189 sidebar.table.rowsBuild items=1
15:07:49.468 #190 sidebar.table.rowsBuild items=1
15:07:49.504 #191 sidebar.table.rowsBuild items=1
15:07:49.539 #192 sidebar.table.rowsBuild items=1
15:07:49.576 #193 sidebar.table.rowsBuild items=1
15:07:49.598 #194 sidebar.table.rowsBuild items=1
15:07:49.637 #195 sidebar.table.rowsBuild items=1
15:07:49.674 #196 sidebar.table.rowsBuild items=1
15:07:49.850 #197 phoneReply.sweepFetched count=0
15:07:49.850 #198 phoneReply.sweepScheduled reason=queued-during-sweep
15:07:50.266 #199 paneMemGuard.scan panes=1 maxMB=0 thresholdMB=8192 warned=0 scope=1
15:07:50.373 #200 phoneReply.sweepFetched count=0
15:07:50.595 #201 notification.queue.drain batch=1 remaining=0 firstSeq=1 lastSeq=1
15:07:50.595 #202 surface.shellState workspace=DB78C panel=B1658 from=unknown to=promptIdle
15:07:50.595 #203 workspace.prRefresh.schedule workspace=DB78C panel=B1658 reason=shellPrompt
15:07:50.607 #204 notification.queue.drain batch=1 remaining=0 firstSeq=2 lastSeq=2
15:07:50.614 #205 notification.queue.drain batch=1 remaining=0 firstSeq=3 lastSeq=3
15:07:50.620 #206 notification.queue.drain batch=1 remaining=0 firstSeq=4 lastSeq=4
15:07:50.626 #207 notification.queue.drain batch=1 remaining=0 firstSeq=5 lastSeq=5
15:07:50.686 #208 notification.queue.drain batch=1 remaining=0 firstSeq=6 lastSeq=6
15:07:50.687 #209 surface.shellState workspace=DB78C panel=B1658 from=promptIdle to=commandRunning
15:07:50.691 #210 notification.queue.drain batch=1 remaining=0 firstSeq=7 lastSeq=7
15:07:50.765 #211 notification.queue.drain batch=1 remaining=0 firstSeq=8 lastSeq=8
15:07:50.765 #212 surface.shellState workspace=DB78C panel=B1658 from=commandRunning to=promptIdle
15:07:50.765 #213 workspace.prRefresh.schedule workspace=DB78C panel=B1658 reason=shellPrompt
15:07:50.904 #214 sidebar.table.rowsBuild items=1
15:07:50.917 #215 sidebar.table.rowsBuild items=1
15:07:52.072 #216 sidebar.table.rowsBuild items=1
15:07:52.453 #217 workspace.title.applyProcess workspace=DB78C from="Terminal" to="~"
15:07:52.453 #218 workspace.title.updatePanel workspace=DB78C panel=B1658 panels=1 custom=0 panelChanged=1 workspaceChanged=1 title=<redacted:3b>
15:07:52.463 #219 sidebar.table.rowsBuild items=1
15:07:52.972 #220 sidebar.snapshot.refresh requested=1
15:07:52.972 #221 sidebar.table.rowsBuild items=1
15:07:52.976 #222 sidebar.row.titlePaint workspace=DB78CF54 title=<redacted:3b>
15:07:52.977 #223 sidebar.table.apply structural=0 contentChanges=1 rows=1
15:07:52.977 #224 sidebar.row.titlePaint workspace=DB78CF54 title=<redacted:3b>
15:07:53.249 #225 mainWindow.delegate.didBecomeMain window=cmux.main.A6093D88-2A33-451F-9B93-A6285EA625A6 visible=1 mini=0 key=0 main=1
15:07:53.249 #226 mainWindow.active window={num=29975 id=A6093D88 ident=cmux.main.A6093D88-2A33-451F-9B93-A6285EA625A6 key=1 main=1} context=<redacted:346b>
15:07:53.250 #227 focus.panel panel=B1658 pane=2BAEF trigger=standard tx=nil
15:07:53.250 #228 focus.panel.begin workspace=DB78C panel=B1658 trigger=standard targetPane=2BAEF focusedPane=2BAEF selectedTab=39B42 converged=1 currentPanel=B1658
15:07:53.250 #229 focus.split.apply.begin workspace=DB78C pane=2BAEF tab=39B42 focusedPane=2BAEF selectedTab=39B42 reassert=1
15:07:53.250 #230 find.preparePanelFocusIntent surface=B1658 target=terminal
15:07:53.250 #231 find.preparePanelFocusIntent surface=B1658 target=terminal
15:07:53.251 #232 focus.panel panel=B1658 pane=2BAEF trigger=firstResponder tx=7438A
15:07:53.251 #233 focus.panel.begin workspace=DB78C panel=B1658 trigger=terminalFirstResponder targetPane=2BAEF focusedPane=2BAEF selectedTab=39B42 converged=1 currentPanel=B1658
15:07:53.251 #234 focus.firstResponder surface=B1658
15:07:53.251 #235 forceRefresh: B16588A2-9944-4212-B12D-5A8181FD5DA0 reason=focus.firstResponder inWindow=true bounds=(0.0, 0.0, 760.0, 644.0) metalOK=false hasSurface=true
15:07:53.251 #236 focus.ensure.apply surface=B1658 tab=DB78C panel=B1658 result=1 firstResponder=Optional(<cmux_DEV.GhosttyNSView: 0xa469c9e00>)
15:07:53.251 #237 focus.surface.reassert surface=B1658 reason=ensureFocus.afterMakeFirstResponder
15:07:53.251 #238 focus.surface.refresh surface=B1658 reason=ensureFocus.afterMakeFirstResponder
15:07:53.251 #239 forceRefresh: B16588A2-9944-4212-B12D-5A8181FD5DA0 reason=focus.surface.ensureFocus.afterMakeFirstResponder inWindow=true bounds=(0.0, 0.0, 760.0, 644.0) metalOK=false hasSurface=true
15:07:53.251 #240 focus.split.ensureFocus workspace=DB78C panel=B1658 pane=2BAEF tab=39B42 intent=terminal(cmux_DEV.TerminalPanelFocusIntent.surface)
15:07:53.251 #241 focus.surface.reassert surface=B1658 reason=ensureFocus.alreadyFirstResponder
15:07:53.251 #242 focus.split.apply.end workspace=DB78C panel=B1658 type=TerminalPanel focusedPane=2BAEF selectedTab=39B42 prevPanel=B1658
15:07:53.252 #243 focus.split.apply.begin workspace=DB78C pane=2BAEF tab=39B42 focusedPane=2BAEF selectedTab=39B42 reassert=1
15:07:53.252 #244 find.preparePanelFocusIntent surface=B1658 target=terminal
15:07:53.252 #245 find.preparePanelFocusIntent surface=B1658 target=terminal
15:07:53.252 #246 focus.surface.reassert surface=B1658 reason=ensureFocus.alreadyFirstResponder
15:07:53.252 #247 focus.split.ensureFocus workspace=DB78C panel=B1658 pane=2BAEF tab=39B42 intent=terminal(cmux_DEV.TerminalPanelFocusIntent.surface)
15:07:53.252 #248 focus.surface.reassert surface=B1658 reason=ensureFocus.alreadyFirstResponder
15:07:53.252 #249 focus.split.apply.end workspace=DB78C panel=B1658 type=TerminalPanel focusedPane=2BAEF selectedTab=39B42 prevPanel=B1658
15:07:53.252 #250 find.preparePanelFocusIntent surface=B1658 target=terminal
15:07:53.252 #251 focus.surface.reassert surface=B1658 reason=ensureFocus.alreadyFirstResponder
15:07:53.252 #252 mainWindow.delegate.didBecomeKey window=cmux.main.A6093D88-2A33-451F-9B93-A6285EA625A6 visible=1 mini=0 key=1 main=1
15:07:53.252 #253 find.window.didBecomeKey surface=B1658 searchActive=false focusTarget=terminal firstResponder=Optional(<cmux_DEV.GhosttyNSView: 0xa469c9e00>)
15:07:53.426 #254 phoneReply.sweepScheduled reason=app-activation
15:07:53.426 #255 notification.auth app became active deferred=false
15:07:53.437 #256 sidebar.table.rowsBuild items=1
15:07:53.459 #257 shortcut.sync.pre source=preferredWindow preferred={num=29975 id=A6093D88 ident=cmux.main.A6093D88-2A33-451F-9B93-A6285EA625A6 key=1 main=1} chosen={id=A6093D88 mgr=0x0000000a46110000 tabs=1 selected=DB78C hasWindow=1} eventWinNum=nil eventWin={nil} keyWin={num=29975 id=A6093D88 ident=cmux.main.A6093D88-2A33-451F-9B93-A6285EA625A6 key=1 main=1} mainWin={num=29975 id=A6093D88 ident=cmux.main.A6093D88-2A33-451F-9B93-A6285EA625A6 key=1 main=1} activeMgr=0x0000000a46110000 activeWinId=A6093D88 activeSelected=DB78C contexts=[*A6093D88{mgr=0x0000000a46110000,win=29975,key=1,main=1,tabs=1,selected=DB78C}]
15:07:53.459 #258 shortcut.sync.post source=preferredWindow beforeMgr=0x0000000a46110000 afterMgr=0x0000000a46110000 chosen={id=A6093D88 mgr=0x0000000a46110000 tabs=1 selected=DB78C hasWindow=1} nochange=1 eventWinNum=nil eventWin={nil} keyWin={num=29975 id=A6093D88 ident=cmux.main.A6093D88-2A33-451F-9B93-A6285EA625A6 key=1 main=1} mainWin={num=29975 id=A6093D88 ident=cmux.main.A6093D88-2A33-451F-9B93-A6285EA625A6 key=1 main=1} activeMgr=0x0000000a46110000 activeWinId=A6093D88 activeSelected=DB78C contexts=[*A6093D88{mgr=0x0000000a46110000,win=29975,key=1,main=1,tabs=1,selected=DB78C}]
15:07:53.462 #259 focus.surface.reassert surface=B1658 reason=ensureFocus.alreadyFirstResponder
15:07:53.462 #260 focus.surface.refresh surface=B1658 reason=ensureFocus.alreadyFirstResponder
15:07:53.462 #261 forceRefresh: B16588A2-9944-4212-B12D-5A8181FD5DA0 reason=focus.surface.ensureFocus.alreadyFirstResponder inWindow=true bounds=(0.0, 0.0, 760.0, 644.0) metalOK=false hasSurface=true
15:07:53.463 #262 find.applyFirstResponder.defer surface=B1658 reason=didBecomeKey
15:07:53.463 #263 focus.surface.reassert surface=B1658 reason=applyFirstResponder.alreadyFirstResponder
15:07:53.469 #264 notification.auth refresh status=notDetermined mapped=Not Requested
15:07:53.608 #265 terminal.paneDrop.hitTest capture=1 hasTransfer=1 hasFileDrop=0 context=<redacted:10b> types=com.splittabbar.tabtransfer
15:07:53.987 #266 phoneReply.sweepFetched count=0
15:07:54.465 #267 paneMemGuard.scan panes=1 maxMB=4 thresholdMB=8192 warned=0 scope=1
15:07:55.190 #268 monitorMemory.capture window=A6093D88 reason=sessionSnapshot sig=[1d …E8634E@0,0,2560x1440] frame={x=780.0 y=532.0 w=1000.0 h=700.0} rememberedConfigs=1
15:07:55.190 #269 session.save includeScrollback=0 windows=1
15:07:55.190 #270 session.save.window idx=0 frame={x=780.0 y=532.0 w=1000.0 h=700.0} display={id=4 frame={x=0.0 y=0.0 w=2560.0 h=1440.0} visible={x=0.0 y=0.0 w=2560.0 h=1410.0}} workspaces=1 selected=0
15:07:55.190 #271 typing.phase probe=session.autosaveTick.phase totalMs=887.97 loadMs=886.75 fingerprintMs=0.20 saveMs=0.79 source=timer
15:07:55.190 #272 typing.timing probe=session.autosaveTick elapsedMs=888.03 source=timer
15:07:55.207 #273 sidebar.table.rowsBuild items=1
15:07:55.325 #274 sidebar.table.rowsBuild items=1
15:07:55.330 #275 sidebar.table.rowsBuild items=1
15:07:55.439 #276 sidebar.table.rowsBuild items=1
15:07:55.865 #277 mainWindow.delegate.didResignKey window=cmux.main.A6093D88-2A33-451F-9B93-A6285EA625A6 visible=1 mini=0 key=0 main=1
15:07:55.865 #278 find.window.didResignKey surface=B1658 searchActive=false resigningFirstResponder
15:07:55.867 #279 sidebar.table.rowsBuild items=1
15:07:55.947 #280 mainWindow.active window={num=29975 id=A6093D88 ident=cmux.main.A6093D88-2A33-451F-9B93-A6285EA625A6 key=1 main=1} context=<redacted:176b> id=A6093D88 ident=cmux.main.A6093D88-2A33-451F-9B93-A6285EA625A6 key=1 main=1} mainWin={num=29975 id=A6093D88 ident=cmux.main.A6093D88-2A33-451F-9B93-A6285EA625A6 key=1 main=1} activeMgr=0x0000000a46110000 activeWinId=A6093D88 activeSelected=DB78C contexts=[*A6093D88{mgr=0x0000000a46110000,win=29975,key=1,main=1,tabs=1,selected=DB78C}]
15:07:55.948 #281 focus.panel panel=B1658 pane=2BAEF trigger=standard tx=nil
15:07:55.948 #282 focus.panel.begin workspace=DB78C panel=B1658 trigger=standard targetPane=2BAEF focusedPane=2BAEF selectedTab=39B42 converged=1 currentPanel=B1658
15:07:55.948 #283 focus.split.apply.begin workspace=DB78C pane=2BAEF tab=39B42 focusedPane=2BAEF selectedTab=39B42 reassert=1
15:07:55.948 #284 find.preparePanelFocusIntent surface=B1658 target=terminal
15:07:55.948 #285 find.preparePanelFocusIntent surface=B1658 target=terminal
15:07:55.948 #286 focus.panel panel=B1658 pane=2BAEF trigger=firstResponder tx=3DCC5
15:07:55.948 #287 focus.panel.begin workspace=DB78C panel=B1658 trigger=terminalFirstResponder targetPane=2BAEF focusedPane=2BAEF selectedTab=39B42 converged=1 currentPanel=B1658
15:07:55.949 #288 focus.firstResponder surface=B1658
15:07:55.949 #289 forceRefresh: B16588A2-9944-4212-B12D-5A8181FD5DA0 reason=focus.firstResponder inWindow=true bounds=(0.0, 0.0, 760.0, 644.0) metalOK=false hasSurface=true
15:07:55.949 #290 focus.ensure.apply surface=B1658 tab=DB78C panel=B1658 result=1 firstResponder=Optional(<cmux_DEV.GhosttyNSView: 0xa469c9e00>)
15:07:55.949 #291 focus.surface.reassert surface=B1658 reason=ensureFocus.afterMakeFirstResponder
15:07:55.949 #292 focus.surface.refresh surface=B1658 reason=ensureFocus.afterMakeFirstResponder
15:07:55.949 #293 forceRefresh: B16588A2-9944-4212-B12D-5A8181FD5DA0 reason=focus.surface.ensureFocus.afterMakeFirstResponder inWindow=true bounds=(0.0, 0.0, 760.0, 644.0) metalOK=false hasSurface=true
15:07:55.949 #294 focus.split.ensureFocus workspace=DB78C panel=B1658 pane=2BAEF tab=39B42 intent=terminal(cmux_DEV.TerminalPanelFocusIntent.surface)
15:07:55.949 #295 focus.surface.reassert surface=B1658 reason=ensureFocus.alreadyFirstResponder
15:07:55.949 #296 focus.split.apply.end workspace=DB78C panel=B1658 type=TerminalPanel focusedPane=2BAEF selectedTab=39B42 prevPanel=B1658
15:07:55.949 #297 focus.split.apply.begin workspace=DB78C pane=2BAEF tab=39B42 focusedPane=2BAEF selectedTab=39B42 reassert=1
15:07:55.949 #298 find.preparePanelFocusIntent surface=B1658 target=terminal
15:07:55.949 #299 find.preparePanelFocusIntent surface=B1658 target=terminal
15:07:55.949 #300 focus.surface.reassert surface=B1658 reason=ensureFocus.alreadyFirstResponder
15:07:55.949 #301 focus.split.ensureFocus workspace=DB78C panel=B1658 pane=2BAEF tab=39B42 intent=terminal(cmux_DEV.TerminalPanelFocusIntent.surface)
15:07:55.949 #302 focus.surface.reassert surface=B1658 reason=ensureFocus.alreadyFirstResponder
15:07:55.949 #303 focus.split.apply.end workspace=DB78C panel=B1658 type=TerminalPanel focusedPane=2BAEF selectedTab=39B42 prevPanel=B1658
15:07:55.950 #304 find.preparePanelFocusIntent surface=B1658 target=terminal
15:07:55.950 #305 focus.surface.reassert surface=B1658 reason=ensureFocus.alreadyFirstResponder
15:07:55.950 #306 mainWindow.delegate.didBecomeKey window=cmux.main.A6093D88-2A33-451F-9B93-A6285EA625A6 visible=1 mini=0 key=1 main=1
15:07:55.950 #307 find.window.didBecomeKey surface=B1658 searchActive=false focusTarget=terminal firstResponder=Optional(<cmux_DEV.GhosttyNSView: 0xa469c9e00>)
15:07:55.952 #308 sidebar.table.rowsBuild items=1
15:07:55.976 #309 focus.surface.reassert surface=B1658 reason=ensureFocus.alreadyFirstResponder
15:07:55.976 #310 find.applyFirstResponder.defer surface=B1658 reason=didBecomeKey
15:07:55.976 #311 focus.surface.reassert surface=B1658 reason=applyFirstResponder.alreadyFirstResponder
15:07:56.385 #312 sidebar.divider.downRouting x=470 hit=HostContainerView
15:07:56.386 #313 terminal.mouseDown surface=B1658 mods=[] clickCount=1 point=(230,332)
15:07:56.386 #314 focus.pointerDown surface=B1658
15:07:56.386 #315 focus.panel panel=B1658 pane=2BAEF trigger=firstResponder tx=nil
15:07:56.387 #316 focus.panel.begin workspace=DB78C panel=B1658 trigger=terminalFirstResponder targetPane=2BAEF focusedPane=2BAEF selectedTab=39B42 converged=1 currentPanel=B1658
15:07:56.387 #317 focus.split.apply.begin workspace=DB78C pane=2BAEF tab=39B42 focusedPane=2BAEF selectedTab=39B42 reassert=1
15:07:56.387 #318 find.preparePanelFocusIntent surface=B1658 target=terminal
15:07:56.387 #319 find.preparePanelFocusIntent surface=B1658 target=terminal
15:07:56.387 #320 focus.surface.reassert surface=B1658 reason=ensureFocus.alreadyFirstResponder
15:07:56.387 #321 focus.surface.refresh surface=B1658 reason=ensureFocus.alreadyFirstResponder
15:07:56.387 #322 forceRefresh: B16588A2-9944-4212-B12D-5A8181FD5DA0 reason=focus.surface.ensureFocus.alreadyFirstResponder inWindow=true bounds=(0.0, 0.0, 760.0, 644.0) metalOK=false hasSurface=true
15:07:56.388 #323 focus.split.ensureFocus workspace=DB78C panel=B1658 pane=2BAEF tab=39B42 intent=terminal(cmux_DEV.TerminalPanelFocusIntent.surface)
15:07:56.388 #324 focus.surface.reassert surface=B1658 reason=ensureFocus.alreadyFirstResponder
15:07:56.388 #325 focus.split.apply.end workspace=DB78C panel=B1658 type=TerminalPanel focusedPane=2BAEF selectedTab=39B42 prevPanel=B1658
15:07:56.388 #326 focus.guard allowPointerTerminalFirstResponder window=ObjectIdentifier(0x0000000a46fc4500) workspace=DB78C panel=B1658 eventType=NSEventType(rawValue: 1)
15:07:56.394 #327 focus.surface.reassert surface=B1658 reason=ensureFocus.alreadyFirstResponder
15:07:56.438 #328 terminal.mouseUp surface=B1658 mods=[]
15:07:57.731 #329 mainWindow.delegate.didResignKey window=cmux.main.A6093D88-2A33-451F-9B93-A6285EA625A6 visible=1 mini=0 key=0 main=0
15:07:57.731 #330 find.window.didResignKey surface=B1658 searchActive=false resigningFirstResponder
15:07:57.731 #331 mainWindow.delegate.didResignMain window=cmux.main.A6093D88-2A33-451F-9B93-A6285EA625A6 visible=1 mini=0 key=0 main=0
15:07:57.735 #332 sidebar.table.rowsBuild items=1
15:07:58.427 #333 paneMemGuard.scan panes=1 maxMB=4 thresholdMB=8192 warned=0 scope=0
15:08:02.440 #334 paneMemGuard.scan panes=1 maxMB=4 thresholdMB=8192 warned=0 scope=1
15:08:03.219 #335 session.save.skipped reason=unchanged_autosave_fingerprint includeScrollback=0 source=timer
15:08:03.219 #336 typing.phase probe=session.autosaveTick.phase totalMs=883.23 loadMs=882.61 fingerprintMs=0.21 source=timer
15:08:03.219 #337 typing.timing probe=session.autosaveTick elapsedMs=883.28 source=timer
15:08:04.275 #338 sidebar.table.rowsBuild items=1
15:08:04.311 #339 sidebar.table.rowsBuild items=1
15:08:06.342 #340 paneMemGuard.scan panes=1 maxMB=4 thresholdMB=8192 warned=0 scope=1
15:08:10.287 #341 sidebar.table.rowsBuild items=1
15:08:10.331 #342 sidebar.table.rowsBuild items=1
15:08:10.720 #343 paneMemGuard.scan panes=1 maxMB=4 thresholdMB=8192 warned=0 scope=1
15:08:11.258 #344 session.save.skipped reason=unchanged_autosave_fingerprint includeScrollback=0 source=timer
15:08:11.258 #345 typing.phase probe=session.autosaveTick.phase totalMs=898.84 loadMs=898.34 fingerprintMs=0.18 source=timer
15:08:11.259 #346 typing.timing probe=session.autosaveTick elapsedMs=898.89 source=timer
15:08:14.401 #347 paneMemGuard.scan panes=1 maxMB=4 thresholdMB=8192 warned=0 scope=0
15:08:16.900 #348 surface.attach surface=39D8A view=0x0000000a44eed400 attached=0 hasSurface=0 inWindow=0
15:08:16.900 #349 surface.attach.defer surface=39D8A reason=noWindow bounds=800.0x600.0
15:08:16.900 #350 surface.size.defer surface=39D8A reason=noWindow size=800.0x600.0
15:08:16.901 #351 focus.bonsplit pane=5142C
15:08:16.901 #352 focus.split.apply.begin workspace=A93A6 pane=5142C tab=1BE23 focusedPane=5142C selectedTab=1BE23 reassert=1
15:08:16.901 #353 find.preparePanelFocusIntent surface=39D8A target=terminal
15:08:16.901 #354 find.preparePanelFocusIntent surface=39D8A target=terminal
15:08:16.901 #355 focus.split.moveFocus workspace=A93A6 panel=39D8A previousExists=0 to=39D8A
15:08:16.902 #356 find.moveFocus to=39D8A from=nil searchState=nil delayMs=0
15:08:16.902 #357 focus.split.ensureFocus workspace=A93A6 panel=39D8A pane=5142C tab=1BE23 intent=terminal(cmux_DEV.TerminalPanelFocusIntent.surface)
15:08:16.903 #358 focus.split.apply.end workspace=A93A6 panel=39D8A type=TerminalPanel focusedPane=5142C selectedTab=1BE23 prevPanel=39D8A
15:08:16.903 #359 focus.bonsplit pane=5142C
15:08:16.904 #360 focus.split.apply.begin workspace=A93A6 pane=5142C tab=1BE23 focusedPane=5142C selectedTab=1BE23 reassert=1
15:08:16.904 #361 find.preparePanelFocusIntent surface=39D8A target=terminal
15:08:16.904 #362 find.preparePanelFocusIntent surface=39D8A target=terminal
15:08:16.904 #363 focus.split.moveFocus workspace=A93A6 panel=39D8A previousExists=0 to=39D8A
15:08:16.904 #364 find.moveFocus to=39D8A from=nil searchState=nil delayMs=0
15:08:16.904 #365 focus.split.ensureFocus workspace=A93A6 panel=39D8A pane=5142C tab=1BE23 intent=terminal(cmux_DEV.TerminalPanelFocusIntent.surface)
15:08:16.904 #366 focus.split.apply.end workspace=A93A6 panel=39D8A type=TerminalPanel focusedPane=5142C selectedTab=1BE23 prevPanel=39D8A
15:08:16.905 #367 workspace.customTitle.write workspace=A93A6037 source=user title=<redacted:14b>
15:08:16.911 #368 ws.term.visible id=1 dt=30048.56ms surface=39D8A transition=1->0 active=1 visibleFlag=0 hostHidden=1 surfaceHidden=0 hiddenHierarchy=1 inWindow=0 hasSuperview=0 bounds=0.0x0.0 frame=0.0x0.0 firstResponder=nil
15:08:16.911 #369 workspace.gitProbe.schedule workspace=A93A6 panel=39D8A dir=<redacted:17b> reason=initial
15:08:16.913 #370 workspace.customDescription.update workspace=A93A6037 inputLen=0 inputNewlines=0 normalizedLen=0 normalizedNewlines=0 input=<redacted:22b>
15:08:16.927 #371 sidebar.table.rowsBuild items=2
15:08:16.956 #372 sidebar.table.rowsBuild items=2
15:08:16.971 #373 sidebar.row.titlePaint workspace=A93A6037 title=<redacted:14b>
15:08:16.972 #374 sidebar.table.apply structural=1 contentChanges=1 rows=2
15:08:16.985 #375 sidebar.row.titlePaint workspace=DB78CF54 title=<redacted:3b>
15:08:16.989 #376 sidebar.row.titlePaint workspace=A93A6037 title=<redacted:14b>
15:08:17.012 #377 surface.attach surface=DFF9E view=0x0000000a44eede00 attached=0 hasSurface=0 inWindow=0
15:08:17.012 #378 surface.attach.defer surface=DFF9E reason=noWindow bounds=800.0x600.0
15:08:17.012 #379 surface.size.defer surface=DFF9E reason=noWindow size=800.0x600.0
15:08:17.013 #380 focus.bonsplit pane=3E4AA
15:08:17.013 #381 focus.split.apply.begin workspace=B8E73 pane=3E4AA tab=78D89 focusedPane=3E4AA selectedTab=78D89 reassert=1
15:08:17.013 #382 find.preparePanelFocusIntent surface=DFF9E target=terminal
15:08:17.013 #383 find.preparePanelFocusIntent surface=DFF9E target=terminal
15:08:17.013 #384 focus.split.moveFocus workspace=B8E73 panel=DFF9E previousExists=0 to=DFF9E
15:08:17.013 #385 find.moveFocus to=DFF9E from=nil searchState=nil delayMs=0
15:08:17.013 #386 focus.split.ensureFocus workspace=B8E73 panel=DFF9E pane=3E4AA tab=78D89 intent=terminal(cmux_DEV.TerminalPanelFocusIntent.surface)
15:08:17.014 #387 focus.split.apply.end workspace=B8E73 panel=DFF9E type=TerminalPanel focusedPane=3E4AA selectedTab=78D89 prevPanel=DFF9E
15:08:17.014 #388 focus.split.apply.begin workspace=B8E73 pane=3E4AA tab=78D89 focusedPane=3E4AA selectedTab=78D89 reassert=1
15:08:17.014 #389 focus.bonsplit pane=3E4AA
15:08:17.014 #390 find.preparePanelFocusIntent surface=DFF9E target=terminal
15:08:17.014 #391 find.preparePanelFocusIntent surface=DFF9E target=terminal
15:08:17.014 #392 focus.split.moveFocus workspace=B8E73 panel=DFF9E previousExists=0 to=DFF9E
15:08:17.014 #393 find.moveFocus to=DFF9E from=nil searchState=nil delayMs=0
15:08:17.014 #394 focus.split.ensureFocus workspace=B8E73 panel=DFF9E pane=3E4AA tab=78D89 intent=terminal(cmux_DEV.TerminalPanelFocusIntent.surface)
15:08:17.014 #395 focus.split.apply.end workspace=B8E73 panel=DFF9E type=TerminalPanel focusedPane=3E4AA selectedTab=78D89 prevPanel=DFF9E
15:08:17.014 #396 workspace.customTitle.write workspace=B8E73220 source=user title=<redacted:14b>
15:08:17.016 #397 ws.term.visible id=1 dt=30153.61ms surface=DFF9E transition=1->0 active=1 visibleFlag=0 hostHidden=1 surfaceHidden=0 hiddenHierarchy=1 inWindow=0 hasSuperview=0 bounds=0.0x0.0 frame=0.0x0.0 firstResponder=nil
15:08:17.016 #398 workspace.gitProbe.schedule workspace=B8E73 panel=DFF9E dir=<redacted:17b> reason=initial
15:08:17.017 #399 workspace.customDescription.update workspace=B8E73220 inputLen=0 inputNewlines=0 normalizedLen=0 normalizedNewlines=0 input=<redacted:22b>
15:08:17.028 #400 sidebar.table.rowsBuild items=3
15:08:17.059 #401 sidebar.table.rowsBuild items=3
15:08:17.075 #402 sidebar.row.titlePaint workspace=DB78CF54 title=<redacted:3b>
15:08:17.076 #403 sidebar.row.titlePaint workspace=B8E73220 title=<redacted:14b>
15:08:17.076 #404 sidebar.row.titlePaint workspace=A93A6037 title=<redacted:14b>
15:08:17.076 #405 sidebar.table.apply structural=1 contentChanges=2 rows=3
15:08:17.092 #406 sidebar.row.titlePaint workspace=DB78CF54 title=<redacted:3b>
15:08:17.095 #407 sidebar.row.titlePaint workspace=B8E73220 title=<redacted:14b>
15:08:17.098 #408 sidebar.row.titlePaint workspace=A93A6037 title=<redacted:14b>
15:08:17.123 #409 workspace.gitProbe.apply workspace=A93A6 panel=39D8A branch=none dirty=0 pr=none
15:08:17.125 #410 workspace.gitProbe.apply workspace=B8E73 panel=DFF9E branch=none dirty=0 pr=none
15:08:17.543 #411 agentChat.state session=deef1f1d idle->ended v2
15:08:18.525 #412 paneMemGuard.scan panes=3 maxMB=4 thresholdMB=8192 warned=0 scope=1
15:08:19.197 #413 monitorMemory.capture window=A6093D88 reason=sessionSnapshot sig=[1d …E8634E@0,0,2560x1440] frame={x=780.0 y=532.0 w=1000.0 h=700.0} rememberedConfigs=1
15:08:19.197 #414 session.save includeScrollback=0 windows=1
15:08:19.197 #415 session.save.window idx=0 frame={x=780.0 y=532.0 w=1000.0 h=700.0} display={id=4 frame={x=0.0 y=0.0 w=2560.0 h=1440.0} visible={x=0.0 y=0.0 w=2560.0 h=1410.0}} workspaces=3 selected=0
15:08:19.197 #416 typing.timing probe=session.saveSnapshot elapsedMs=1.11 includeScrollback=0 removeWhenEmpty=0 sync=0
15:08:19.198 #417 typing.phase probe=session.autosaveTick.phase totalMs=859.02 loadMs=857.31 fingerprintMs=0.26 saveMs=1.13 source=timer
15:08:19.198 #418 typing.timing probe=session.autosaveTick elapsedMs=859.06 source=timer
15:08:19.217 #419 sidebar.table.rowsBuild items=3
15:08:19.228 #420 sidebar.table.rowsBuild items=3
15:08:19.279 #421 sidebar.table.rowsBuild items=3
15:08:19.285 #422 sidebar.table.rowsBuild items=3
15:08:19.502 #423 sidebar.table.rowsBuild items=3
15:08:19.511 #424 sidebar.table.rowsBuild items=3
15:08:20.451 #425 sidebar.table.rowsBuild items=3
15:08:20.517 #426 sidebar.table.rowsBuild items=3
15:08:22.288 #427 paneMemGuard.scan panes=3 maxMB=4 thresholdMB=8192 warned=0 scope=1
15:08:26.465 #428 paneMemGuard.scan panes=3 maxMB=4 thresholdMB=8192 warned=0 scope=1
15:08:27.200 #429 session.save.skipped reason=unchanged_autosave_fingerprint includeScrollback=0 source=timer
15:08:27.201 #430 typing.phase probe=session.autosaveTick.phase totalMs=860.73 loadMs=860.18 fingerprintMs=0.23 source=timer
15:08:27.201 #431 typing.timing probe=session.autosaveTick elapsedMs=860.78 source=timer
15:08:30.335 #432 paneMemGuard.scan panes=3 maxMB=4 thresholdMB=8192 warned=0 scope=0
15:08:34.389 #433 paneMemGuard.scan panes=3 maxMB=4 thresholdMB=8192 warned=0 scope=0
15:08:35.167 #434 session.save.skipped reason=unchanged_autosave_fingerprint includeScrollback=0 source=timer
15:08:35.167 #435 typing.phase probe=session.autosaveTick.phase totalMs=829.31 loadMs=828.75 fingerprintMs=0.24 source=timer
15:08:35.167 #436 typing.timing probe=session.autosaveTick elapsedMs=829.36 source=timer
15:08:38.340 #437 paneMemGuard.scan panes=3 maxMB=4 thresholdMB=8192 warned=0 scope=1
15:08:42.376 #438 paneMemGuard.scan panes=3 maxMB=4 thresholdMB=8192 warned=0 scope=0
15:08:43.156 #439 session.save.skipped reason=unchanged_autosave_fingerprint includeScrollback=0 source=timer
15:08:43.156 #440 typing.phase probe=session.autosaveTick.phase totalMs=818.22 loadMs=817.75 fingerprintMs=0.22 source=timer
15:08:43.156 #441 typing.timing probe=session.autosaveTick elapsedMs=818.28 source=timer
15:08:46.372 #442 paneMemGuard.scan panes=3 maxMB=4 thresholdMB=8192 warned=0 scope=0
15:08:50.550 #443 paneMemGuard.scan panes=3 maxMB=4 thresholdMB=8192 warned=0 scope=1
15:08:51.303 #444 session.save.skipped reason=unchanged_autosave_fingerprint includeScrollback=0 source=timer
15:08:51.303 #445 typing.phase probe=session.autosaveTick.phase totalMs=963.32 loadMs=962.73 fingerprintMs=0.31 source=timer
15:08:51.303 #446 typing.timing probe=session.autosaveTick elapsedMs=963.38 source=timer
15:08:54.340 #447 paneMemGuard.scan panes=3 maxMB=4 thresholdMB=8192 warned=0 scope=1
15:08:58.730 #448 paneMemGuard.scan panes=3 maxMB=4 thresholdMB=8192 warned=0 scope=1
15:08:59.278 #449 session.save.skipped reason=unchanged_autosave_fingerprint includeScrollback=0 source=timer
15:08:59.278 #450 typing.phase probe=session.autosaveTick.phase totalMs=939.32 loadMs=938.84 fingerprintMs=0.23 source=timer
15:08:59.278 #451 typing.timing probe=session.autosaveTick elapsedMs=939.38 source=timer
15:09:02.375 #452 paneMemGuard.scan panes=3 maxMB=4 thresholdMB=8192 warned=0 scope=0
15:09:06.384 #453 paneMemGuard.scan panes=3 maxMB=4 thresholdMB=8192 warned=0 scope=0
[2026-08-25T22:09:07Z] auth: file.compareAndSet: matches=true hasNewRefresh=true hasNewAccess=true
[2026-08-25T22:09:07Z] auth: file.setTokens: hasAccess=true hasRefresh=true
15:09:07.174 #454 session.save.skipped reason=unchanged_autosave_fingerprint includeScrollback=0 source=timer
15:09:07.175 #455 typing.phase probe=session.autosaveTick.phase totalMs=836.40 loadMs=835.76 fingerprintMs=0.26 source=timer
15:09:07.175 #456 typing.timing probe=session.autosaveTick elapsedMs=836.45 source=timer
15:09:10.338 #457 paneMemGuard.scan panes=3 maxMB=4 thresholdMB=8192 warned=0 scope=1
15:09:12.942 #458 sidebar.table.rowsBuild items=3
15:09:12.987 #459 sidebar.table.rowsBuild items=3
15:09:14.364 #460 paneMemGuard.scan panes=3 maxMB=4 thresholdMB=8192 warned=0 scope=0
15:09:15.160 #461 session.save.skipped reason=unchanged_autosave_fingerprint includeScrollback=0 source=timer
15:09:15.160 #462 typing.phase probe=session.autosaveTick.phase totalMs=837.06 loadMs=836.51 fingerprintMs=0.27 source=timer
15:09:15.160 #463 typing.timing probe=session.autosaveTick elapsedMs=837.12 source=timer
15:09:18.355 #464 paneMemGuard.scan panes=3 maxMB=4 thresholdMB=8192 warned=0 scope=0
15:09:19.660 #465 sidebar.table.rowsBuild items=3
15:09:19.717 #466 sidebar.table.rowsBuild items=3
15:09:21.403 #467 sidebar.table.rowsBuild items=3
15:09:21.438 #468 sidebar.table.rowsBuild items=3
15:09:22.378 #469 paneMemGuard.scan panes=3 maxMB=4 thresholdMB=8192 warned=0 scope=0
15:09:23.176 #470 monitorMemory.capture window=A6093D88 reason=sessionSnapshot sig=[1d …E8634E@0,0,2560x1440] frame={x=780.0 y=532.0 w=1000.0 h=700.0} rememberedConfigs=1
15:09:23.176 #471 session.save includeScrollback=0 windows=1
15:09:23.176 #472 session.save.window idx=0 frame={x=780.0 y=532.0 w=1000.0 h=700.0} display={id=4 frame={x=0.0 y=0.0 w=2560.0 h=1440.0} visible={x=0.0 y=0.0 w=2560.0 h=1410.0}} workspaces=3 selected=0
15:09:23.176 #473 typing.timing probe=session.saveSnapshot elapsedMs=1.84 includeScrollback=0 removeWhenEmpty=0 sync=0
15:09:23.177 #474 typing.phase probe=session.autosaveTick.phase totalMs=838.09 loadMs=835.61 fingerprintMs=0.25 saveMs=1.87 source=timer
15:09:23.177 #475 typing.timing probe=session.autosaveTick elapsedMs=838.13 source=timer
15:09:23.185 #476 sidebar.table.rowsBuild items=3
15:09:23.217 #477 sidebar.table.rowsBuild items=3
15:09:23.247 #478 sidebar.table.rowsBuild items=3
15:09:26.340 #479 paneMemGuard.scan panes=3 maxMB=4 thresholdMB=8192 warned=0 scope=1
15:09:30.364 #480 paneMemGuard.scan panes=3 maxMB=4 thresholdMB=8192 warned=0 scope=0
15:09:31.272 #481 session.save.skipped reason=unchanged_autosave_fingerprint includeScrollback=0 source=timer
15:09:31.273 #482 typing.phase probe=session.autosaveTick.phase totalMs=950.87 loadMs=950.14 fingerprintMs=0.33 source=timer
15:09:31.273 #483 typing.timing probe=session.autosaveTick elapsedMs=950.92 source=timer
15:09:34.374 #484 paneMemGuard.scan panes=3 maxMB=4 thresholdMB=8192 warned=0 scope=0
15:09:38.432 #485 paneMemGuard.scan panes=3 maxMB=4 thresholdMB=8192 warned=0 scope=1
15:09:39.196 #486 session.save.skipped reason=unchanged_autosave_fingerprint includeScrollback=0 source=timer
15:09:39.196 #487 typing.phase probe=session.autosaveTick.phase totalMs=857.00 loadMs=856.53 fingerprintMs=0.20 source=timer
15:09:39.196 #488 typing.timing probe=session.autosaveTick elapsedMs=857.04 source=timer
15:09:42.315 #489 paneMemGuard.scan panes=3 maxMB=4 thresholdMB=8192 warned=0 scope=1
15:09:46.422 #490 paneMemGuard.scan panes=3 maxMB=4 thresholdMB=8192 warned=0 scope=1
15:09:47.374 #491 session.save.skipped reason=unchanged_autosave_fingerprint includeScrollback=0 source=timer
15:09:47.375 #492 typing.phase probe=session.autosaveTick.phase totalMs=1038.12 loadMs=1037.59 fingerprintMs=0.22 source=timer
15:09:47.375 #493 typing.timing probe=session.autosaveTick elapsedMs=1038.17 source=timer
15:09:50.661 #494 paneMemGuard.scan panes=3 maxMB=4 thresholdMB=8192 warned=0 scope=0
15:09:54.381 #495 paneMemGuard.scan panes=3 maxMB=4 thresholdMB=8192 warned=0 scope=1
15:09:55.412 #496 session.save.skipped reason=unchanged_autosave_fingerprint includeScrollback=0 source=timer
15:09:55.412 #497 typing.phase probe=session.autosaveTick.phase totalMs=1074.35 loadMs=1073.75 fingerprintMs=0.26 source=timer
15:09:55.412 #498 typing.timing probe=session.autosaveTick elapsedMs=1074.40 source=timer
15:09:58.330 #499 paneMemGuard.scan panes=3 maxMB=4 thresholdMB=8192 warned=0 scope=1
15:10:02.333 #500 paneMemGuard.scan panes=3 maxMB=4 thresholdMB=8192 warned=0 scope=0
15:10:03.245 #501 session.save.skipped reason=unchanged_autosave_fingerprint includeScrollback=0 source=timer
15:10:03.246 #502 typing.phase probe=session.autosaveTick.phase totalMs=952.20 loadMs=951.48 fingerprintMs=0.34 source=timer
15:10:03.246 #503 typing.timing probe=session.autosaveTick elapsedMs=952.25 source=timer
15:10:06.599 #504 paneMemGuard.scan panes=3 maxMB=4 thresholdMB=8192 warned=0 scope=0
15:10:10.570 #505 paneMemGuard.scan panes=3 maxMB=4 thresholdMB=8192 warned=0 scope=1
15:10:11.220 #506 session.save.skipped reason=unchanged_autosave_fingerprint includeScrollback=0 source=timer
15:10:11.221 #507 typing.phase probe=session.autosaveTick.phase totalMs=905.99 loadMs=905.36 fingerprintMs=0.25 source=timer
15:10:11.221 #508 typing.timing probe=session.autosaveTick elapsedMs=906.04 source=timer
15:10:14.340 #509 paneMemGuard.scan panes=3 maxMB=4 thresholdMB=8192 warned=0 scope=1
15:10:18.620 #510 paneMemGuard.scan panes=3 maxMB=4 thresholdMB=8192 warned=0 scope=1
15:10:19.339 #511 session.save.skipped reason=unchanged_autosave_fingerprint includeScrollback=0 source=timer
15:10:19.340 #512 typing.phase probe=session.autosaveTick.phase totalMs=1010.02 loadMs=1009.38 fingerprintMs=0.24 source=timer
15:10:19.340 #513 typing.timing probe=session.autosaveTick elapsedMs=1010.07 source=timer
15:10:22.545 #514 paneMemGuard.scan panes=3 maxMB=4 thresholdMB=8192 warned=0 scope=0
[2026-08-25T22:10:24Z] auth: file.compareAndSet: matches=true hasNewRefresh=true hasNewAccess=true
[2026-08-25T22:10:24Z] auth: file.setTokens: hasAccess=true hasRefresh=true
15:10:26.384 #515 paneMemGuard.scan panes=3 maxMB=4 thresholdMB=8192 warned=0 scope=0
15:10:27.205 #516 monitorMemory.capture window=A6093D88 reason=sessionSnapshot sig=[1d …E8634E@0,0,2560x1440] frame={x=780.0 y=532.0 w=1000.0 h=700.0} rememberedConfigs=1
15:10:27.205 #517 session.save includeScrollback=0 windows=1
15:10:27.205 #518 session.save.window idx=0 frame={x=780.0 y=532.0 w=1000.0 h=700.0} display={id=4 frame={x=0.0 y=0.0 w=2560.0 h=1440.0} visible={x=0.0 y=0.0 w=2560.0 h=1410.0}} workspaces=3 selected=0
15:10:27.206 #519 typing.timing probe=session.saveSnapshot elapsedMs=1.27 includeScrollback=0 removeWhenEmpty=0 sync=0
15:10:27.206 #520 typing.phase probe=session.autosaveTick.phase totalMs=866.73 loadMs=864.95 fingerprintMs=0.25 saveMs=1.30 source=timer
15:10:27.206 #521 typing.timing probe=session.autosaveTick elapsedMs=866.76 source=timer
15:10:27.259 #522 sidebar.table.rowsBuild items=3
15:10:27.311 #523 sidebar.table.rowsBuild items=3
15:10:27.399 #524 sidebar.table.rowsBuild items=3
15:10:27.408 #525 sidebar.table.rowsBuild items=3
15:10:30.330 #526 paneMemGuard.scan panes=3 maxMB=4 thresholdMB=8192 warned=0 scope=1
15:10:34.428 #527 paneMemGuard.scan panes=3 maxMB=4 thresholdMB=8192 warned=0 scope=1
15:10:35.218 #528 session.save.skipped reason=unchanged_autosave_fingerprint includeScrollback=0 source=timer
15:10:35.218 #529 typing.phase probe=session.autosaveTick.phase totalMs=896.77 loadMs=896.14 fingerprintMs=0.25 source=timer
15:10:35.218 #530 typing.timing probe=session.autosaveTick elapsedMs=896.82 source=timer
15:10:38.480 #531 paneMemGuard.scan panes=3 maxMB=4 thresholdMB=8192 warned=0 scope=0
15:10:39.057 #532 sidebar.table.rowsBuild items=3
15:10:39.126 #533 sidebar.table.rowsBuild items=3
15:10:39.418 #534 sidebar.table.rowsBuild items=3
15:10:39.473 #535 sidebar.table.rowsBuild items=3
15:10:42.649 #536 paneMemGuard.scan panes=3 maxMB=4 thresholdMB=8192 warned=0 scope=1
15:10:43.416 #537 session.save.skipped reason=unchanged_autosave_fingerprint includeScrollback=0 source=timer
15:10:43.417 #538 typing.phase probe=session.autosaveTick.phase totalMs=1076.64 loadMs=1076.04 fingerprintMs=0.22 source=timer
15:10:43.417 #539 typing.timing probe=session.autosaveTick elapsedMs=1076.69 source=timer
15:10:46.340 #540 paneMemGuard.scan panes=3 maxMB=4 thresholdMB=8192 warned=0 scope=1
15:10:49.525 #541 sidebar.table.rowsBuild items=3
15:10:49.575 #542 sidebar.table.rowsBuild items=3
15:10:50.469 #543 paneMemGuard.scan panes=3 maxMB=4 thresholdMB=8192 warned=0 scope=1
15:10:51.329 #544 session.save.skipped reason=unchanged_autosave_fingerprint includeScrollback=0 source=timer
15:10:51.329 #545 typing.phase probe=session.autosaveTick.phase totalMs=991.22 loadMs=990.63 fingerprintMs=0.26 source=timer
15:10:51.329 #546 typing.timing probe=session.autosaveTick elapsedMs=991.27 source=timer
15:10:54.639 #547 paneMemGuard.scan panes=3 maxMB=4 thresholdMB=8192 warned=0 scope=0
15:10:58.409 #548 paneMemGuard.scan panes=3 maxMB=4 thresholdMB=8192 warned=0 scope=1
15:10:59.271 #549 session.save.skipped reason=unchanged_autosave_fingerprint includeScrollback=0 source=timer
15:10:59.271 #550 typing.phase probe=session.autosaveTick.phase totalMs=931.23 loadMs=930.69 fingerprintMs=0.25 source=timer
15:10:59.271 #551 typing.timing probe=session.autosaveTick elapsedMs=931.28 source=timer
15:11:02.339 #552 paneMemGuard.scan panes=3 maxMB=4 thresholdMB=8192 warned=0 scope=1
15:11:06.649 #553 paneMemGuard.scan panes=3 maxMB=4 thresholdMB=8192 warned=0 scope=1
15:11:07.367 #554 session.save.skipped reason=unchanged_autosave_fingerprint includeScrollback=0 source=timer
15:11:07.368 #555 typing.phase probe=session.autosaveTick.phase totalMs=1029.61 loadMs=1029.02 fingerprintMs=0.31 source=timer
15:11:07.368 #556 typing.timing probe=session.autosaveTick elapsedMs=1029.68 source=timer
15:11:10.392 #557 paneMemGuard.scan panes=3 maxMB=4 thresholdMB=8192 warned=0 scope=0
15:11:14.444 #558 paneMemGuard.scan panes=3 maxMB=4 thresholdMB=8192 warned=0 scope=1
15:11:15.295 #559 session.save.skipped reason=unchanged_autosave_fingerprint includeScrollback=0 source=timer
15:11:15.296 #560 typing.phase probe=session.autosaveTick.phase totalMs=967.11 loadMs=966.49 fingerprintMs=0.26 source=timer
15:11:15.296 #561 typing.timing probe=session.autosaveTick elapsedMs=967.20 source=timer
15:11:18.338 #562 paneMemGuard.scan panes=3 maxMB=4 thresholdMB=8192 warned=0 scope=1
15:11:22.370 #563 paneMemGuard.scan panes=3 maxMB=4 thresholdMB=8192 warned=0 scope=0
15:11:23.255 #564 session.save.skipped reason=unchanged_autosave_fingerprint includeScrollback=0 source=timer
15:11:23.255 #565 typing.phase probe=session.autosaveTick.phase totalMs=925.89 loadMs=925.29 fingerprintMs=0.25 source=timer
15:11:23.255 #566 typing.timing probe=session.autosaveTick elapsedMs=925.95 source=timer
15:11:26.393 #567 paneMemGuard.scan panes=3 maxMB=4 thresholdMB=8192 warned=0 scope=0
15:11:30.411 #568 paneMemGuard.scan panes=3 maxMB=4 thresholdMB=8192 warned=0 scope=1
15:11:31.197 #569 monitorMemory.capture window=A6093D88 reason=sessionSnapshot sig=[1d …E8634E@0,0,2560x1440] frame={x=780.0 y=532.0 w=1000.0 h=700.0} rememberedConfigs=1
15:11:31.197 #570 session.save includeScrollback=0 windows=1
15:11:31.197 #571 session.save.window idx=0 frame={x=780.0 y=532.0 w=1000.0 h=700.0} display={id=4 frame={x=0.0 y=0.0 w=2560.0 h=1440.0} visible={x=0.0 y=0.0 w=2560.0 h=1410.0}} workspaces=3 selected=0
15:11:31.197 #572 typing.timing probe=session.saveSnapshot elapsedMs=1.20 includeScrollback=0 removeWhenEmpty=0 sync=0
15:11:31.198 #573 typing.phase probe=session.autosaveTick.phase totalMs=859.81 loadMs=858.09 fingerprintMs=0.25 saveMs=1.22 source=timer
15:11:31.198 #574 typing.timing probe=session.autosaveTick elapsedMs=859.85 source=timer
15:11:31.282 #575 sidebar.table.rowsBuild items=3
15:11:31.376 #576 sidebar.table.rowsBuild items=3
15:11:31.398 #577 sidebar.table.rowsBuild items=3
15:11:33.037 #578 sidebar.table.rowsBuild items=3
15:11:33.142 #579 sidebar.table.rowsBuild items=3
15:11:34.342 #580 paneMemGuard.scan panes=3 maxMB=4 thresholdMB=8192 warned=0 scope=1
15:11:36.934 #581 sidebar.table.rowsBuild items=3
15:11:36.998 #582 sidebar.table.rowsBuild items=3
15:11:37.547 #583 sidebar.table.rowsBuild items=3
15:11:38.377 #584 paneMemGuard.scan panes=3 maxMB=4 thresholdMB=8192 warned=0 scope=0
15:11:39.189 #585 session.save.skipped reason=unchanged_autosave_fingerprint includeScrollback=0 source=timer
15:11:39.189 #586 typing.phase probe=session.autosaveTick.phase totalMs=849.68 loadMs=849.05 fingerprintMs=0.28 source=timer
15:11:39.189 #587 typing.timing probe=session.autosaveTick elapsedMs=849.74 source=timer
[2026-08-25T22:11:41Z] auth: file.compareAndSet: matches=true hasNewRefresh=true hasNewAccess=true
[2026-08-25T22:11:41Z] auth: file.setTokens: hasAccess=true hasRefresh=true
15:11:42.319 #588 paneMemGuard.scan panes=3 maxMB=4 thresholdMB=8192 warned=0 scope=0
15:11:46.417 #589 paneMemGuard.scan panes=3 maxMB=4 thresholdMB=8192 warned=0 scope=1
15:11:47.205 #590 session.save.skipped reason=unchanged_autosave_fingerprint includeScrollback=0 source=timer
15:11:47.205 #591 typing.phase probe=session.autosaveTick.phase totalMs=865.04 loadMs=864.41 fingerprintMs=0.24 source=timer
15:11:47.205 #592 typing.timing probe=session.autosaveTick elapsedMs=865.09 source=timer
15:11:50.283 #593 paneMemGuard.scan panes=3 maxMB=4 thresholdMB=8192 warned=0 scope=1
15:11:54.374 #594 paneMemGuard.scan panes=3 maxMB=4 thresholdMB=8192 warned=0 scope=0
15:11:55.200 #595 session.save.skipped reason=unchanged_autosave_fingerprint includeScrollback=0 source=timer
15:11:55.200 #596 typing.phase probe=session.autosaveTick.phase totalMs=862.54 loadMs=861.96 fingerprintMs=0.25 source=timer
15:11:55.200 #597 typing.timing probe=session.autosaveTick elapsedMs=862.59 source=timer
15:11:58.383 #598 paneMemGuard.scan panes=3 maxMB=4 thresholdMB=8192 warned=0 scope=0
15:12:02.379 #599 paneMemGuard.scan panes=3 maxMB=4 thresholdMB=8192 warned=0 scope=0
15:12:03.185 #600 session.save.skipped reason=unchanged_autosave_fingerprint includeScrollback=0 source=timer
15:12:03.185 #601 typing.phase probe=session.autosaveTick.phase totalMs=846.43 loadMs=845.90 fingerprintMs=0.23 source=timer
15:12:03.185 #602 typing.timing probe=session.autosaveTick elapsedMs=846.48 source=timer
15:12:06.342 #603 paneMemGuard.scan panes=3 maxMB=4 thresholdMB=8192 warned=0 scope=1
15:12:10.379 #604 paneMemGuard.scan panes=3 maxMB=4 thresholdMB=8192 warned=0 scope=0
15:12:11.186 #605 session.save.skipped reason=unchanged_autosave_fingerprint includeScrollback=0 source=timer
15:12:11.186 #606 typing.phase probe=session.autosaveTick.phase totalMs=845.99 loadMs=845.38 fingerprintMs=0.25 source=timer
15:12:11.186 #607 typing.timing probe=session.autosaveTick elapsedMs=846.04 source=timer
15:12:14.393 #608 paneMemGuard.scan panes=3 maxMB=4 thresholdMB=8192 warned=0 scope=0
15:12:18.378 #609 paneMemGuard.scan panes=3 maxMB=4 thresholdMB=8192 warned=0 scope=0
15:12:19.184 #610 session.save.skipped reason=unchanged_autosave_fingerprint includeScrollback=0 source=timer
15:12:19.184 #611 typing.phase probe=session.autosaveTick.phase totalMs=846.66 loadMs=846.09 fingerprintMs=0.24 source=timer
15:12:19.184 #612 typing.timing probe=session.autosaveTick elapsedMs=846.71 source=timer
15:12:22.341 #613 paneMemGuard.scan panes=3 maxMB=4 thresholdMB=8192 warned=0 scope=1
15:12:26.383 #614 paneMemGuard.scan panes=3 maxMB=4 thresholdMB=8192 warned=0 scope=0
15:12:27.205 #615 session.save.skipped reason=unchanged_autosave_fingerprint includeScrollback=0 source=timer
15:12:27.205 #616 typing.phase probe=session.autosaveTick.phase totalMs=864.73 loadMs=864.27 fingerprintMs=0.22 source=timer
15:12:27.205 #617 typing.timing probe=session.autosaveTick elapsedMs=864.78 source=timer
15:12:30.371 #618 paneMemGuard.scan panes=3 maxMB=4 thresholdMB=8192 warned=0 scope=0
15:12:34.814 #619 paneMemGuard.scan panes=3 maxMB=4 thresholdMB=8192 warned=0 scope=1
15:12:35.304 #620 monitorMemory.capture window=A6093D88 reason=sessionSnapshot sig=[1d …E8634E@0,0,2560x1440] frame={x=780.0 y=532.0 w=1000.0 h=700.0} rememberedConfigs=1
15:12:35.305 #621 session.save includeScrollback=0 windows=1
15:12:35.305 #622 session.save.window idx=0 frame={x=780.0 y=532.0 w=1000.0 h=700.0} display={id=4 frame={x=0.0 y=0.0 w=2560.0 h=1440.0} visible={x=0.0 y=0.0 w=2560.0 h=1410.0}} workspaces=3 selected=0
15:12:35.305 #623 typing.timing probe=session.saveSnapshot elapsedMs=1.49 includeScrollback=0 removeWhenEmpty=0 sync=0
15:12:35.305 #624 typing.phase probe=session.autosaveTick.phase totalMs=964.58 loadMs=962.55 fingerprintMs=0.27 saveMs=1.52 source=timer
15:12:35.305 #625 typing.timing probe=session.autosaveTick elapsedMs=964.62 source=timer
15:12:35.328 #626 sidebar.table.rowsBuild items=3
15:12:35.369 #627 sidebar.table.rowsBuild items=3
15:12:35.398 #628 sidebar.table.rowsBuild items=3
15:12:38.339 #629 paneMemGuard.scan panes=3 maxMB=4 thresholdMB=8192 warned=0 scope=1
15:12:42.365 #630 paneMemGuard.scan panes=3 maxMB=4 thresholdMB=8192 warned=0 scope=0
15:12:43.212 #631 session.save.skipped reason=unchanged_autosave_fingerprint includeScrollback=0 source=timer
15:12:43.212 #632 typing.phase probe=session.autosaveTick.phase totalMs=874.82 loadMs=874.31 fingerprintMs=0.23 source=timer
15:12:43.213 #633 typing.timing probe=session.autosaveTick elapsedMs=874.88 source=timer
15:12:46.377 #634 paneMemGuard.scan panes=3 maxMB=4 thresholdMB=8192 warned=0 scope=0
15:12:50.396 #635 paneMemGuard.scan panes=3 maxMB=4 thresholdMB=8192 warned=0 scope=0
15:12:51.218 #636 session.save.skipped reason=unchanged_autosave_fingerprint includeScrollback=0 source=timer
15:12:51.218 #637 typing.phase probe=session.autosaveTick.phase totalMs=879.63 loadMs=879.13 fingerprintMs=0.23 source=timer
15:12:51.218 #638 typing.timing probe=session.autosaveTick elapsedMs=879.68 source=timer
15:12:54.338 #639 paneMemGuard.scan panes=3 maxMB=4 thresholdMB=8192 warned=0 scope=1
[2026-08-25T22:12:57Z] auth: file.compareAndSet: matches=true hasNewRefresh=true hasNewAccess=true
[2026-08-25T22:12:57Z] auth: file.setTokens: hasAccess=true hasRefresh=true
15:12:58.426 #640 paneMemGuard.scan panes=3 maxMB=4 thresholdMB=8192 warned=0 scope=1
15:12:59.236 #641 session.save.skipped reason=unchanged_autosave_fingerprint includeScrollback=0 source=timer
15:12:59.236 #642 typing.phase probe=session.autosaveTick.phase totalMs=895.53 loadMs=895.01 fingerprintMs=0.25 source=timer
15:12:59.236 #643 typing.timing probe=session.autosaveTick elapsedMs=895.58 source=timer
15:13:02.642 #644 paneMemGuard.scan panes=3 maxMB=4 thresholdMB=8192 warned=0 scope=0
15:13:06.388 #645 paneMemGuard.scan panes=3 maxMB=4 thresholdMB=8192 warned=0 scope=0
15:13:07.341 #646 session.save.skipped reason=unchanged_autosave_fingerprint includeScrollback=0 source=timer
15:13:07.341 #647 typing.phase probe=session.autosaveTick.phase totalMs=1000.63 loadMs=1000.05 fingerprintMs=0.25 source=timer
15:13:07.341 #648 typing.timing probe=session.autosaveTick elapsedMs=1000.69 source=timer
15:13:10.340 #649 paneMemGuard.scan panes=3 maxMB=4 thresholdMB=8192 warned=0 scope=1
15:13:14.393 #650 paneMemGuard.scan panes=3 maxMB=4 thresholdMB=8192 warned=0 scope=0
15:13:15.198 #651 session.save.skipped reason=unchanged_autosave_fingerprint includeScrollback=0 source=timer
15:13:15.198 #652 typing.phase probe=session.autosaveTick.phase totalMs=857.35 loadMs=856.67 fingerprintMs=0.25 source=timer
15:13:15.198 #653 typing.timing probe=session.autosaveTick elapsedMs=857.41 source=timer
15:13:18.378 #654 paneMemGuard.scan panes=3 maxMB=4 thresholdMB=8192 warned=0 scope=0
15:13:22.379 #655 paneMemGuard.scan panes=3 maxMB=4 thresholdMB=8192 warned=0 scope=0
15:13:23.192 #656 session.save.skipped reason=unchanged_autosave_fingerprint includeScrollback=0 source=timer
15:13:23.192 #657 typing.phase probe=session.autosaveTick.phase totalMs=852.18 loadMs=851.67 fingerprintMs=0.24 source=timer
15:13:23.192 #658 typing.timing probe=session.autosaveTick elapsedMs=852.22 source=timer
15:13:26.340 #659 paneMemGuard.scan panes=3 maxMB=4 thresholdMB=8192 warned=0 scope=1
15:13:30.849 #660 paneMemGuard.scan panes=3 maxMB=4 thresholdMB=8192 warned=0 scope=1
15:13:31.215 #661 session.save.skipped reason=unchanged_autosave_fingerprint includeScrollback=0 source=timer
15:13:31.216 #662 typing.phase probe=session.autosaveTick.phase totalMs=875.39 loadMs=874.76 fingerprintMs=0.23 source=timer
15:13:31.216 #663 typing.timing probe=session.autosaveTick elapsedMs=875.46 source=timer
15:13:34.412 #664 paneMemGuard.scan panes=3 maxMB=4 thresholdMB=8192 warned=0 scope=0
15:13:38.503 #665 paneMemGuard.scan panes=3 maxMB=4 thresholdMB=8192 warned=0 scope=1
15:13:39.293 #666 monitorMemory.capture window=A6093D88 reason=sessionSnapshot sig=[1d …E8634E@0,0,2560x1440] frame={x=780.0 y=532.0 w=1000.0 h=700.0} rememberedConfigs=1
15:13:39.293 #667 session.save includeScrollback=0 windows=1
15:13:39.294 #668 session.save.window idx=0 frame={x=780.0 y=532.0 w=1000.0 h=700.0} display={id=4 frame={x=0.0 y=0.0 w=2560.0 h=1440.0} visible={x=0.0 y=0.0 w=2560.0 h=1410.0}} workspaces=3 selected=0
15:13:39.294 #669 typing.timing probe=session.saveSnapshot elapsedMs=1.08 includeScrollback=0 removeWhenEmpty=0 sync=0
15:13:39.294 #670 typing.phase probe=session.autosaveTick.phase totalMs=955.16 loadMs=953.59 fingerprintMs=0.25 saveMs=1.10 source=timer
15:13:39.294 #671 typing.timing probe=session.autosaveTick elapsedMs=955.19 source=timer
15:13:39.320 #672 sidebar.table.rowsBuild items=3
15:13:39.342 #673 sidebar.table.rowsBuild items=3
15:13:39.411 #674 sidebar.table.rowsBuild items=3
15:13:42.338 #675 paneMemGuard.scan panes=3 maxMB=4 thresholdMB=8192 warned=0 scope=1
15:13:46.704 #676 paneMemGuard.scan panes=3 maxMB=4 thresholdMB=8192 warned=0 scope=1
15:13:47.291 #677 session.save.skipped reason=unchanged_autosave_fingerprint includeScrollback=0 source=timer
15:13:47.291 #678 typing.phase probe=session.autosaveTick.phase totalMs=951.22 loadMs=950.51 fingerprintMs=0.32 source=timer
15:13:47.292 #679 typing.timing probe=session.autosaveTick elapsedMs=951.29 source=timer
15:13:50.600 #680 paneMemGuard.scan panes=3 maxMB=4 thresholdMB=8192 warned=0 scope=0
15:13:54.460 #681 paneMemGuard.scan panes=3 maxMB=4 thresholdMB=8192 warned=0 scope=1
15:13:55.380 #682 session.save.skipped reason=unchanged_autosave_fingerprint includeScrollback=0 source=timer
15:13:55.380 #683 typing.phase probe=session.autosaveTick.phase totalMs=1039.87 loadMs=1039.35 fingerprintMs=0.26 source=timer
15:13:55.380 #684 typing.timing probe=session.autosaveTick elapsedMs=1039.92 source=timer
15:13:58.340 #685 paneMemGuard.scan panes=3 maxMB=4 thresholdMB=8192 warned=0 scope=1
15:14:02.419 #686 paneMemGuard.scan panes=3 maxMB=4 thresholdMB=8192 warned=0 scope=1
15:14:03.204 #687 session.save.skipped reason=unchanged_autosave_fingerprint includeScrollback=0 source=timer
15:14:03.205 #688 typing.phase probe=session.autosaveTick.phase totalMs=863.62 loadMs=862.84 fingerprintMs=0.38 source=timer
15:14:03.205 #689 typing.timing probe=session.autosaveTick elapsedMs=863.70 source=timer
15:14:06.376 #690 paneMemGuard.scan panes=3 maxMB=4 thresholdMB=8192 warned=0 scope=0
15:14:10.388 #691 paneMemGuard.scan panes=3 maxMB=4 thresholdMB=8192 warned=0 scope=0
15:14:11.252 #692 session.save.skipped reason=unchanged_autosave_fingerprint includeScrollback=0 source=timer
15:14:11.253 #693 typing.phase probe=session.autosaveTick.phase totalMs=912.35 loadMs=911.78 fingerprintMs=0.27 source=timer
15:14:11.253 #694 typing.timing probe=session.autosaveTick elapsedMs=912.40 source=timer
15:14:14.340 #695 paneMemGuard.scan panes=3 maxMB=4 thresholdMB=8192 warned=0 scope=1
[2026-08-25T22:14:15Z] auth: file.compareAndSet: matches=true hasNewRefresh=true hasNewAccess=true
[2026-08-25T22:14:15Z] auth: file.setTokens: hasAccess=true hasRefresh=true
15:14:18.567 #696 paneMemGuard.scan panes=3 maxMB=4 thresholdMB=8192 warned=0 scope=1
15:14:19.358 #697 session.save.skipped reason=unchanged_autosave_fingerprint includeScrollback=0 source=timer
15:14:19.358 #698 typing.phase probe=session.autosaveTick.phase totalMs=1021.26 loadMs=1020.67 fingerprintMs=0.25 source=timer
15:14:19.358 #699 typing.timing probe=session.autosaveTick elapsedMs=1021.31 source=timer
15:14:22.384 #700 paneMemGuard.scan panes=3 maxMB=4 thresholdMB=8192 warned=0 scope=0
15:14:26.385 #701 paneMemGuard.scan panes=3 maxMB=4 thresholdMB=8192 warned=0 scope=0
15:14:27.258 #702 session.save.skipped reason=unchanged_autosave_fingerprint includeScrollback=0 source=timer
15:14:27.258 #703 typing.phase probe=session.autosaveTick.phase totalMs=917.91 loadMs=917.28 fingerprintMs=0.27 source=timer
15:14:27.258 #704 typing.timing probe=session.autosaveTick elapsedMs=917.96 source=timer
15:14:30.341 #705 paneMemGuard.scan panes=3 maxMB=4 thresholdMB=8192 warned=0 scope=1
15:14:34.382 #706 paneMemGuard.scan panes=3 maxMB=4 thresholdMB=8192 warned=0 scope=0
15:14:35.240 #707 session.save.skipped reason=unchanged_autosave_fingerprint includeScrollback=0 source=timer
15:14:35.240 #708 typing.phase probe=session.autosaveTick.phase totalMs=900.28 loadMs=899.78 fingerprintMs=0.23 source=timer
15:14:35.240 #709 typing.timing probe=session.autosaveTick elapsedMs=900.33 source=timer
15:14:38.432 #710 paneMemGuard.scan panes=3 maxMB=4 thresholdMB=8192 warned=0 scope=0
15:14:42.382 #711 paneMemGuard.scan panes=3 maxMB=4 thresholdMB=8192 warned=0 scope=0
15:14:43.252 #712 monitorMemory.capture window=A6093D88 reason=sessionSnapshot sig=[1d …E8634E@0,0,2560x1440] frame={x=780.0 y=532.0 w=1000.0 h=700.0} rememberedConfigs=1
15:14:43.253 #713 session.save includeScrollback=0 windows=1
15:14:43.253 #714 session.save.window idx=0 frame={x=780.0 y=532.0 w=1000.0 h=700.0} display={id=4 frame={x=0.0 y=0.0 w=2560.0 h=1440.0} visible={x=0.0 y=0.0 w=2560.0 h=1410.0}} workspaces=3 selected=0
15:14:43.253 #715 typing.timing probe=session.saveSnapshot elapsedMs=1.23 includeScrollback=0 removeWhenEmpty=0 sync=0
15:14:43.253 #716 typing.phase probe=session.autosaveTick.phase totalMs=911.61 loadMs=909.29 fingerprintMs=0.82 saveMs=1.26 source=timer
15:14:43.253 #717 typing.timing probe=session.autosaveTick elapsedMs=911.65 source=timer
15:14:43.286 #718 sidebar.table.rowsBuild items=3
15:14:43.312 #719 sidebar.table.rowsBuild items=3
15:14:43.344 #720 sidebar.table.rowsBuild items=3
15:14:46.340 #721 paneMemGuard.scan panes=3 maxMB=4 thresholdMB=8192 warned=0 scope=1
15:14:50.437 #722 paneMemGuard.scan panes=3 maxMB=4 thresholdMB=8192 warned=0 scope=1
15:14:51.286 #723 session.save.skipped reason=unchanged_autosave_fingerprint includeScrollback=0 source=timer
15:14:51.287 #724 typing.phase probe=session.autosaveTick.phase totalMs=948.80 loadMs=948.22 fingerprintMs=0.24 source=timer
15:14:51.287 #725 typing.timing probe=session.autosaveTick elapsedMs=948.85 source=timer
15:14:54.400 #726 paneMemGuard.scan panes=3 maxMB=4 thresholdMB=8192 warned=0 scope=0
15:14:58.439 #727 paneMemGuard.scan panes=3 maxMB=4 thresholdMB=8192 warned=0 scope=1
15:14:59.262 #728 session.save.skipped reason=unchanged_autosave_fingerprint includeScrollback=0 source=timer
15:14:59.262 #729 typing.phase probe=session.autosaveTick.phase totalMs=922.50 loadMs=921.89 fingerprintMs=0.27 source=timer
15:14:59.262 #730 typing.timing probe=session.autosaveTick elapsedMs=922.56 source=timer
15:15:02.297 #731 paneMemGuard.scan panes=3 maxMB=4 thresholdMB=8192 warned=0 scope=1
15:15:06.380 #732 paneMemGuard.scan panes=3 maxMB=4 thresholdMB=8192 warned=0 scope=0
15:15:07.276 #733 session.save.skipped reason=unchanged_autosave_fingerprint includeScrollback=0 source=timer
15:15:07.276 #734 typing.phase probe=session.autosaveTick.phase totalMs=935.30 loadMs=934.74 fingerprintMs=0.23 source=timer
15:15:07.276 #735 typing.timing probe=session.autosaveTick elapsedMs=935.36 source=timer
15:15:10.393 #736 paneMemGuard.scan panes=3 maxMB=4 thresholdMB=8192 warned=0 scope=0
15:15:14.382 #737 paneMemGuard.scan panes=3 maxMB=4 thresholdMB=8192 warned=0 scope=0
15:15:15.244 #738 session.save.skipped reason=unchanged_autosave_fingerprint includeScrollback=0 source=timer
15:15:15.245 #739 typing.phase probe=session.autosaveTick.phase totalMs=906.68 loadMs=906.13 fingerprintMs=0.23 source=timer
15:15:15.245 #740 typing.timing probe=session.autosaveTick elapsedMs=906.73 source=timer
15:15:18.344 #741 paneMemGuard.scan panes=3 maxMB=4 thresholdMB=8192 warned=0 scope=1
15:15:20.138 #742 sidebar.table.rowsBuild items=3
15:15:20.178 #743 sidebar.table.rowsBuild items=3
15:15:22.411 #744 paneMemGuard.scan panes=3 maxMB=4 thresholdMB=8192 warned=0 scope=1
15:15:23.222 #745 session.save.skipped reason=unchanged_autosave_fingerprint includeScrollback=0 source=timer
15:15:23.223 #746 typing.phase probe=session.autosaveTick.phase totalMs=883.47 loadMs=882.94 fingerprintMs=0.24 source=timer
15:15:23.223 #747 typing.timing probe=session.autosaveTick elapsedMs=883.52 source=timer
15:15:26.533 #748 paneMemGuard.scan panes=3 maxMB=4 thresholdMB=8192 warned=0 scope=0
15:15:30.382 #749 paneMemGuard.scan panes=3 maxMB=4 thresholdMB=8192 warned=0 scope=1
15:15:31.309 #750 session.save.skipped reason=unchanged_autosave_fingerprint includeScrollback=0 source=timer
15:15:31.310 #751 typing.phase probe=session.autosaveTick.phase totalMs=968.72 loadMs=968.23 fingerprintMs=0.23 source=timer
15:15:31.310 #752 typing.timing probe=session.autosaveTick elapsedMs=968.77 source=timer
[2026-08-25T22:15:32Z] auth: file.compareAndSet: matches=true hasNewRefresh=true hasNewAccess=true
[2026-08-25T22:15:32Z] auth: file.setTokens: hasAccess=true hasRefresh=true
15:15:34.401 #753 paneMemGuard.scan panes=3 maxMB=4 thresholdMB=8192 warned=0 scope=1
15:15:38.491 #754 paneMemGuard.scan panes=3 maxMB=4 thresholdMB=8192 warned=0 scope=1
15:15:39.301 #755 session.save.skipped reason=unchanged_autosave_fingerprint includeScrollback=0 source=timer
15:15:39.301 #756 typing.phase probe=session.autosaveTick.phase totalMs=963.13 loadMs=962.45 fingerprintMs=0.27 source=timer
15:15:39.301 #757 typing.timing probe=session.autosaveTick elapsedMs=963.19 source=timer
15:15:42.474 #758 paneMemGuard.scan panes=3 maxMB=4 thresholdMB=8192 warned=0 scope=0
15:15:46.494 #759 paneMemGuard.scan panes=3 maxMB=4 thresholdMB=8192 warned=0 scope=1
15:15:47.266 #760 monitorMemory.capture window=A6093D88 reason=sessionSnapshot sig=[1d …E8634E@0,0,2560x1440] frame={x=780.0 y=532.0 w=1000.0 h=700.0} rememberedConfigs=1
15:15:47.266 #761 session.save includeScrollback=0 windows=1
15:15:47.267 #762 session.save.window idx=0 frame={x=780.0 y=532.0 w=1000.0 h=700.0} display={id=4 frame={x=0.0 y=0.0 w=2560.0 h=1440.0} visible={x=0.0 y=0.0 w=2560.0 h=1410.0}} workspaces=3 selected=0
15:15:47.267 #763 typing.timing probe=session.saveSnapshot elapsedMs=1.26 includeScrollback=0 removeWhenEmpty=0 sync=0
15:15:47.267 #764 typing.phase probe=session.autosaveTick.phase totalMs=927.17 loadMs=925.27 fingerprintMs=0.33 saveMs=1.29 source=timer
15:15:47.267 #765 typing.timing probe=session.autosaveTick elapsedMs=927.21 source=timer
15:15:47.278 #766 sidebar.table.rowsBuild items=3
15:15:47.302 #767 sidebar.table.rowsBuild items=3
15:15:47.345 #768 sidebar.table.rowsBuild items=3
15:15:47.383 #769 sidebar.table.rowsBuild items=3
15:15:50.342 #770 paneMemGuard.scan panes=3 maxMB=4 thresholdMB=8192 warned=0 scope=1
15:15:54.523 #771 paneMemGuard.scan panes=3 maxMB=4 thresholdMB=8192 warned=0 scope=1
15:15:55.231 #772 session.save.skipped reason=unchanged_autosave_fingerprint includeScrollback=0 source=timer
15:15:55.231 #773 typing.phase probe=session.autosaveTick.phase totalMs=890.67 loadMs=890.15 fingerprintMs=0.24 source=timer
15:15:55.231 #774 typing.timing probe=session.autosaveTick elapsedMs=890.72 source=timer
15:15:59.070 #775 paneMemGuard.scan panes=3 maxMB=4 thresholdMB=8192 warned=0 scope=0
15:16:02.519 #776 paneMemGuard.scan panes=3 maxMB=4 thresholdMB=8192 warned=0 scope=1
15:16:03.368 #777 session.save.skipped reason=unchanged_autosave_fingerprint includeScrollback=0 source=timer
15:16:03.368 #778 typing.phase probe=session.autosaveTick.phase totalMs=1028.05 loadMs=1027.38 fingerprintMs=0.26 source=timer
15:16:03.368 #779 typing.timing probe=session.autosaveTick elapsedMs=1028.10 source=timer
15:16:06.344 #780 paneMemGuard.scan panes=3 maxMB=4 thresholdMB=8192 warned=0 scope=1
15:16:10.395 #781 paneMemGuard.scan panes=3 maxMB=4 thresholdMB=8192 warned=0 scope=0
15:16:11.239 #782 session.save.skipped reason=unchanged_autosave_fingerprint includeScrollback=0 source=timer
15:16:11.239 #783 typing.phase probe=session.autosaveTick.phase totalMs=899.26 loadMs=898.70 fingerprintMs=0.26 source=timer
15:16:11.239 #784 typing.timing probe=session.autosaveTick elapsedMs=899.32 source=timer
15:16:14.583 #785 paneMemGuard.scan panes=3 maxMB=4 thresholdMB=8192 warned=0 scope=0
15:16:18.396 #786 paneMemGuard.scan panes=3 maxMB=4 thresholdMB=8192 warned=0 scope=1
15:16:19.237 #787 session.save.skipped reason=unchanged_autosave_fingerprint includeScrollback=0 source=timer
15:16:19.238 #788 typing.phase probe=session.autosaveTick.phase totalMs=897.18 loadMs=896.66 fingerprintMs=0.23 source=timer
15:16:19.238 #789 typing.timing probe=session.autosaveTick elapsedMs=897.24 source=timer
15:16:22.322 #790 paneMemGuard.scan panes=3 maxMB=4 thresholdMB=8192 warned=0 scope=1
15:16:26.449 #791 paneMemGuard.scan panes=3 maxMB=4 thresholdMB=8192 warned=0 scope=1
15:16:27.237 #792 session.save.skipped reason=unchanged_autosave_fingerprint includeScrollback=0 source=timer
15:16:27.237 #793 typing.phase probe=session.autosaveTick.phase totalMs=898.96 loadMs=898.31 fingerprintMs=0.26 source=timer
15:16:27.237 #794 typing.timing probe=session.autosaveTick elapsedMs=899.02 source=timer
15:16:30.481 #795 paneMemGuard.scan panes=3 maxMB=4 thresholdMB=8192 warned=0 scope=0
15:16:34.414 #796 paneMemGuard.scan panes=3 maxMB=4 thresholdMB=8192 warned=0 scope=1
15:16:35.281 #797 session.save.skipped reason=unchanged_autosave_fingerprint includeScrollback=0 source=timer
15:16:35.281 #798 typing.phase probe=session.autosaveTick.phase totalMs=942.37 loadMs=941.78 fingerprintMs=0.24 source=timer
15:16:35.281 #799 typing.timing probe=session.autosaveTick elapsedMs=942.42 source=timer
15:16:38.341 #800 paneMemGuard.scan panes=3 maxMB=4 thresholdMB=8192 warned=0 scope=1
15:16:38.952 #801 sidebar.table.rowsBuild items=3
15:16:38.991 #802 sidebar.table.rowsBuild items=3
15:16:39.031 #803 sidebar.table.rowsBuild items=3
15:16:42.375 #804 paneMemGuard.scan panes=3 maxMB=4 thresholdMB=8192 warned=0 scope=1
15:16:43.163 #805 session.save.skipped reason=unchanged_autosave_fingerprint includeScrollback=0 source=timer
15:16:43.163 #806 typing.phase probe=session.autosaveTick.phase totalMs=822.54 loadMs=821.94 fingerprintMs=0.23 source=timer
15:16:43.163 #807 typing.timing probe=session.autosaveTick elapsedMs=822.59 source=timer
15:16:46.374 #808 paneMemGuard.scan panes=3 maxMB=4 thresholdMB=8192 warned=0 scope=0
[2026-08-25T22:16:49Z] auth: file.compareAndSet: matches=true hasNewRefresh=true hasNewAccess=true
[2026-08-25T22:16:49Z] auth: file.setTokens: hasAccess=true hasRefresh=true
15:16:50.381 #809 paneMemGuard.scan panes=3 maxMB=4 thresholdMB=8192 warned=0 scope=0
15:16:52.861 #810 monitorMemory.capture window=A6093D88 reason=sessionSnapshot sig=[1d …E8634E@0,0,2560x1440] frame={x=780.0 y=532.0 w=1000.0 h=700.0} rememberedConfigs=1
15:16:52.862 #811 session.save includeScrollback=0 windows=1
15:16:52.862 #812 session.save.window idx=0 frame={x=780.0 y=532.0 w=1000.0 h=700.0} display={id=4 frame={x=0.0 y=0.0 w=2560.0 h=1440.0} visible={x=0.0 y=0.0 w=2560.0 h=1410.0}} workspaces=3 selected=0
15:16:52.862 #813 typing.timing probe=session.saveSnapshot elapsedMs=1.14 includeScrollback=0 removeWhenEmpty=0 sync=0
15:16:52.862 #814 typing.phase probe=session.autosaveTick.phase totalMs=2523.99 loadMs=2522.37 fingerprintMs=0.23 saveMs=1.16 source=timer
15:16:52.862 #815 typing.timing probe=session.autosaveTick elapsedMs=2524.02 source=timer
15:16:52.888 #816 sidebar.table.rowsBuild items=3
15:16:52.926 #817 sidebar.table.rowsBuild items=3
15:16:52.960 #818 sidebar.table.rowsBuild items=3
15:16:54.325 #819 paneMemGuard.scan panes=3 maxMB=4 thresholdMB=8192 warned=0 scope=1
15:16:58.368 #820 paneMemGuard.scan panes=3 maxMB=4 thresholdMB=8192 warned=0 scope=1
15:16:59.140 #821 session.save.skipped reason=unchanged_autosave_fingerprint includeScrollback=0 source=timer
15:16:59.140 #822 typing.phase probe=session.autosaveTick.phase totalMs=854.72 loadMs=854.09 fingerprintMs=0.23 source=timer
15:16:59.140 #823 typing.timing probe=session.autosaveTick elapsedMs=854.77 source=timer
15:17:02.393 #824 paneMemGuard.scan panes=3 maxMB=4 thresholdMB=8192 warned=0 scope=0
15:17:06.523 #825 paneMemGuard.scan panes=3 maxMB=4 thresholdMB=8192 warned=0 scope=1
15:17:07.282 #826 session.save.skipped reason=unchanged_autosave_fingerprint includeScrollback=0 source=timer
15:17:07.283 #827 typing.phase probe=session.autosaveTick.phase totalMs=973.20 loadMs=972.42 fingerprintMs=0.39 source=timer
15:17:07.283 #828 typing.timing probe=session.autosaveTick elapsedMs=973.26 source=timer
15:17:10.339 #829 paneMemGuard.scan panes=3 maxMB=4 thresholdMB=8192 warned=0 scope=1
15:17:14.567 #830 paneMemGuard.scan panes=3 maxMB=4 thresholdMB=8192 warned=0 scope=1
15:17:15.284 #831 session.save.skipped reason=unchanged_autosave_fingerprint includeScrollback=0 source=timer
15:17:15.284 #832 typing.phase probe=session.autosaveTick.phase totalMs=942.77 loadMs=942.17 fingerprintMs=0.25 source=timer
15:17:15.284 #833 typing.timing probe=session.autosaveTick elapsedMs=942.83 source=timer
15:17:18.380 #834 paneMemGuard.scan panes=3 maxMB=4 thresholdMB=8192 warned=0 scope=0
15:17:22.415 #835 paneMemGuard.scan panes=3 maxMB=4 thresholdMB=8192 warned=0 scope=1
15:17:23.343 #836 session.save.skipped reason=unchanged_autosave_fingerprint includeScrollback=0 source=timer
15:17:23.343 #837 typing.phase probe=session.autosaveTick.phase totalMs=1004.01 loadMs=1003.41 fingerprintMs=0.24 source=timer
15:17:23.343 #838 typing.timing probe=session.autosaveTick elapsedMs=1004.06 source=timer
15:17:26.352 #839 paneMemGuard.scan panes=3 maxMB=4 thresholdMB=8192 warned=0 scope=1
15:17:30.385 #840 paneMemGuard.scan panes=3 maxMB=4 thresholdMB=8192 warned=0 scope=0
15:17:31.182 #841 session.save.skipped reason=unchanged_autosave_fingerprint includeScrollback=0 source=timer
15:17:31.182 #842 typing.phase probe=session.autosaveTick.phase totalMs=841.28 loadMs=840.63 fingerprintMs=0.28 source=timer
15:17:31.182 #843 typing.timing probe=session.autosaveTick elapsedMs=841.33 source=timer
15:17:34.412 #844 paneMemGuard.scan panes=3 maxMB=4 thresholdMB=8192 warned=0 scope=0
15:17:38.568 #845 paneMemGuard.scan panes=3 maxMB=4 thresholdMB=8192 warned=0 scope=1
15:17:39.353 #846 session.save.skipped reason=unchanged_autosave_fingerprint includeScrollback=0 source=timer
15:17:39.354 #847 typing.phase probe=session.autosaveTick.phase totalMs=1011.97 loadMs=1011.45 fingerprintMs=0.24 source=timer
15:17:39.354 #848 typing.timing probe=session.autosaveTick elapsedMs=1012.03 source=timer
15:17:42.341 #849 paneMemGuard.scan panes=3 maxMB=4 thresholdMB=8192 warned=0 scope=1
15:17:46.376 #850 paneMemGuard.scan panes=3 maxMB=4 thresholdMB=8192 warned=0 scope=0
15:17:47.371 #851 session.save.skipped reason=unchanged_autosave_fingerprint includeScrollback=0 source=timer
15:17:47.372 #852 typing.phase probe=session.autosaveTick.phase totalMs=1031.59 loadMs=1031.05 fingerprintMs=0.23 source=timer
15:17:47.372 #853 typing.timing probe=session.autosaveTick elapsedMs=1031.64 source=timer
15:17:50.388 #854 paneMemGuard.scan panes=3 maxMB=4 thresholdMB=8192 warned=0 scope=0
15:17:54.378 #855 paneMemGuard.scan panes=3 maxMB=4 thresholdMB=8192 warned=0 scope=0
15:17:55.251 #856 monitorMemory.capture window=A6093D88 reason=sessionSnapshot sig=[1d …E8634E@0,0,2560x1440] frame={x=780.0 y=532.0 w=1000.0 h=700.0} rememberedConfigs=1
15:17:55.251 #857 session.save includeScrollback=0 windows=1
15:17:55.252 #858 session.save.window idx=0 frame={x=780.0 y=532.0 w=1000.0 h=700.0} display={id=4 frame={x=0.0 y=0.0 w=2560.0 h=1440.0} visible={x=0.0 y=0.0 w=2560.0 h=1410.0}} workspaces=3 selected=0
15:17:55.252 #859 typing.timing probe=session.saveSnapshot elapsedMs=1.21 includeScrollback=0 removeWhenEmpty=0 sync=0
15:17:55.252 #860 typing.phase probe=session.autosaveTick.phase totalMs=911.54 loadMs=909.84 fingerprintMs=0.24 saveMs=1.24 source=timer
15:17:55.252 #861 typing.timing probe=session.autosaveTick elapsedMs=911.57 source=timer
15:17:55.280 #862 sidebar.table.rowsBuild items=3
15:17:55.304 #863 sidebar.table.rowsBuild items=3
15:17:55.351 #864 sidebar.table.rowsBuild items=3
15:17:58.341 #865 paneMemGuard.scan panes=3 maxMB=4 thresholdMB=8192 warned=0 scope=1
15:18:02.380 #866 paneMemGuard.scan panes=3 maxMB=4 thresholdMB=8192 warned=0 scope=0
15:18:03.269 #867 session.save.skipped reason=unchanged_autosave_fingerprint includeScrollback=0 source=timer
15:18:03.269 #868 typing.phase probe=session.autosaveTick.phase totalMs=927.34 loadMs=926.73 fingerprintMs=0.23 source=timer
15:18:03.269 #869 typing.timing probe=session.autosaveTick elapsedMs=927.39 source=timer
15:18:06.426 #870 paneMemGuard.scan panes=3 maxMB=4 thresholdMB=8192 warned=0 scope=0
[2026-08-25T22:18:06Z] auth: file.compareAndSet: matches=true hasNewRefresh=true hasNewAccess=true
[2026-08-25T22:18:06Z] auth: file.setTokens: hasAccess=true hasRefresh=true
15:18:10.787 #871 paneMemGuard.scan panes=3 maxMB=4 thresholdMB=8192 warned=0 scope=1
15:18:11.295 #872 session.save.skipped reason=unchanged_autosave_fingerprint includeScrollback=0 source=timer
15:18:11.296 #873 typing.phase probe=session.autosaveTick.phase totalMs=956.52 loadMs=955.85 fingerprintMs=0.38 source=timer
15:18:11.296 #874 typing.timing probe=session.autosaveTick elapsedMs=956.58 source=timer
15:18:14.342 #875 paneMemGuard.scan panes=3 maxMB=4 thresholdMB=8192 warned=0 scope=1
15:18:18.579 #876 paneMemGuard.scan panes=3 maxMB=4 thresholdMB=8192 warned=0 scope=1
15:18:19.393 #877 session.save.skipped reason=unchanged_autosave_fingerprint includeScrollback=0 source=timer
15:18:19.394 #878 typing.phase probe=session.autosaveTick.phase totalMs=1053.84 loadMs=1053.02 fingerprintMs=0.45 source=timer
15:18:19.394 #879 typing.timing probe=session.autosaveTick elapsedMs=1053.91 source=timer
15:18:22.372 #880 paneMemGuard.scan panes=3 maxMB=4 thresholdMB=8192 warned=0 scope=0
15:18:26.477 #881 paneMemGuard.scan panes=3 maxMB=4 thresholdMB=8192 warned=0 scope=1
15:18:27.580 #882 session.save.skipped reason=unchanged_autosave_fingerprint includeScrollback=0 source=timer
15:18:27.581 #883 typing.phase probe=session.autosaveTick.phase totalMs=1238.63 loadMs=1238.12 fingerprintMs=0.22 source=timer
15:18:27.581 #884 typing.timing probe=session.autosaveTick elapsedMs=1238.68 source=timer
15:18:30.341 #885 paneMemGuard.scan panes=3 maxMB=4 thresholdMB=8192 warned=0 scope=1
15:18:34.846 #886 paneMemGuard.scan panes=3 maxMB=4 thresholdMB=8192 warned=0 scope=1
15:18:35.314 #887 session.save.skipped reason=unchanged_autosave_fingerprint includeScrollback=0 source=timer
15:18:35.314 #888 typing.phase probe=session.autosaveTick.phase totalMs=975.27 loadMs=974.66 fingerprintMs=0.28 source=timer
15:18:35.314 #889 typing.timing probe=session.autosaveTick elapsedMs=975.33 source=timer
15:18:38.646 #890 paneMemGuard.scan panes=3 maxMB=4 thresholdMB=8192 warned=0 scope=0
15:18:42.678 #891 paneMemGuard.scan panes=3 maxMB=4 thresholdMB=8192 warned=0 scope=1
15:18:43.364 #892 session.save.skipped reason=unchanged_autosave_fingerprint includeScrollback=0 source=timer
15:18:43.364 #893 typing.phase probe=session.autosaveTick.phase totalMs=1023.93 loadMs=1023.39 fingerprintMs=0.25 source=timer
15:18:43.364 #894 typing.timing probe=session.autosaveTick elapsedMs=1023.98 source=timer
15:18:46.340 #895 paneMemGuard.scan panes=3 maxMB=4 thresholdMB=8192 warned=0 scope=1
15:18:50.741 #896 paneMemGuard.scan panes=3 maxMB=4 thresholdMB=8192 warned=0 scope=1
15:18:51.361 #897 session.save.skipped reason=unchanged_autosave_fingerprint includeScrollback=0 source=timer
15:18:51.362 #898 typing.phase probe=session.autosaveTick.phase totalMs=1019.95 loadMs=1019.22 fingerprintMs=0.37 source=timer
15:18:51.362 #899 typing.timing probe=session.autosaveTick elapsedMs=1020.01 source=timer
15:18:54.579 #900 paneMemGuard.scan panes=3 maxMB=4 thresholdMB=8192 warned=0 scope=0
15:18:58.379 #901 paneMemGuard.scan panes=3 maxMB=4 thresholdMB=8192 warned=0 scope=0
15:18:59.243 #902 monitorMemory.capture window=A6093D88 reason=sessionSnapshot sig=[1d …E8634E@0,0,2560x1440] frame={x=780.0 y=532.0 w=1000.0 h=700.0} rememberedConfigs=1
15:18:59.243 #903 session.save includeScrollback=0 windows=1
15:18:59.243 #904 session.save.window idx=0 frame={x=780.0 y=532.0 w=1000.0 h=700.0} display={id=4 frame={x=0.0 y=0.0 w=2560.0 h=1440.0} visible={x=0.0 y=0.0 w=2560.0 h=1410.0}} workspaces=3 selected=0
15:18:59.244 #905 typing.timing probe=session.saveSnapshot elapsedMs=2.37 includeScrollback=0 removeWhenEmpty=0 sync=0
15:18:59.244 #906 typing.phase probe=session.autosaveTick.phase totalMs=904.88 loadMs=901.95 fingerprintMs=0.27 saveMs=2.40 source=timer
15:18:59.244 #907 typing.timing probe=session.autosaveTick elapsedMs=904.92 source=timer
15:18:59.260 #908 sidebar.table.rowsBuild items=3
15:18:59.306 #909 sidebar.table.rowsBuild items=3
15:18:59.329 #910 sidebar.table.rowsBuild items=3
15:18:59.369 #911 sidebar.table.rowsBuild items=3
15:19:02.331 #912 paneMemGuard.scan panes=3 maxMB=4 thresholdMB=8192 warned=0 scope=1
15:19:06.522 #913 paneMemGuard.scan panes=3 maxMB=4 thresholdMB=8192 warned=0 scope=1
15:19:07.274 #914 session.save.skipped reason=unchanged_autosave_fingerprint includeScrollback=0 source=timer
15:19:07.275 #915 typing.phase probe=session.autosaveTick.phase totalMs=933.19 loadMs=932.63 fingerprintMs=0.26 source=timer
15:19:07.275 #916 typing.timing probe=session.autosaveTick elapsedMs=933.25 source=timer
15:19:10.502 #917 paneMemGuard.scan panes=3 maxMB=4 thresholdMB=8192 warned=0 scope=0
15:19:14.471 #918 paneMemGuard.scan panes=3 maxMB=4 thresholdMB=8192 warned=0 scope=1
15:19:15.325 #919 session.save.skipped reason=unchanged_autosave_fingerprint includeScrollback=0 source=timer
15:19:15.325 #920 typing.phase probe=session.autosaveTick.phase totalMs=983.58 loadMs=983.06 fingerprintMs=0.23 source=timer
15:19:15.325 #921 typing.timing probe=session.autosaveTick elapsedMs=983.64 source=timer
15:19:18.451 #922 paneMemGuard.scan panes=3 maxMB=4 thresholdMB=8192 warned=0 scope=1
15:19:22.654 #923 paneMemGuard.scan panes=3 maxMB=4 thresholdMB=8192 warned=0 scope=1
15:19:23.369 #924 session.save.skipped reason=unchanged_autosave_fingerprint includeScrollback=0 source=timer
15:19:23.369 #925 typing.phase probe=session.autosaveTick.phase totalMs=1027.25 loadMs=1026.63 fingerprintMs=0.30 source=timer
15:19:23.369 #926 typing.timing probe=session.autosaveTick elapsedMs=1027.31 source=timer
[2026-08-25T22:19:23Z] auth: file.compareAndSet: matches=true hasNewRefresh=true hasNewAccess=true
[2026-08-25T22:19:23Z] auth: file.setTokens: hasAccess=true hasRefresh=true
15:19:26.716 #927 paneMemGuard.scan panes=3 maxMB=4 thresholdMB=8192 warned=0 scope=0
15:19:30.492 #928 paneMemGuard.scan panes=3 maxMB=4 thresholdMB=8192 warned=0 scope=1
15:19:31.317 #929 session.save.skipped reason=unchanged_autosave_fingerprint includeScrollback=0 source=timer
15:19:31.317 #930 typing.phase probe=session.autosaveTick.phase totalMs=977.15 loadMs=976.59 fingerprintMs=0.24 source=timer
15:19:31.317 #931 typing.timing probe=session.autosaveTick elapsedMs=977.21 source=timer
15:19:34.339 #932 paneMemGuard.scan panes=3 maxMB=4 thresholdMB=8192 warned=0 scope=1
15:19:38.855 #933 paneMemGuard.scan panes=3 maxMB=4 thresholdMB=8192 warned=0 scope=1
15:19:39.472 #934 session.save.skipped reason=unchanged_autosave_fingerprint includeScrollback=0 source=timer
15:19:39.472 #935 typing.phase probe=session.autosaveTick.phase totalMs=1142.10 loadMs=1141.48 fingerprintMs=0.29 source=timer
15:19:39.472 #936 typing.timing probe=session.autosaveTick elapsedMs=1142.15 source=timer
15:19:42.668 #937 paneMemGuard.scan panes=3 maxMB=4 thresholdMB=8192 warned=0 scope=0
15:19:46.602 #938 paneMemGuard.scan panes=3 maxMB=4 thresholdMB=8192 warned=0 scope=1
15:19:47.404 #939 session.save.skipped reason=unchanged_autosave_fingerprint includeScrollback=0 source=timer
15:19:47.404 #940 typing.phase probe=session.autosaveTick.phase totalMs=1065.34 loadMs=1064.57 fingerprintMs=0.35 source=timer
15:19:47.404 #941 typing.timing probe=session.autosaveTick elapsedMs=1065.40 source=timer
15:19:50.580 #942 paneMemGuard.scan panes=3 maxMB=4 thresholdMB=8192 warned=0 scope=1
15:19:54.662 #943 paneMemGuard.scan panes=3 maxMB=4 thresholdMB=8192 warned=0 scope=1
15:19:55.514 #944 session.save.skipped reason=unchanged_autosave_fingerprint includeScrollback=0 source=timer
15:19:55.515 #945 typing.phase probe=session.autosaveTick.phase totalMs=1174.99 loadMs=1174.35 fingerprintMs=0.26 source=timer
15:19:55.515 #946 typing.timing probe=session.autosaveTick elapsedMs=1175.05 source=timer
15:20:00.288 #947 paneMemGuard.scan panes=3 maxMB=4 thresholdMB=8192 warned=0 scope=0
15:20:02.354 #948 paneMemGuard.scan panes=3 maxMB=4 thresholdMB=8192 warned=0 scope=0
15:20:03.433 #949 monitorMemory.capture window=A6093D88 reason=sessionSnapshot sig=[1d …E8634E@0,0,2560x1440] frame={x=780.0 y=532.0 w=1000.0 h=700.0} rememberedConfigs=1
15:20:03.433 #950 session.save includeScrollback=0 windows=1
15:20:03.433 #951 session.save.window idx=0 frame={x=780.0 y=532.0 w=1000.0 h=700.0} display={id=4 frame={x=0.0 y=0.0 w=2560.0 h=1440.0} visible={x=0.0 y=0.0 w=2560.0 h=1410.0}} workspaces=3 selected=0
15:20:03.433 #952 typing.timing probe=session.saveSnapshot elapsedMs=1.16 includeScrollback=0 removeWhenEmpty=0 sync=0
15:20:03.433 #953 typing.phase probe=session.autosaveTick.phase totalMs=1092.17 loadMs=1090.54 fingerprintMs=0.23 saveMs=1.18 source=timer
15:20:03.433 #954 typing.timing probe=session.autosaveTick elapsedMs=1092.21 source=timer
15:20:03.448 #955 sidebar.table.rowsBuild items=3
15:20:03.521 #956 sidebar.table.rowsBuild items=3
15:20:03.561 #957 sidebar.table.rowsBuild items=3
15:20:06.384 #958 paneMemGuard.scan panes=3 maxMB=4 thresholdMB=8192 warned=0 scope=1
15:20:10.765 #959 paneMemGuard.scan panes=3 maxMB=4 thresholdMB=8192 warned=0 scope=1
15:20:11.569 #960 session.save.skipped reason=unchanged_autosave_fingerprint includeScrollback=0 source=timer
15:20:11.569 #961 typing.phase probe=session.autosaveTick.phase totalMs=1226.66 loadMs=1225.58 fingerprintMs=0.70 source=timer
15:20:11.569 #962 typing.timing probe=session.autosaveTick elapsedMs=1226.75 source=timer
15:20:14.881 #963 paneMemGuard.scan panes=3 maxMB=4 thresholdMB=8192 warned=0 scope=0
15:20:18.430 #964 paneMemGuard.scan panes=3 maxMB=4 thresholdMB=8192 warned=0 scope=1
15:20:19.566 #965 session.save.skipped reason=unchanged_autosave_fingerprint includeScrollback=0 source=timer
15:20:19.567 #966 typing.phase probe=session.autosaveTick.phase totalMs=1226.46 loadMs=1225.48 fingerprintMs=0.56 source=timer
15:20:19.567 #967 typing.timing probe=session.autosaveTick elapsedMs=1226.55 source=timer
15:20:22.537 #968 paneMemGuard.scan panes=3 maxMB=4 thresholdMB=8192 warned=0 scope=1
15:20:26.605 #969 paneMemGuard.scan panes=3 maxMB=4 thresholdMB=8192 warned=0 scope=1
15:20:27.450 #970 session.save.skipped reason=unchanged_autosave_fingerprint includeScrollback=0 source=timer
15:20:27.451 #971 typing.phase probe=session.autosaveTick.phase totalMs=1109.60 loadMs=1108.86 fingerprintMs=0.34 source=timer
15:20:27.451 #972 typing.timing probe=session.autosaveTick elapsedMs=1109.66 source=timer
15:20:30.564 #973 paneMemGuard.scan panes=3 maxMB=4 thresholdMB=8192 warned=0 scope=0
15:20:33.122 #974 agentChat.state session=01a03591 idle->ended v2
15:20:34.741 #975 paneMemGuard.scan panes=3 maxMB=4 thresholdMB=8192 warned=0 scope=1
15:20:35.414 #976 session.save.skipped reason=unchanged_autosave_fingerprint includeScrollback=0 source=timer
15:20:35.414 #977 typing.phase probe=session.autosaveTick.phase totalMs=1075.90 loadMs=1075.09 fingerprintMs=0.55 source=timer
15:20:35.414 #978 typing.timing probe=session.autosaveTick elapsedMs=1075.96 source=timer
15:20:38.343 #979 paneMemGuard.scan panes=3 maxMB=4 thresholdMB=8192 warned=0 scope=1
[2026-08-25T22:20:40Z] auth: file.compareAndSet: matches=true hasNewRefresh=true hasNewAccess=true
[2026-08-25T22:20:40Z] auth: file.setTokens: hasAccess=true hasRefresh=true
15:20:42.811 #980 paneMemGuard.scan panes=3 maxMB=4 thresholdMB=8192 warned=0 scope=1
15:20:43.357 #981 session.save.skipped reason=unchanged_autosave_fingerprint includeScrollback=0 source=timer
15:20:43.357 #982 typing.phase probe=session.autosaveTick.phase totalMs=1015.96 loadMs=1015.34 fingerprintMs=0.31 source=timer
15:20:43.357 #983 typing.timing probe=session.autosaveTick elapsedMs=1016.02 source=timer
15:20:46.418 #984 paneMemGuard.scan panes=3 maxMB=4 thresholdMB=8192 warned=0 scope=0
15:20:50.525 #985 paneMemGuard.scan panes=3 maxMB=4 thresholdMB=8192 warned=0 scope=1
15:20:51.514 #986 session.save.skipped reason=unchanged_autosave_fingerprint includeScrollback=0 source=timer
15:20:51.514 #987 typing.phase probe=session.autosaveTick.phase totalMs=1173.09 loadMs=1172.39 fingerprintMs=0.32 source=timer
15:20:51.514 #988 typing.timing probe=session.autosaveTick elapsedMs=1173.15 source=timer
15:20:54.343 #989 paneMemGuard.scan panes=3 maxMB=4 thresholdMB=8192 warned=0 scope=1
15:20:58.566 #990 paneMemGuard.scan panes=3 maxMB=4 thresholdMB=8192 warned=0 scope=1
15:20:59.337 #991 session.save.skipped reason=unchanged_autosave_fingerprint includeScrollback=0 source=timer
15:20:59.337 #992 typing.phase probe=session.autosaveTick.phase totalMs=1008.96 loadMs=1008.31 fingerprintMs=0.28 source=timer
15:20:59.337 #993 typing.timing probe=session.autosaveTick elapsedMs=1009.02 source=timer
15:21:02.539 #994 paneMemGuard.scan panes=3 maxMB=4 thresholdMB=8192 warned=0 scope=0
15:21:06.800 #995 paneMemGuard.scan panes=3 maxMB=4 thresholdMB=8192 warned=0 scope=1
15:21:07.325 #996 monitorMemory.capture window=A6093D88 reason=sessionSnapshot sig=[1d …E8634E@0,0,2560x1440] frame={x=780.0 y=532.0 w=1000.0 h=700.0} rememberedConfigs=1
15:21:07.326 #997 session.save includeScrollback=0 windows=1
15:21:07.326 #998 session.save.window idx=0 frame={x=780.0 y=532.0 w=1000.0 h=700.0} display={id=4 frame={x=0.0 y=0.0 w=2560.0 h=1440.0} visible={x=0.0 y=0.0 w=2560.0 h=1410.0}} workspaces=3 selected=0
15:21:07.326 #999 typing.timing probe=session.saveSnapshot elapsedMs=1.51 includeScrollback=0 removeWhenEmpty=0 sync=0
15:21:07.326 #1000 typing.phase probe=session.autosaveTick.phase totalMs=984.98 loadMs=982.72 fingerprintMs=0.50 saveMs=1.54 source=timer
15:21:07.326 #1001 typing.timing probe=session.autosaveTick elapsedMs=985.02 source=timer
15:21:07.404 #1002 sidebar.table.rowsBuild items=3
15:21:07.415 #1003 sidebar.table.rowsBuild items=3
15:21:07.481 #1004 sidebar.table.rowsBuild items=3
15:21:07.504 #1005 sidebar.table.rowsBuild items=3
15:21:07.625 #1006 sidebar.table.rowsBuild items=3
15:21:10.343 #1007 paneMemGuard.scan panes=3 maxMB=4 thresholdMB=8192 warned=0 scope=1
15:21:27.903 #1 workspace.title.coalescing.config enabled=1 delayMs=1000 diagnostics=0
15:21:27.923 #2 loaded cmux app support ghostty config from: /Users/austinwang/Library/Application Support/com.cmuxterm.app/config.ghostty
15:21:27.990 #3 surface.attach surface=9EAC0 view=0x00000007531b0a00 attached=0 hasSurface=0 inWindow=0
15:21:27.990 #4 surface.attach.defer surface=9EAC0 reason=noWindow bounds=800.0x600.0
15:21:27.992 #5 surface.size.defer surface=9EAC0 reason=noWindow size=800.0x600.0
15:21:27.998 #6 focus.bonsplit pane=2AE2E
15:21:27.999 #7 focus.split.apply.begin workspace=E77FB pane=2AE2E tab=1CBC3 focusedPane=2AE2E selectedTab=1CBC3 reassert=1
15:21:27.999 #8 find.preparePanelFocusIntent surface=9EAC0 target=terminal
15:21:27.999 #9 find.preparePanelFocusIntent surface=9EAC0 target=terminal
15:21:27.999 #10 focus.split.moveFocus workspace=E77FB panel=9EAC0 previousExists=0 to=9EAC0
15:21:27.999 #11 find.moveFocus to=9EAC0 from=nil searchState=nil delayMs=0
15:21:28.000 #12 focus.split.ensureFocus workspace=E77FB panel=9EAC0 pane=2AE2E tab=1CBC3 intent=terminal(cmux_DEV.TerminalPanelFocusIntent.surface)
15:21:28.003 #13 focus.split.apply.end workspace=E77FB panel=9EAC0 type=TerminalPanel focusedPane=2AE2E selectedTab=1CBC3 prevPanel=9EAC0
15:21:28.003 #14 focus.bonsplit pane=2AE2E
15:21:28.003 #15 focus.split.apply.begin workspace=E77FB pane=2AE2E tab=1CBC3 focusedPane=2AE2E selectedTab=1CBC3 reassert=1
15:21:28.003 #16 find.preparePanelFocusIntent surface=9EAC0 target=terminal
15:21:28.003 #17 find.preparePanelFocusIntent surface=9EAC0 target=terminal
15:21:28.003 #18 focus.split.moveFocus workspace=E77FB panel=9EAC0 previousExists=0 to=9EAC0
15:21:28.003 #19 find.moveFocus to=9EAC0 from=nil searchState=nil delayMs=0
15:21:28.003 #20 focus.split.ensureFocus workspace=E77FB panel=9EAC0 pane=2AE2E tab=1CBC3 intent=terminal(cmux_DEV.TerminalPanelFocusIntent.surface)
15:21:28.003 #21 focus.split.apply.end workspace=E77FB panel=9EAC0 type=TerminalPanel focusedPane=2AE2E selectedTab=1CBC3 prevPanel=9EAC0
15:21:28.005 #22 workspace.gitProbe.schedule workspace=E77FB panel=9EAC0 dir=<redacted:17b> reason=initial
15:21:28.006 #23 ws.switch.begin id=1 trigger=create from=nil to=E77FB hot=0 tabs=1
15:21:28.007 #24 ws.select.didSet id=1 from=nil to=E77FB dt=0.56ms
15:21:28.018 #25 mobile.observer init tabs=1
15:21:28.026 #26 cmdclick.ui.setup skip reason=env_missing tag=issue-10753-group
15:21:28.201 #27 workspace.title.applyProcess workspace=E77FB from="Terminal 1" to="Terminal"
15:21:28.201 #28 focus.panel panel=9EAC0 pane=2AE2E trigger=standard tx=nil
15:21:28.202 #29 focus.panel.begin workspace=E77FB panel=9EAC0 trigger=standard targetPane=2AE2E focusedPane=2AE2E selectedTab=1CBC3 converged=1 currentPanel=9EAC0
15:21:28.202 #30 focus.split.apply.begin workspace=E77FB pane=2AE2E tab=1CBC3 focusedPane=2AE2E selectedTab=1CBC3 reassert=1
15:21:28.202 #31 find.preparePanelFocusIntent surface=9EAC0 target=terminal
15:21:28.202 #32 find.preparePanelFocusIntent surface=9EAC0 target=terminal
15:21:28.202 #33 focus.split.moveFocus workspace=E77FB panel=9EAC0 previousExists=1 to=9EAC0
15:21:28.202 #34 find.moveFocus to=9EAC0 from=9EAC0 searchState=nil delayMs=0
15:21:28.202 #35 focus.split.ensureFocus workspace=E77FB panel=9EAC0 pane=2AE2E tab=1CBC3 intent=terminal(cmux_DEV.TerminalPanelFocusIntent.surface)
15:21:28.202 #36 focus.split.apply.end workspace=E77FB panel=9EAC0 type=TerminalPanel focusedPane=2AE2E selectedTab=1CBC3 prevPanel=9EAC0
15:21:28.202 #37 ws.select.asyncDone id=1 dt=196.05ms selected=E77FB
[2026-08-25T22:21:28Z] auth: keychain read missed file fallback token; switching to file fallback for this session
15:21:28.440 #38 mainWindow.visibility.reveal.empty reason=applicationWillBecomeActive windows=[]
15:21:28.441 #39 mainWindow.visibility.reveal.empty reason=applicationDidBecomeActive windows=[]
15:21:28.442 #40 phoneReply.sweepScheduled reason=app-activation
15:21:28.442 #41 notification.auth app became active deferred=false
15:21:28.475 #42 notification.auth refresh status=notDetermined mapped=Not Requested
15:21:28.506 #43 workspace.title.coalescing.config enabled=1 delayMs=1000 diagnostics=0
15:21:28.511 #44 surface.attach surface=78476 view=0x00000007531b1e00 attached=0 hasSurface=0 inWindow=0
15:21:28.511 #45 surface.attach.defer surface=78476 reason=noWindow bounds=800.0x600.0
15:21:28.511 #46 surface.size.defer surface=78476 reason=noWindow size=800.0x600.0
15:21:28.512 #47 focus.split.apply.begin workspace=AD972 pane=54E9F tab=F524A focusedPane=54E9F selectedTab=F524A reassert=1
15:21:28.512 #48 find.preparePanelFocusIntent surface=78476 target=terminal
15:21:28.513 #49 find.preparePanelFocusIntent surface=78476 target=terminal
15:21:28.513 #50 focus.bonsplit pane=54E9F
15:21:28.513 #51 focus.split.moveFocus workspace=AD972 panel=78476 previousExists=0 to=78476
15:21:28.513 #52 find.moveFocus to=78476 from=nil searchState=nil delayMs=0
15:21:28.513 #53 focus.split.ensureFocus workspace=AD972 panel=78476 pane=54E9F tab=F524A intent=terminal(cmux_DEV.TerminalPanelFocusIntent.surface)
15:21:28.513 #54 focus.split.apply.end workspace=AD972 panel=78476 type=TerminalPanel focusedPane=54E9F selectedTab=F524A prevPanel=78476
15:21:28.514 #55 focus.bonsplit pane=54E9F
15:21:28.514 #56 focus.split.apply.begin workspace=AD972 pane=54E9F tab=F524A focusedPane=54E9F selectedTab=F524A reassert=1
15:21:28.514 #57 find.preparePanelFocusIntent surface=78476 target=terminal
15:21:28.514 #58 find.preparePanelFocusIntent surface=78476 target=terminal
15:21:28.514 #59 focus.split.moveFocus workspace=AD972 panel=78476 previousExists=0 to=78476
15:21:28.514 #60 find.moveFocus to=78476 from=nil searchState=nil delayMs=0
15:21:28.514 #61 focus.split.ensureFocus workspace=AD972 panel=78476 pane=54E9F tab=F524A intent=terminal(cmux_DEV.TerminalPanelFocusIntent.surface)
15:21:28.514 #62 focus.split.apply.end workspace=AD972 panel=78476 type=TerminalPanel focusedPane=54E9F selectedTab=F524A prevPanel=78476
15:21:28.514 #63 workspace.gitProbe.schedule workspace=AD972 panel=78476 dir=<redacted:17b> reason=initial
15:21:28.515 #64 ws.switch.begin id=1 trigger=create from=nil to=AD972 hot=0 tabs=1
15:21:28.515 #65 ws.select.didSet id=1 from=nil to=AD972 dt=0.67ms
15:21:28.603 #66 sidebar.table.rowsBuild items=1
15:21:28.646 #67 mainWindow.register windowId=A6093D88 window={num=30449 id=A6093D88 ident=nil key=0 main=0} manager=0x0000000751337000 priorActiveMgr=0x00000007528d0000 eventWinNum=nil eventWin={nil} keyWin={nil} mainWin={nil} activeMgr=0x00000007528d0000 activeWinId=nil activeSelected=E77FB contexts=[-A6093D88{mgr=0x0000000751337000,win=30449,key=0,main=0,tabs=1,selected=AD972}]
15:21:28.651 #68 mobile.observer init tabs=1
15:21:28.652 #69 session.restore.start windows=1 primaryFrame={x=780.0 y=532.0 w=1000.0 h=700.0} primaryDisplay={id=4 frame={x=0.0 y=0.0 w=2560.0 h=1440.0} visible={x=0.0 y=0.0 w=2560.0 h=1410.0}}
15:21:28.653 #70 session.restore.apply window=A6093D88 liveWin=30449 snapshotFrame={x=780.0 y=532.0 w=1000.0 h=700.0} snapshotDisplay={id=4 frame={x=0.0 y=0.0 w=2560.0 h=1440.0} visible={x=0.0 y=0.0 w=2560.0 h=1410.0}}
15:21:28.656 #71 surface.attach surface=05732 view=0x00000007531b3700 attached=0 hasSurface=0 inWindow=0
15:21:28.656 #72 surface.attach.defer surface=05732 reason=noWindow bounds=800.0x600.0
15:21:28.656 #73 surface.size.defer surface=05732 reason=noWindow size=800.0x600.0
15:21:28.657 #74 focus.split.apply.begin workspace=DB78C pane=586DB tab=01B9C focusedPane=586DB selectedTab=01B9C reassert=1
15:21:28.657 #75 find.preparePanelFocusIntent surface=05732 target=terminal
15:21:28.657 #76 focus.bonsplit pane=586DB
15:21:28.657 #77 find.preparePanelFocusIntent surface=05732 target=terminal
15:21:28.657 #78 focus.split.moveFocus workspace=DB78C panel=05732 previousExists=0 to=05732
15:21:28.657 #79 find.moveFocus to=05732 from=nil searchState=nil delayMs=0
15:21:28.657 #80 focus.split.ensureFocus workspace=DB78C panel=05732 pane=586DB tab=01B9C intent=terminal(cmux_DEV.TerminalPanelFocusIntent.surface)
15:21:28.658 #81 focus.split.apply.end workspace=DB78C panel=05732 type=TerminalPanel focusedPane=586DB selectedTab=01B9C prevPanel=05732
15:21:28.658 #82 focus.bonsplit pane=586DB
15:21:28.658 #83 focus.split.apply.begin workspace=DB78C pane=586DB tab=01B9C focusedPane=586DB selectedTab=01B9C reassert=1
15:21:28.658 #84 find.preparePanelFocusIntent surface=05732 target=terminal
15:21:28.658 #85 find.preparePanelFocusIntent surface=05732 target=terminal
15:21:28.658 #86 focus.split.moveFocus workspace=DB78C panel=05732 previousExists=0 to=05732
15:21:28.658 #87 find.moveFocus to=05732 from=nil searchState=nil delayMs=0
15:21:28.658 #88 focus.split.ensureFocus workspace=DB78C panel=05732 pane=586DB tab=01B9C intent=terminal(cmux_DEV.TerminalPanelFocusIntent.surface)
15:21:28.658 #89 focus.split.apply.end workspace=DB78C panel=05732 type=TerminalPanel focusedPane=586DB selectedTab=01B9C prevPanel=05732
15:21:28.660 #90 surface.attach surface=B1658 view=0x0000000754b80a00 attached=0 hasSurface=0 inWindow=0
15:21:28.660 #91 surface.attach.defer surface=B1658 reason=noWindow bounds=800.0x600.0
15:21:28.660 #92 surface.size.defer surface=B1658 reason=noWindow size=800.0x600.0
15:21:28.661 #93 focus.panel panel=05732 pane=586DB trigger=standard tx=nil
15:21:28.661 #94 focus.panel.begin workspace=DB78C panel=05732 trigger=standard targetPane=586DB focusedPane=586DB selectedTab=72078 converged=0 currentPanel=B1658
15:21:28.661 #95 focus.panel.focusPane workspace=DB78C panel=05732 pane=586DB
15:21:28.661 #96 focus.bonsplit pane=586DB
15:21:28.661 #97 focus.split.apply.begin workspace=DB78C pane=586DB tab=72078 focusedPane=586DB selectedTab=72078 reassert=1
15:21:28.661 #98 find.preparePanelFocusIntent surface=B1658 target=terminal
15:21:28.661 #99 ws.term.active id=1 dt=654.69ms surface=05732 transition=1->0 active=0 visibleFlag=1 hostHidden=0 surfaceHidden=0 hiddenHierarchy=0 inWindow=0 hasSuperview=0 bounds=0.0x0.0 frame=0.0x0.0 firstResponder=nil
15:21:28.661 #100 ws.term.visible id=1 dt=654.84ms surface=05732 transition=1->0 active=0 visibleFlag=0 hostHidden=1 surfaceHidden=0 hiddenHierarchy=1 inWindow=0 hasSuperview=0 bounds=0.0x0.0 frame=0.0x0.0 firstResponder=nil
15:21:28.661 #101 find.preparePanelFocusIntent surface=B1658 target=terminal
15:21:28.661 #102 focus.split.moveFocus workspace=DB78C panel=B1658 previousExists=0 to=B1658
15:21:28.661 #103 find.moveFocus to=B1658 from=nil searchState=nil delayMs=0
15:21:28.661 #104 focus.split.ensureFocus workspace=DB78C panel=B1658 pane=586DB tab=72078 intent=terminal(cmux_DEV.TerminalPanelFocusIntent.surface)
15:21:28.662 #105 focus.split.apply.end workspace=DB78C panel=B1658 type=TerminalPanel focusedPane=586DB selectedTab=72078 prevPanel=B1658
15:21:28.662 #106 focus.panel.selectTab workspace=DB78C panel=05732 tab=01B9C
15:21:28.662 #107 focus.bonsplit pane=586DB
15:21:28.662 #108 focus.split.apply.begin workspace=DB78C pane=586DB tab=01B9C focusedPane=586DB selectedTab=01B9C reassert=1
15:21:28.662 #109 find.preparePanelFocusIntent surface=05732 target=terminal
15:21:28.662 #110 ws.term.active id=1 dt=655.62ms surface=B1658 transition=1->0 active=0 visibleFlag=1 hostHidden=0 surfaceHidden=0 hiddenHierarchy=0 inWindow=0 hasSuperview=0 bounds=0.0x0.0 frame=0.0x0.0 firstResponder=nil
15:21:28.662 #111 ws.term.visible id=1 dt=655.73ms surface=B1658 transition=1->0 active=0 visibleFlag=0 hostHidden=1 surfaceHidden=0 hiddenHierarchy=1 inWindow=0 hasSuperview=0 bounds=0.0x0.0 frame=0.0x0.0 firstResponder=nil
15:21:28.662 #112 ws.term.visible id=1 dt=655.85ms surface=05732 transition=0->1 active=0 visibleFlag=1 hostHidden=0 surfaceHidden=0 hiddenHierarchy=0 inWindow=0 hasSuperview=0 bounds=0.0x0.0 frame=0.0x0.0 firstResponder=nil
15:21:28.662 #113 ws.term.active id=1 dt=655.90ms surface=05732 transition=0->1 active=1 visibleFlag=1 hostHidden=0 surfaceHidden=0 hiddenHierarchy=0 inWindow=0 hasSuperview=0 bounds=0.0x0.0 frame=0.0x0.0 firstResponder=nil
15:21:28.662 #114 find.preparePanelFocusIntent surface=05732 target=terminal
15:21:28.662 #115 focus.split.moveFocus workspace=DB78C panel=05732 previousExists=0 to=05732
15:21:28.662 #116 find.moveFocus to=05732 from=nil searchState=nil delayMs=0
15:21:28.662 #117 focus.split.ensureFocus workspace=DB78C panel=05732 pane=586DB tab=01B9C intent=terminal(cmux_DEV.TerminalPanelFocusIntent.surface)
15:21:28.663 #118 focus.split.apply.end workspace=DB78C panel=05732 type=TerminalPanel focusedPane=586DB selectedTab=01B9C prevPanel=05732
15:21:28.663 #119 focus.split.apply.begin workspace=DB78C pane=586DB tab=01B9C focusedPane=586DB selectedTab=01B9C reassert=1
15:21:28.663 #120 find.preparePanelFocusIntent surface=05732 target=terminal
15:21:28.663 #121 find.preparePanelFocusIntent surface=05732 target=terminal
15:21:28.663 #122 focus.split.moveFocus workspace=DB78C panel=05732 previousExists=1 to=05732
15:21:28.663 #123 find.moveFocus to=05732 from=05732 searchState=nil delayMs=0
15:21:28.663 #124 focus.split.ensureFocus workspace=DB78C panel=05732 pane=586DB tab=01B9C intent=terminal(cmux_DEV.TerminalPanelFocusIntent.surface)
15:21:28.663 #125 focus.split.apply.end workspace=DB78C panel=05732 type=TerminalPanel focusedPane=586DB selectedTab=01B9C prevPanel=05732
15:21:28.664 #126 surface.lifecycle.close.begin surface=05732 workspace=DB78C reason=panel.close generation=2
15:21:28.664 #127 surface.panel.close.begin panel=05732 workspace=DB78C runtimeSurface=0 inWindow=0 hasSuperview=0 hidden=0 frame=0.0x0.0 bounds=0.0x0.0
15:21:28.664 #128 ws.term.active id=1 dt=657.69ms surface=05732 transition=1->0 active=0 visibleFlag=1 hostHidden=0 surfaceHidden=0 hiddenHierarchy=0 inWindow=0 hasSuperview=0 bounds=0.0x0.0 frame=0.0x0.0 firstResponder=nil
15:21:28.664 #129 ws.term.visible id=1 dt=657.77ms surface=05732 transition=1->0 active=0 visibleFlag=0 hostHidden=1 surfaceHidden=0 hiddenHierarchy=1 inWindow=0 hasSuperview=0 bounds=0.0x0.0 frame=0.0x0.0 firstResponder=nil
15:21:28.664 #130 surface.panel.close.end panel=05732 inWindow=0 hasSuperview=0 hidden=1
15:21:28.664 #131 surface.lifecycle.close.sealed surface=05732 workspace=DB78C reason=teardown generation=3
15:21:28.665 #132 focus.bonsplit pane=586DB
15:21:28.665 #133 focus.split.apply.begin workspace=DB78C pane=586DB tab=72078 focusedPane=586DB selectedTab=72078 reassert=1
15:21:28.665 #134 find.preparePanelFocusIntent surface=B1658 target=terminal
15:21:28.665 #135 ws.term.visible id=1 dt=658.76ms surface=B1658 transition=0->1 active=0 visibleFlag=1 hostHidden=0 surfaceHidden=0 hiddenHierarchy=0 inWindow=0 hasSuperview=0 bounds=0.0x0.0 frame=0.0x0.0 firstResponder=nil
15:21:28.665 #136 ws.term.active id=1 dt=658.82ms surface=B1658 transition=0->1 active=1 visibleFlag=1 hostHidden=0 surfaceHidden=0 hiddenHierarchy=0 inWindow=0 hasSuperview=0 bounds=0.0x0.0 frame=0.0x0.0 firstResponder=nil
15:21:28.665 #137 find.preparePanelFocusIntent surface=B1658 target=terminal
15:21:28.665 #138 focus.split.moveFocus workspace=DB78C panel=B1658 previousExists=0 to=B1658
15:21:28.665 #139 find.moveFocus to=B1658 from=nil searchState=nil delayMs=0
15:21:28.665 #140 focus.split.ensureFocus workspace=DB78C panel=B1658 pane=586DB tab=72078 intent=terminal(cmux_DEV.TerminalPanelFocusIntent.surface)
15:21:28.666 #141 focus.split.apply.end workspace=DB78C panel=B1658 type=TerminalPanel focusedPane=586DB selectedTab=72078 prevPanel=B1658
15:21:28.666 #142 focus.split.apply.begin workspace=DB78C pane=586DB tab=72078 focusedPane=586DB selectedTab=72078 reassert=1
15:21:28.666 #143 find.preparePanelFocusIntent surface=B1658 target=terminal
15:21:28.666 #144 find.preparePanelFocusIntent surface=B1658 target=terminal
15:21:28.666 #145 focus.split.moveFocus workspace=DB78C panel=B1658 previousExists=0 to=B1658
15:21:28.666 #146 find.moveFocus to=B1658 from=nil searchState=nil delayMs=0
15:21:28.666 #147 focus.split.ensureFocus workspace=DB78C panel=B1658 pane=586DB tab=72078 intent=terminal(cmux_DEV.TerminalPanelFocusIntent.surface)
15:21:28.666 #148 focus.split.apply.end workspace=DB78C panel=B1658 type=TerminalPanel focusedPane=586DB selectedTab=72078 prevPanel=B1658
15:21:28.666 #149 focus.bonsplit pane=586DB
15:21:28.666 #150 focus.split.apply.begin workspace=DB78C pane=586DB tab=72078 focusedPane=586DB selectedTab=72078 reassert=1
15:21:28.666 #151 find.preparePanelFocusIntent surface=B1658 target=terminal
15:21:28.666 #152 find.preparePanelFocusIntent surface=B1658 target=terminal
15:21:28.666 #153 focus.split.moveFocus workspace=DB78C panel=B1658 previousExists=0 to=B1658
15:21:28.666 #154 find.moveFocus to=B1658 from=nil searchState=nil delayMs=0
15:21:28.666 #155 focus.split.ensureFocus workspace=DB78C panel=B1658 pane=586DB tab=72078 intent=terminal(cmux_DEV.TerminalPanelFocusIntent.surface)
15:21:28.666 #156 focus.split.apply.end workspace=DB78C panel=B1658 type=TerminalPanel focusedPane=586DB selectedTab=72078 prevPanel=B1658
15:21:28.666 #157 focus.split.apply.begin workspace=DB78C pane=586DB tab=72078 focusedPane=586DB selectedTab=72078 reassert=1
15:21:28.667 #158 find.preparePanelFocusIntent surface=B1658 target=terminal
15:21:28.667 #159 find.preparePanelFocusIntent surface=B1658 target=terminal
15:21:28.667 #160 focus.split.moveFocus workspace=DB78C panel=B1658 previousExists=0 to=B1658
15:21:28.667 #161 find.moveFocus to=B1658 from=nil searchState=nil delayMs=0
15:21:28.667 #162 focus.split.ensureFocus workspace=DB78C panel=B1658 pane=586DB tab=72078 intent=terminal(cmux_DEV.TerminalPanelFocusIntent.surface)
15:21:28.667 #163 focus.split.apply.end workspace=DB78C panel=B1658 type=TerminalPanel focusedPane=586DB selectedTab=72078 prevPanel=B1658
15:21:28.667 #164 focus.bonsplit pane=586DB
15:21:28.667 #165 focus.split.apply.begin workspace=DB78C pane=586DB tab=72078 focusedPane=586DB selectedTab=72078 reassert=1
15:21:28.667 #166 find.preparePanelFocusIntent surface=B1658 target=terminal
15:21:28.667 #167 find.preparePanelFocusIntent surface=B1658 target=terminal
15:21:28.667 #168 focus.split.moveFocus workspace=DB78C panel=B1658 previousExists=0 to=B1658
15:21:28.667 #169 find.moveFocus to=B1658 from=nil searchState=nil delayMs=0
15:21:28.667 #170 focus.split.ensureFocus workspace=DB78C panel=B1658 pane=586DB tab=72078 intent=terminal(cmux_DEV.TerminalPanelFocusIntent.surface)
15:21:28.667 #171 focus.split.apply.end workspace=DB78C panel=B1658 type=TerminalPanel focusedPane=586DB selectedTab=72078 prevPanel=B1658
15:21:28.667 #172 focus.bonsplit pane=586DB
15:21:28.667 #173 focus.split.apply.begin workspace=DB78C pane=586DB tab=72078 focusedPane=586DB selectedTab=72078 reassert=1
15:21:28.667 #174 find.preparePanelFocusIntent surface=B1658 target=terminal
15:21:28.667 #175 find.preparePanelFocusIntent surface=B1658 target=terminal
15:21:28.667 #176 focus.split.moveFocus workspace=DB78C panel=B1658 previousExists=0 to=B1658
15:21:28.667 #177 find.moveFocus to=B1658 from=nil searchState=nil delayMs=0
15:21:28.667 #178 focus.split.ensureFocus workspace=DB78C panel=B1658 pane=586DB tab=72078 intent=terminal(cmux_DEV.TerminalPanelFocusIntent.surface)
15:21:28.667 #179 focus.split.apply.end workspace=DB78C panel=B1658 type=TerminalPanel focusedPane=586DB selectedTab=72078 prevPanel=B1658
15:21:28.668 #180 workspace.customTitle.write workspace=DB78CF54 source=user title=<redacted:2b>
15:21:28.668 #181 workspace.customDescription.update workspace=DB78CF54 inputLen=0 inputNewlines=0 normalizedLen=0 normalizedNewlines=0 input=<redacted:22b>
15:21:28.668 #182 focus.panel panel=B1658 pane=586DB trigger=standard tx=nil
15:21:28.668 #183 focus.panel.begin workspace=DB78C panel=B1658 trigger=standard targetPane=586DB focusedPane=586DB selectedTab=72078 converged=1 currentPanel=B1658
15:21:28.668 #184 focus.split.apply.begin workspace=DB78C pane=586DB tab=72078 focusedPane=586DB selectedTab=72078 reassert=1
15:21:28.668 #185 find.preparePanelFocusIntent surface=B1658 target=terminal
15:21:28.668 #186 find.preparePanelFocusIntent surface=B1658 target=terminal
15:21:28.668 #187 focus.split.moveFocus workspace=DB78C panel=B1658 previousExists=1 to=B1658
15:21:28.668 #188 find.moveFocus to=B1658 from=B1658 searchState=nil delayMs=0
15:21:28.668 #189 focus.split.ensureFocus workspace=DB78C panel=B1658 pane=586DB tab=72078 intent=terminal(cmux_DEV.TerminalPanelFocusIntent.surface)
15:21:28.668 #190 focus.split.apply.end workspace=DB78C panel=B1658 type=TerminalPanel focusedPane=586DB selectedTab=72078 prevPanel=B1658
15:21:28.668 #191 agentJournal.aliases.note workspace=DB78CF54 pairs=1 remapped=0 workspaceRemapped=0
15:21:28.670 #192 surface.attach surface=8B263 view=0x0000000754b81900 attached=0 hasSurface=0 inWindow=0
15:21:28.670 #193 surface.attach.defer surface=8B263 reason=noWindow bounds=800.0x600.0
15:21:28.670 #194 surface.size.defer surface=8B263 reason=noWindow size=800.0x600.0
15:21:28.671 #195 focus.bonsplit pane=19BBE
15:21:28.671 #196 focus.split.apply.begin workspace=B8E73 pane=19BBE tab=82BA8 focusedPane=19BBE selectedTab=82BA8 reassert=1
15:21:28.671 #197 find.preparePanelFocusIntent surface=8B263 target=terminal
15:21:28.671 #198 find.preparePanelFocusIntent surface=8B263 target=terminal
15:21:28.671 #199 focus.split.moveFocus workspace=B8E73 panel=8B263 previousExists=0 to=8B263
15:21:28.671 #200 find.moveFocus to=8B263 from=nil searchState=nil delayMs=0
15:21:28.671 #201 focus.split.ensureFocus workspace=B8E73 panel=8B263 pane=19BBE tab=82BA8 intent=terminal(cmux_DEV.TerminalPanelFocusIntent.surface)
15:21:28.672 #202 focus.split.apply.end workspace=B8E73 panel=8B263 type=TerminalPanel focusedPane=19BBE selectedTab=82BA8 prevPanel=8B263
15:21:28.672 #203 focus.bonsplit pane=19BBE
15:21:28.672 #204 focus.split.apply.begin workspace=B8E73 pane=19BBE tab=82BA8 focusedPane=19BBE selectedTab=82BA8 reassert=1
15:21:28.672 #205 find.preparePanelFocusIntent surface=8B263 target=terminal
15:21:28.672 #206 find.preparePanelFocusIntent surface=8B263 target=terminal
15:21:28.672 #207 focus.split.moveFocus workspace=B8E73 panel=8B263 previousExists=0 to=8B263
15:21:28.672 #208 find.moveFocus to=8B263 from=nil searchState=nil delayMs=0
15:21:28.672 #209 focus.split.ensureFocus workspace=B8E73 panel=8B263 pane=19BBE tab=82BA8 intent=terminal(cmux_DEV.TerminalPanelFocusIntent.surface)
15:21:28.672 #210 focus.split.apply.end workspace=B8E73 panel=8B263 type=TerminalPanel focusedPane=19BBE selectedTab=82BA8 prevPanel=8B263
15:21:28.674 #211 surface.attach surface=DFF9E view=0x0000000754b82800 attached=0 hasSurface=0 inWindow=0
15:21:28.674 #212 surface.attach.defer surface=DFF9E reason=noWindow bounds=800.0x600.0
15:21:28.674 #213 surface.size.defer surface=DFF9E reason=noWindow size=800.0x600.0
15:21:28.675 #214 focus.panel panel=8B263 pane=19BBE trigger=standard tx=nil
15:21:28.675 #215 focus.panel.begin workspace=B8E73 panel=8B263 trigger=standard targetPane=19BBE focusedPane=19BBE selectedTab=D8D7B converged=0 currentPanel=DFF9E
15:21:28.675 #216 focus.panel.focusPane workspace=B8E73 panel=8B263 pane=19BBE
15:21:28.675 #217 focus.split.apply.begin workspace=B8E73 pane=19BBE tab=D8D7B focusedPane=19BBE selectedTab=D8D7B reassert=1
15:21:28.675 #218 find.preparePanelFocusIntent surface=DFF9E target=terminal
15:21:28.675 #219 ws.term.active id=1 dt=668.85ms surface=8B263 transition=1->0 active=0 visibleFlag=1 hostHidden=0 surfaceHidden=0 hiddenHierarchy=0 inWindow=0 hasSuperview=0 bounds=0.0x0.0 frame=0.0x0.0 firstResponder=nil
15:21:28.675 #220 ws.term.visible id=1 dt=668.98ms surface=8B263 transition=1->0 active=0 visibleFlag=0 hostHidden=1 surfaceHidden=0 hiddenHierarchy=1 inWindow=0 hasSuperview=0 bounds=0.0x0.0 frame=0.0x0.0 firstResponder=nil
15:21:28.675 #221 find.preparePanelFocusIntent surface=DFF9E target=terminal
15:21:28.675 #222 focus.split.moveFocus workspace=B8E73 panel=DFF9E previousExists=0 to=DFF9E
15:21:28.675 #223 find.moveFocus to=DFF9E from=nil searchState=nil delayMs=0
15:21:28.675 #224 focus.split.ensureFocus workspace=B8E73 panel=DFF9E pane=19BBE tab=D8D7B intent=terminal(cmux_DEV.TerminalPanelFocusIntent.surface)
15:21:28.675 #225 focus.bonsplit pane=19BBE
15:21:28.676 #226 focus.split.apply.end workspace=B8E73 panel=DFF9E type=TerminalPanel focusedPane=19BBE selectedTab=D8D7B prevPanel=DFF9E
15:21:28.676 #227 focus.panel.selectTab workspace=B8E73 panel=8B263 tab=82BA8
15:21:28.676 #228 focus.bonsplit pane=19BBE
15:21:28.676 #229 focus.split.apply.begin workspace=B8E73 pane=19BBE tab=82BA8 focusedPane=19BBE selectedTab=82BA8 reassert=1
15:21:28.676 #230 find.preparePanelFocusIntent surface=8B263 target=terminal
15:21:28.676 #231 ws.term.active id=1 dt=669.76ms surface=DFF9E transition=1->0 active=0 visibleFlag=1 hostHidden=0 surfaceHidden=0 hiddenHierarchy=0 inWindow=0 hasSuperview=0 bounds=0.0x0.0 frame=0.0x0.0 firstResponder=nil
15:21:28.676 #232 ws.term.visible id=1 dt=669.88ms surface=8B263 transition=0->1 active=0 visibleFlag=1 hostHidden=0 surfaceHidden=0 hiddenHierarchy=0 inWindow=0 hasSuperview=0 bounds=0.0x0.0 frame=0.0x0.0 firstResponder=nil
15:21:28.676 #233 ws.term.active id=1 dt=669.95ms surface=8B263 transition=0->1 active=1 visibleFlag=1 hostHidden=0 surfaceHidden=0 hiddenHierarchy=0 inWindow=0 hasSuperview=0 bounds=0.0x0.0 frame=0.0x0.0 firstResponder=nil
15:21:28.676 #234 ws.term.visible id=1 dt=670.02ms surface=DFF9E transition=1->0 active=0 visibleFlag=0 hostHidden=1 surfaceHidden=0 hiddenHierarchy=1 inWindow=0 hasSuperview=0 bounds=0.0x0.0 frame=0.0x0.0 firstResponder=nil
15:21:28.676 #235 find.preparePanelFocusIntent surface=8B263 target=terminal
15:21:28.676 #236 focus.split.moveFocus workspace=B8E73 panel=8B263 previousExists=0 to=8B263
15:21:28.676 #237 find.moveFocus to=8B263 from=nil searchState=nil delayMs=0
15:21:28.676 #238 focus.split.ensureFocus workspace=B8E73 panel=8B263 pane=19BBE tab=82BA8 intent=terminal(cmux_DEV.TerminalPanelFocusIntent.surface)
15:21:28.677 #239 focus.split.apply.end workspace=B8E73 panel=8B263 type=TerminalPanel focusedPane=19BBE selectedTab=82BA8 prevPanel=8B263
15:21:28.677 #240 focus.split.apply.begin workspace=B8E73 pane=19BBE tab=82BA8 focusedPane=19BBE selectedTab=82BA8 reassert=1
15:21:28.677 #241 find.preparePanelFocusIntent surface=8B263 target=terminal
15:21:28.677 #242 find.preparePanelFocusIntent surface=8B263 target=terminal
15:21:28.677 #243 focus.split.moveFocus workspace=B8E73 panel=8B263 previousExists=1 to=8B263
15:21:28.677 #244 find.moveFocus to=8B263 from=8B263 searchState=nil delayMs=0
15:21:28.677 #245 focus.split.ensureFocus workspace=B8E73 panel=8B263 pane=19BBE tab=82BA8 intent=terminal(cmux_DEV.TerminalPanelFocusIntent.surface)
15:21:28.677 #246 focus.split.apply.end workspace=B8E73 panel=8B263 type=TerminalPanel focusedPane=19BBE selectedTab=82BA8 prevPanel=8B263
15:21:28.678 #247 surface.lifecycle.close.begin surface=8B263 workspace=B8E73 reason=panel.close generation=2
15:21:28.678 #248 surface.panel.close.begin panel=8B263 workspace=B8E73 runtimeSurface=0 inWindow=0 hasSuperview=0 hidden=0 frame=0.0x0.0 bounds=0.0x0.0
15:21:28.678 #249 ws.term.active id=1 dt=671.52ms surface=8B263 transition=1->0 active=0 visibleFlag=1 hostHidden=0 surfaceHidden=0 hiddenHierarchy=0 inWindow=0 hasSuperview=0 bounds=0.0x0.0 frame=0.0x0.0 firstResponder=nil
15:21:28.678 #250 ws.term.visible id=1 dt=671.59ms surface=8B263 transition=1->0 active=0 visibleFlag=0 hostHidden=1 surfaceHidden=0 hiddenHierarchy=1 inWindow=0 hasSuperview=0 bounds=0.0x0.0 frame=0.0x0.0 firstResponder=nil
15:21:28.678 #251 surface.panel.close.end panel=8B263 inWindow=0 hasSuperview=0 hidden=1
15:21:28.678 #252 surface.lifecycle.close.sealed surface=8B263 workspace=B8E73 reason=teardown generation=3
15:21:28.678 #253 focus.bonsplit pane=19BBE
15:21:28.678 #254 focus.split.apply.begin workspace=B8E73 pane=19BBE tab=D8D7B focusedPane=19BBE selectedTab=D8D7B reassert=1
15:21:28.678 #255 find.preparePanelFocusIntent surface=DFF9E target=terminal
15:21:28.678 #256 ws.term.visible id=1 dt=672.06ms surface=DFF9E transition=0->1 active=0 visibleFlag=1 hostHidden=0 surfaceHidden=0 hiddenHierarchy=0 inWindow=0 hasSuperview=0 bounds=0.0x0.0 frame=0.0x0.0 firstResponder=nil
15:21:28.678 #257 ws.term.active id=1 dt=672.12ms surface=DFF9E transition=0->1 active=1 visibleFlag=1 hostHidden=0 surfaceHidden=0 hiddenHierarchy=0 inWindow=0 hasSuperview=0 bounds=0.0x0.0 frame=0.0x0.0 firstResponder=nil
15:21:28.678 #258 find.preparePanelFocusIntent surface=DFF9E target=terminal
15:21:28.678 #259 focus.split.moveFocus workspace=B8E73 panel=DFF9E previousExists=0 to=DFF9E
15:21:28.678 #260 find.moveFocus to=DFF9E from=nil searchState=nil delayMs=0
15:21:28.678 #261 focus.split.ensureFocus workspace=B8E73 panel=DFF9E pane=19BBE tab=D8D7B intent=terminal(cmux_DEV.TerminalPanelFocusIntent.surface)
15:21:28.679 #262 focus.split.apply.end workspace=B8E73 panel=DFF9E type=TerminalPanel focusedPane=19BBE selectedTab=D8D7B prevPanel=DFF9E
15:21:28.679 #263 focus.split.apply.begin workspace=B8E73 pane=19BBE tab=D8D7B focusedPane=19BBE selectedTab=D8D7B reassert=1
15:21:28.679 #264 find.preparePanelFocusIntent surface=DFF9E target=terminal
15:21:28.679 #265 find.preparePanelFocusIntent surface=DFF9E target=terminal
15:21:28.679 #266 focus.split.moveFocus workspace=B8E73 panel=DFF9E previousExists=0 to=DFF9E
15:21:28.679 #267 find.moveFocus to=DFF9E from=nil searchState=nil delayMs=0
15:21:28.679 #268 focus.split.ensureFocus workspace=B8E73 panel=DFF9E pane=19BBE tab=D8D7B intent=terminal(cmux_DEV.TerminalPanelFocusIntent.surface)
15:21:28.679 #269 focus.split.apply.end workspace=B8E73 panel=DFF9E type=TerminalPanel focusedPane=19BBE selectedTab=D8D7B prevPanel=DFF9E
15:21:28.679 #270 focus.bonsplit pane=19BBE
15:21:28.679 #271 focus.split.apply.begin workspace=B8E73 pane=19BBE tab=D8D7B focusedPane=19BBE selectedTab=D8D7B reassert=1
15:21:28.679 #272 find.preparePanelFocusIntent surface=DFF9E target=terminal
15:21:28.679 #273 find.preparePanelFocusIntent surface=DFF9E target=terminal
15:21:28.679 #274 focus.split.moveFocus workspace=B8E73 panel=DFF9E previousExists=0 to=DFF9E
15:21:28.679 #275 find.moveFocus to=DFF9E from=nil searchState=nil delayMs=0
15:21:28.679 #276 focus.split.ensureFocus workspace=B8E73 panel=DFF9E pane=19BBE tab=D8D7B intent=terminal(cmux_DEV.TerminalPanelFocusIntent.surface)
15:21:28.679 #277 focus.split.apply.end workspace=B8E73 panel=DFF9E type=TerminalPanel focusedPane=19BBE selectedTab=D8D7B prevPanel=DFF9E
15:21:28.680 #278 focus.split.apply.begin workspace=B8E73 pane=19BBE tab=D8D7B focusedPane=19BBE selectedTab=D8D7B reassert=1
15:21:28.680 #279 find.preparePanelFocusIntent surface=DFF9E target=terminal
15:21:28.680 #280 find.preparePanelFocusIntent surface=DFF9E target=terminal
15:21:28.680 #281 focus.split.moveFocus workspace=B8E73 panel=DFF9E previousExists=0 to=DFF9E
15:21:28.680 #282 find.moveFocus to=DFF9E from=nil searchState=nil delayMs=0
15:21:28.680 #283 focus.split.ensureFocus workspace=B8E73 panel=DFF9E pane=19BBE tab=D8D7B intent=terminal(cmux_DEV.TerminalPanelFocusIntent.surface)
15:21:28.680 #284 focus.split.apply.end workspace=B8E73 panel=DFF9E type=TerminalPanel focusedPane=19BBE selectedTab=D8D7B prevPanel=DFF9E
15:21:28.680 #285 focus.bonsplit pane=19BBE
15:21:28.680 #286 focus.split.apply.begin workspace=B8E73 pane=19BBE tab=D8D7B focusedPane=19BBE selectedTab=D8D7B reassert=1
15:21:28.680 #287 find.preparePanelFocusIntent surface=DFF9E target=terminal
15:21:28.680 #288 find.preparePanelFocusIntent surface=DFF9E target=terminal
15:21:28.680 #289 focus.split.moveFocus workspace=B8E73 panel=DFF9E previousExists=0 to=DFF9E
15:21:28.680 #290 find.moveFocus to=DFF9E from=nil searchState=nil delayMs=0
15:21:28.680 #291 focus.split.ensureFocus workspace=B8E73 panel=DFF9E pane=19BBE tab=D8D7B intent=terminal(cmux_DEV.TerminalPanelFocusIntent.surface)
15:21:28.680 #292 focus.split.apply.end workspace=B8E73 panel=DFF9E type=TerminalPanel focusedPane=19BBE selectedTab=D8D7B prevPanel=DFF9E
15:21:28.680 #293 focus.bonsplit pane=19BBE
15:21:28.680 #294 focus.split.apply.begin workspace=B8E73 pane=19BBE tab=D8D7B focusedPane=19BBE selectedTab=D8D7B reassert=1
15:21:28.680 #295 find.preparePanelFocusIntent surface=DFF9E target=terminal
15:21:28.680 #296 find.preparePanelFocusIntent surface=DFF9E target=terminal
15:21:28.680 #297 focus.split.moveFocus workspace=B8E73 panel=DFF9E previousExists=0 to=DFF9E
15:21:28.680 #298 find.moveFocus to=DFF9E from=nil searchState=nil delayMs=0
15:21:28.680 #299 focus.split.ensureFocus workspace=B8E73 panel=DFF9E pane=19BBE tab=D8D7B intent=terminal(cmux_DEV.TerminalPanelFocusIntent.surface)
15:21:28.680 #300 focus.split.apply.end workspace=B8E73 panel=DFF9E type=TerminalPanel focusedPane=19BBE selectedTab=D8D7B prevPanel=DFF9E
15:21:28.680 #301 workspace.customTitle.write workspace=B8E73220 source=user title=<redacted:14b>
15:21:28.680 #302 workspace.customDescription.update workspace=B8E73220 inputLen=0 inputNewlines=0 normalizedLen=0 normalizedNewlines=0 input=<redacted:22b>
15:21:28.680 #303 focus.panel panel=DFF9E pane=19BBE trigger=standard tx=nil
15:21:28.681 #304 focus.panel.begin workspace=B8E73 panel=DFF9E trigger=standard targetPane=19BBE focusedPane=19BBE selectedTab=D8D7B converged=1 currentPanel=DFF9E
15:21:28.681 #305 focus.split.apply.begin workspace=B8E73 pane=19BBE tab=D8D7B focusedPane=19BBE selectedTab=D8D7B reassert=1
15:21:28.681 #306 find.preparePanelFocusIntent surface=DFF9E target=terminal
15:21:28.681 #307 find.preparePanelFocusIntent surface=DFF9E target=terminal
15:21:28.681 #308 focus.split.moveFocus workspace=B8E73 panel=DFF9E previousExists=1 to=DFF9E
15:21:28.681 #309 find.moveFocus to=DFF9E from=DFF9E searchState=nil delayMs=0
15:21:28.681 #310 focus.split.ensureFocus workspace=B8E73 panel=DFF9E pane=19BBE tab=D8D7B intent=terminal(cmux_DEV.TerminalPanelFocusIntent.surface)
15:21:28.681 #311 focus.split.apply.end workspace=B8E73 panel=DFF9E type=TerminalPanel focusedPane=19BBE selectedTab=D8D7B prevPanel=DFF9E
15:21:28.681 #312 agentJournal.aliases.note workspace=B8E73220 pairs=1 remapped=0 workspaceRemapped=0
15:21:28.681 #313 workspace.customTitle.write workspace=B8E73220 source=user title=<redacted:14b>
15:21:28.683 #314 surface.attach surface=8A0DD view=0x0000000754b83700 attached=0 hasSurface=0 inWindow=0
15:21:28.683 #315 surface.attach.defer surface=8A0DD reason=noWindow bounds=800.0x600.0
15:21:28.683 #316 surface.size.defer surface=8A0DD reason=noWindow size=800.0x600.0
15:21:28.683 #317 focus.bonsplit pane=21D0A
15:21:28.683 #318 focus.split.apply.begin workspace=A93A6 pane=21D0A tab=F0E6D focusedPane=21D0A selectedTab=F0E6D reassert=1
15:21:28.683 #319 find.preparePanelFocusIntent surface=8A0DD target=terminal
15:21:28.683 #320 find.preparePanelFocusIntent surface=8A0DD target=terminal
15:21:28.683 #321 focus.split.moveFocus workspace=A93A6 panel=8A0DD previousExists=0 to=8A0DD
15:21:28.683 #322 find.moveFocus to=8A0DD from=nil searchState=nil delayMs=0
15:21:28.683 #323 focus.split.ensureFocus workspace=A93A6 panel=8A0DD pane=21D0A tab=F0E6D intent=terminal(cmux_DEV.TerminalPanelFocusIntent.surface)
15:21:28.684 #324 focus.split.apply.end workspace=A93A6 panel=8A0DD type=TerminalPanel focusedPane=21D0A selectedTab=F0E6D prevPanel=8A0DD
15:21:28.684 #325 focus.split.apply.begin workspace=A93A6 pane=21D0A tab=F0E6D focusedPane=21D0A selectedTab=F0E6D reassert=1
15:21:28.684 #326 focus.bonsplit pane=21D0A
15:21:28.684 #327 find.preparePanelFocusIntent surface=8A0DD target=terminal
15:21:28.684 #328 find.preparePanelFocusIntent surface=8A0DD target=terminal
15:21:28.684 #329 focus.split.moveFocus workspace=A93A6 panel=8A0DD previousExists=0 to=8A0DD
15:21:28.684 #330 find.moveFocus to=8A0DD from=nil searchState=nil delayMs=0
15:21:28.684 #331 focus.split.ensureFocus workspace=A93A6 panel=8A0DD pane=21D0A tab=F0E6D intent=terminal(cmux_DEV.TerminalPanelFocusIntent.surface)
15:21:28.684 #332 focus.split.apply.end workspace=A93A6 panel=8A0DD type=TerminalPanel focusedPane=21D0A selectedTab=F0E6D prevPanel=8A0DD
15:21:28.687 #333 surface.attach surface=39D8A view=0x0000000754bf0a00 attached=0 hasSurface=0 inWindow=0
15:21:28.687 #334 surface.attach.defer surface=39D8A reason=noWindow bounds=800.0x600.0
15:21:28.687 #335 surface.size.defer surface=39D8A reason=noWindow size=800.0x600.0
15:21:28.688 #336 focus.panel panel=8A0DD pane=21D0A trigger=standard tx=nil
15:21:28.688 #337 focus.panel.begin workspace=A93A6 panel=8A0DD trigger=standard targetPane=21D0A focusedPane=21D0A selectedTab=5BA7E converged=0 currentPanel=39D8A
15:21:28.689 #338 focus.panel.focusPane workspace=A93A6 panel=8A0DD pane=21D0A
15:21:28.689 #339 focus.bonsplit pane=21D0A
15:21:28.689 #340 focus.split.apply.begin workspace=A93A6 pane=21D0A tab=5BA7E focusedPane=21D0A selectedTab=5BA7E reassert=1
15:21:28.689 #341 find.preparePanelFocusIntent surface=39D8A target=terminal
15:21:28.689 #342 ws.term.active id=1 dt=682.81ms surface=8A0DD transition=1->0 active=0 visibleFlag=1 hostHidden=0 surfaceHidden=0 hiddenHierarchy=0 inWindow=0 hasSuperview=0 bounds=0.0x0.0 frame=0.0x0.0 firstResponder=nil
15:21:28.689 #343 ws.term.visible id=1 dt=683.13ms surface=8A0DD transition=1->0 active=0 visibleFlag=0 hostHidden=1 surfaceHidden=0 hiddenHierarchy=1 inWindow=0 hasSuperview=0 bounds=0.0x0.0 frame=0.0x0.0 firstResponder=nil
15:21:28.689 #344 find.preparePanelFocusIntent surface=39D8A target=terminal
15:21:28.689 #345 focus.split.moveFocus workspace=A93A6 panel=39D8A previousExists=0 to=39D8A
15:21:28.690 #346 find.moveFocus to=39D8A from=nil searchState=nil delayMs=0
15:21:28.690 #347 focus.split.ensureFocus workspace=A93A6 panel=39D8A pane=21D0A tab=5BA7E intent=terminal(cmux_DEV.TerminalPanelFocusIntent.surface)
15:21:28.691 #348 focus.split.apply.end workspace=A93A6 panel=39D8A type=TerminalPanel focusedPane=21D0A selectedTab=5BA7E prevPanel=39D8A
15:21:28.691 #349 focus.panel.selectTab workspace=A93A6 panel=8A0DD tab=F0E6D
15:21:28.691 #350 focus.bonsplit pane=21D0A
15:21:28.691 #351 focus.split.apply.begin workspace=A93A6 pane=21D0A tab=F0E6D focusedPane=21D0A selectedTab=F0E6D reassert=1
15:21:28.691 #352 find.preparePanelFocusIntent surface=8A0DD target=terminal
15:21:28.691 #353 ws.term.active id=1 dt=685.16ms surface=39D8A transition=1->0 active=0 visibleFlag=1 hostHidden=0 surfaceHidden=0 hiddenHierarchy=0 inWindow=0 hasSuperview=0 bounds=0.0x0.0 frame=0.0x0.0 firstResponder=nil
15:21:28.692 #354 ws.term.visible id=1 dt=685.48ms surface=8A0DD transition=0->1 active=0 visibleFlag=1 hostHidden=0 surfaceHidden=0 hiddenHierarchy=0 inWindow=0 hasSuperview=0 bounds=0.0x0.0 frame=0.0x0.0 firstResponder=nil
15:21:28.692 #355 ws.term.active id=1 dt=685.65ms surface=8A0DD transition=0->1 active=1 visibleFlag=1 hostHidden=0 surfaceHidden=0 hiddenHierarchy=0 inWindow=0 hasSuperview=0 bounds=0.0x0.0 frame=0.0x0.0 firstResponder=nil
15:21:28.692 #356 ws.term.visible id=1 dt=685.82ms surface=39D8A transition=1->0 active=0 visibleFlag=0 hostHidden=1 surfaceHidden=0 hiddenHierarchy=1 inWindow=0 hasSuperview=0 bounds=0.0x0.0 frame=0.0x0.0 firstResponder=nil
15:21:28.692 #357 find.preparePanelFocusIntent surface=8A0DD target=terminal
15:21:28.692 #358 focus.split.moveFocus workspace=A93A6 panel=8A0DD previousExists=0 to=8A0DD
15:21:28.692 #359 find.moveFocus to=8A0DD from=nil searchState=nil delayMs=0
15:21:28.692 #360 focus.split.ensureFocus workspace=A93A6 panel=8A0DD pane=21D0A tab=F0E6D intent=terminal(cmux_DEV.TerminalPanelFocusIntent.surface)
15:21:28.693 #361 focus.split.apply.end workspace=A93A6 panel=8A0DD type=TerminalPanel focusedPane=21D0A selectedTab=F0E6D prevPanel=8A0DD
15:21:28.693 #362 focus.split.apply.begin workspace=A93A6 pane=21D0A tab=F0E6D focusedPane=21D0A selectedTab=F0E6D reassert=1
15:21:28.694 #363 find.preparePanelFocusIntent surface=8A0DD target=terminal
15:21:28.694 #364 find.preparePanelFocusIntent surface=8A0DD target=terminal
15:21:28.694 #365 focus.split.moveFocus workspace=A93A6 panel=8A0DD previousExists=1 to=8A0DD
15:21:28.694 #366 find.moveFocus to=8A0DD from=8A0DD searchState=nil delayMs=0
15:21:28.694 #367 focus.split.ensureFocus workspace=A93A6 panel=8A0DD pane=21D0A tab=F0E6D intent=terminal(cmux_DEV.TerminalPanelFocusIntent.surface)
15:21:28.694 #368 focus.split.apply.end workspace=A93A6 panel=8A0DD type=TerminalPanel focusedPane=21D0A selectedTab=F0E6D prevPanel=8A0DD
15:21:28.695 #369 surface.lifecycle.close.begin surface=8A0DD workspace=A93A6 reason=panel.close generation=2
15:21:28.695 #370 surface.panel.close.begin panel=8A0DD workspace=A93A6 runtimeSurface=0 inWindow=0 hasSuperview=0 hidden=0 frame=0.0x0.0 bounds=0.0x0.0
15:21:28.695 #371 ws.term.active id=1 dt=688.86ms surface=8A0DD transition=1->0 active=0 visibleFlag=1 hostHidden=0 surfaceHidden=0 hiddenHierarchy=0 inWindow=0 hasSuperview=0 bounds=0.0x0.0 frame=0.0x0.0 firstResponder=nil
15:21:28.695 #372 ws.term.visible id=1 dt=688.94ms surface=8A0DD transition=1->0 active=0 visibleFlag=0 hostHidden=1 surfaceHidden=0 hiddenHierarchy=1 inWindow=0 hasSuperview=0 bounds=0.0x0.0 frame=0.0x0.0 firstResponder=nil
15:21:28.695 #373 surface.panel.close.end panel=8A0DD inWindow=0 hasSuperview=0 hidden=1
15:21:28.695 #374 surface.lifecycle.close.sealed surface=8A0DD workspace=A93A6 reason=teardown generation=3
15:21:28.695 #375 focus.split.apply.begin workspace=A93A6 pane=21D0A tab=5BA7E focusedPane=21D0A selectedTab=5BA7E reassert=1
15:21:28.696 #376 find.preparePanelFocusIntent surface=39D8A target=terminal
15:21:28.696 #377 focus.bonsplit pane=21D0A
15:21:28.696 #378 ws.term.visible id=1 dt=689.52ms surface=39D8A transition=0->1 active=0 visibleFlag=1 hostHidden=0 surfaceHidden=0 hiddenHierarchy=0 inWindow=0 hasSuperview=0 bounds=0.0x0.0 frame=0.0x0.0 firstResponder=nil
15:21:28.696 #379 ws.term.active id=1 dt=689.61ms surface=39D8A transition=0->1 active=1 visibleFlag=1 hostHidden=0 surfaceHidden=0 hiddenHierarchy=0 inWindow=0 hasSuperview=0 bounds=0.0x0.0 frame=0.0x0.0 firstResponder=nil
15:21:28.696 #380 find.preparePanelFocusIntent surface=39D8A target=terminal
15:21:28.696 #381 focus.split.moveFocus workspace=A93A6 panel=39D8A previousExists=0 to=39D8A
15:21:28.696 #382 find.moveFocus to=39D8A from=nil searchState=nil delayMs=0
15:21:28.696 #383 focus.split.ensureFocus workspace=A93A6 panel=39D8A pane=21D0A tab=5BA7E intent=terminal(cmux_DEV.TerminalPanelFocusIntent.surface)
15:21:28.696 #384 focus.split.apply.end workspace=A93A6 panel=39D8A type=TerminalPanel focusedPane=21D0A selectedTab=5BA7E prevPanel=39D8A
15:21:28.697 #385 focus.split.apply.begin workspace=A93A6 pane=21D0A tab=5BA7E focusedPane=21D0A selectedTab=5BA7E reassert=1
15:21:28.697 #386 find.preparePanelFocusIntent surface=39D8A target=terminal
15:21:28.697 #387 find.preparePanelFocusIntent surface=39D8A target=terminal
15:21:28.697 #388 focus.split.moveFocus workspace=A93A6 panel=39D8A previousExists=0 to=39D8A
15:21:28.697 #389 find.moveFocus to=39D8A from=nil searchState=nil delayMs=0
15:21:28.697 #390 focus.split.ensureFocus workspace=A93A6 panel=39D8A pane=21D0A tab=5BA7E intent=terminal(cmux_DEV.TerminalPanelFocusIntent.surface)
15:21:28.697 #391 focus.split.apply.end workspace=A93A6 panel=39D8A type=TerminalPanel focusedPane=21D0A selectedTab=5BA7E prevPanel=39D8A
15:21:28.697 #392 surface.lifecycle.deinit.skip surface=8A0DD workspace=A93A6 reason=noRuntimeSurface
15:21:28.697 #393 focus.split.apply.begin workspace=A93A6 pane=21D0A tab=5BA7E focusedPane=21D0A selectedTab=5BA7E reassert=1
15:21:28.697 #394 focus.bonsplit pane=21D0A
15:21:28.697 #395 find.preparePanelFocusIntent surface=39D8A target=terminal
15:21:28.697 #396 find.preparePanelFocusIntent surface=39D8A target=terminal
15:21:28.697 #397 focus.split.moveFocus workspace=A93A6 panel=39D8A previousExists=0 to=39D8A
15:21:28.697 #398 find.moveFocus to=39D8A from=nil searchState=nil delayMs=0
15:21:28.697 #399 focus.split.ensureFocus workspace=A93A6 panel=39D8A pane=21D0A tab=5BA7E intent=terminal(cmux_DEV.TerminalPanelFocusIntent.surface)
15:21:28.697 #400 focus.split.apply.end workspace=A93A6 panel=39D8A type=TerminalPanel focusedPane=21D0A selectedTab=5BA7E prevPanel=39D8A
15:21:28.697 #401 focus.split.apply.begin workspace=A93A6 pane=21D0A tab=5BA7E focusedPane=21D0A selectedTab=5BA7E reassert=1
15:21:28.697 #402 find.preparePanelFocusIntent surface=39D8A target=terminal
15:21:28.697 #403 find.preparePanelFocusIntent surface=39D8A target=terminal
15:21:28.697 #404 focus.split.moveFocus workspace=A93A6 panel=39D8A previousExists=0 to=39D8A
15:21:28.697 #405 find.moveFocus to=39D8A from=nil searchState=nil delayMs=0
15:21:28.697 #406 focus.split.ensureFocus workspace=A93A6 panel=39D8A pane=21D0A tab=5BA7E intent=terminal(cmux_DEV.TerminalPanelFocusIntent.surface)
15:21:28.697 #407 focus.split.apply.end workspace=A93A6 panel=39D8A type=TerminalPanel focusedPane=21D0A selectedTab=5BA7E prevPanel=39D8A
15:21:28.698 #408 focus.bonsplit pane=21D0A
15:21:28.698 #409 focus.split.apply.begin workspace=A93A6 pane=21D0A tab=5BA7E focusedPane=21D0A selectedTab=5BA7E reassert=1
15:21:28.698 #410 find.preparePanelFocusIntent surface=39D8A target=terminal
15:21:28.698 #411 find.preparePanelFocusIntent surface=39D8A target=terminal
15:21:28.698 #412 focus.split.moveFocus workspace=A93A6 panel=39D8A previousExists=0 to=39D8A
15:21:28.698 #413 find.moveFocus to=39D8A from=nil searchState=nil delayMs=0
15:21:28.698 #414 focus.split.ensureFocus workspace=A93A6 panel=39D8A pane=21D0A tab=5BA7E intent=terminal(cmux_DEV.TerminalPanelFocusIntent.surface)
15:21:28.698 #415 focus.split.apply.end workspace=A93A6 panel=39D8A type=TerminalPanel focusedPane=21D0A selectedTab=5BA7E prevPanel=39D8A
15:21:28.698 #416 focus.bonsplit pane=21D0A
15:21:28.698 #417 focus.split.apply.begin workspace=A93A6 pane=21D0A tab=5BA7E focusedPane=21D0A selectedTab=5BA7E reassert=1
15:21:28.698 #418 find.preparePanelFocusIntent surface=39D8A target=terminal
15:21:28.698 #419 find.preparePanelFocusIntent surface=39D8A target=terminal
15:21:28.698 #420 focus.split.moveFocus workspace=A93A6 panel=39D8A previousExists=0 to=39D8A
15:21:28.698 #421 find.moveFocus to=39D8A from=nil searchState=nil delayMs=0
15:21:28.698 #422 focus.split.ensureFocus workspace=A93A6 panel=39D8A pane=21D0A tab=5BA7E intent=terminal(cmux_DEV.TerminalPanelFocusIntent.surface)
15:21:28.698 #423 focus.split.apply.end workspace=A93A6 panel=39D8A type=TerminalPanel focusedPane=21D0A selectedTab=5BA7E prevPanel=39D8A
15:21:28.698 #424 workspace.customTitle.write workspace=A93A6037 source=user title=<redacted:14b>
15:21:28.698 #425 workspace.customDescription.update workspace=A93A6037 inputLen=0 inputNewlines=0 normalizedLen=0 normalizedNewlines=0 input=<redacted:22b>
15:21:28.698 #426 focus.panel panel=39D8A pane=21D0A trigger=standard tx=nil
15:21:28.698 #427 focus.panel.begin workspace=A93A6 panel=39D8A trigger=standard targetPane=21D0A focusedPane=21D0A selectedTab=5BA7E converged=1 currentPanel=39D8A
15:21:28.698 #428 focus.split.apply.begin workspace=A93A6 pane=21D0A tab=5BA7E focusedPane=21D0A selectedTab=5BA7E reassert=1
15:21:28.698 #429 find.preparePanelFocusIntent surface=39D8A target=terminal
15:21:28.699 #430 find.preparePanelFocusIntent surface=39D8A target=terminal
15:21:28.699 #431 focus.split.moveFocus workspace=A93A6 panel=39D8A previousExists=1 to=39D8A
15:21:28.699 #432 find.moveFocus to=39D8A from=39D8A searchState=nil delayMs=0
15:21:28.699 #433 focus.split.ensureFocus workspace=A93A6 panel=39D8A pane=21D0A tab=5BA7E intent=terminal(cmux_DEV.TerminalPanelFocusIntent.surface)
15:21:28.699 #434 focus.split.apply.end workspace=A93A6 panel=39D8A type=TerminalPanel focusedPane=21D0A selectedTab=5BA7E prevPanel=39D8A
15:21:28.699 #435 agentJournal.aliases.note workspace=A93A6037 pairs=1 remapped=0 workspaceRemapped=0
15:21:28.699 #436 workspace.customTitle.write workspace=A93A6037 source=user title=<redacted:14b>
15:21:28.699 #437 ws.switch.begin id=2 trigger=direct from=AD972 to=DB78C hot=0 tabs=3
15:21:28.700 #438 ws.select.didSet id=2 from=AD972 to=DB78C dt=0.73ms
15:21:28.700 #439 ws.term.visible id=1 dt=693.93ms surface=78476 transition=1->0 active=1 visibleFlag=0 hostHidden=1 surfaceHidden=0 hiddenHierarchy=1 inWindow=0 hasSuperview=0 bounds=0.0x0.0 frame=0.0x0.0 firstResponder=nil
15:21:28.700 #440 surface.lifecycle.close.begin surface=78476 workspace=AD972 reason=panel.close generation=2
15:21:28.700 #441 surface.panel.close.begin panel=78476 workspace=AD972 runtimeSurface=0 inWindow=0 hasSuperview=0 hidden=1 frame=0.0x0.0 bounds=0.0x0.0
15:21:28.701 #442 ws.term.active id=1 dt=694.38ms surface=78476 transition=1->0 active=0 visibleFlag=0 hostHidden=1 surfaceHidden=0 hiddenHierarchy=1 inWindow=0 hasSuperview=0 bounds=0.0x0.0 frame=0.0x0.0 firstResponder=nil
15:21:28.701 #443 surface.panel.close.end panel=78476 inWindow=0 hasSuperview=0 hidden=1
15:21:28.701 #444 surface.lifecycle.close.sealed surface=78476 workspace=AD972 reason=teardown generation=3
15:21:28.701 #445 workspace.gitProbe.schedule workspace=DB78C panel=B1658 dir=<redacted:17b> reason=initial
15:21:28.701 #446 workspace.gitProbe.schedule workspace=B8E73 panel=DFF9E dir=<redacted:17b> reason=initial
15:21:28.701 #447 workspace.gitProbe.schedule workspace=A93A6 panel=39D8A dir=<redacted:17b> reason=initial
15:21:28.701 #448 session.restore.frameApplied window=A6093D88 applied={x=780.0 y=532.0 w=1000.0 h=700.0}
15:21:28.807 #449 agentJournal.replay folded=0 skipped=0 painted=0 unattributed=0
15:21:29.827 #450 monitorMemory.capture window=A6093D88 reason=sessionSnapshot sig=[1d …E8634E@0,0,2560x1440] frame={x=780.0 y=532.0 w=1000.0 h=700.0} rememberedConfigs=1
15:21:29.828 #451 session.save includeScrollback=0 windows=1
15:21:29.828 #452 session.save.window idx=0 frame={x=780.0 y=532.0 w=1000.0 h=700.0} display={id=4 frame={x=0.0 y=0.0 w=2560.0 h=1440.0} visible={x=0.0 y=0.0 w=2560.0 h=1410.0}} workspaces=3 selected=0
15:21:29.828 #453 typing.timing probe=session.saveSnapshot elapsedMs=1126.51 includeScrollback=0 removeWhenEmpty=0 sync=0
15:21:29.866 #454 mainWindow.active window={num=30449 id=A6093D88 ident=nil key=0 main=0} context=<redacted:346b>
15:21:29.866 #455 mainWindow.visibility.focus.orderFront.begin reason=createMainWindow windows=[<nil>:visible=0:mini=0:key=0]
15:21:29.866 #456 mainWindow.active window={num=30449 id=A6093D88 ident=nil key=1 main=0} context=<redacted:176b> id=A6093D88 ident=nil key=1 main=0} mainWin={nil} activeMgr=0x0000000751337000 activeWinId=A6093D88 activeSelected=DB78C contexts=[*A6093D88{mgr=0x0000000751337000,win=30449,key=1,main=0,tabs=3,selected=DB78C}]
15:21:29.867 #457 mainWindow.delegate.didBecomeKey window=<nil> visible=1 mini=0 key=1 main=0
15:21:29.869 #458 mainWindow.delegate.didBecomeMain window=<nil> visible=1 mini=0 key=1 main=1
15:21:29.903 #459 sidebar.table.rowsBuild items=3
15:21:29.948 #460 ws.term.visible id=2 dt=1249.32ms surface=DFF9E transition=1->0 active=1 visibleFlag=0 hostHidden=1 surfaceHidden=0 hiddenHierarchy=1 inWindow=0 hasSuperview=0 bounds=0.0x0.0 frame=0.0x0.0 firstResponder=nil
15:21:29.949 #461 ws.term.visible id=2 dt=1249.59ms surface=39D8A transition=1->0 active=1 visibleFlag=0 hostHidden=1 surfaceHidden=0 hiddenHierarchy=1 inWindow=0 hasSuperview=0 bounds=0.0x0.0 frame=0.0x0.0 firstResponder=nil
15:21:29.949 #462 ws.mount.reconcile id=2 dt=1249.70ms hot=0 selected=DB78C mounted=[DB78C] added=[DB78C] removed=[]
15:21:29.951 #463 sidebar.dragState.content tab=nil reason=sidebar_appear
15:21:29.970 #464 sidebar.table.rowsBuild items=3
15:21:30.009 #465 sidebar.table.rowsBuild items=3
15:21:30.021 #466 mainWindow.register windowId=A6093D88 window={num=30449 id=A6093D88 ident=cmux.main.A6093D88-2A33-451F-9B93-A6285EA625A6 key=1 main=1} manager=0x0000000751337000 priorActiveMgr=0x0000000751337000 eventWinNum=nil eventWin={nil} keyWin={num=30449 id=A6093D88 ident=cmux.main.A6093D88-2A33-451F-9B93-A6285EA625A6 key=1 main=1} mainWin={num=30449 id=A6093D88 ident=cmux.main.A6093D88-2A33-451F-9B93-A6285EA625A6 key=1 main=1} activeMgr=0x0000000751337000 activeWinId=A6093D88 activeSelected=DB78C contexts=[*A6093D88{mgr=0x0000000751337000,win=30449,key=1,main=1,tabs=3,selected=DB78C}]
15:21:30.026 #467 mainWindow.active window={num=30449 id=A6093D88 ident=cmux.main.A6093D88-2A33-451F-9B93-A6285EA625A6 key=1 main=1} context=<redacted:176b> id=A6093D88 ident=cmux.main.A6093D88-2A33-451F-9B93-A6285EA625A6 key=1 main=1} mainWin={num=30449 id=A6093D88 ident=cmux.main.A6093D88-2A33-451F-9B93-A6285EA625A6 key=1 main=1} activeMgr=0x0000000751337000 activeWinId=A6093D88 activeSelected=DB78C contexts=[*A6093D88{mgr=0x0000000751337000,win=30449,key=1,main=1,tabs=3,selected=DB78C}]
15:21:30.028 #468 palette.overlay.install container=NSThemeFrame reference=MainWindowHostingView<ModifiedContent<ModifiedContent<ModifiedContent<ModifiedContent<ModifiedContent<ModifiedContent<ModifiedContent<ModifiedContent<ModifiedContent<ModifiedContent<ContentView, _EnvironmentKeyWritingModifier<Optional<TabManager>>>, _EnvironmentKeyWritingModifier<Optional<TerminalNotificationStore>>>, _EnvironmentKeyWritingModifier<Optional<SidebarState>>>, _EnvironmentKeyWritingModifier<Optional<SidebarSelectionState>>>, _EnvironmentKeyWritingModifier<Optional<FileExplorerState>>>, _EnvironmentKeyWritingModifier<Optional<CmuxConfigStore>>>, _EnvironmentKeyWritingModifier<Optional<SessionDragRegistry>>>, _EnvironmentKeyWritingModifier<Optional<TabDragTransferRegistry>>>, _EnvironmentKeyWritingModifier<Optional<SettingsRuntime>>>, CmuxFontMagnificationEnvironmentModifier>> glass=0
15:21:30.048 #469 ws.swiftui.update id=2 dt=1349.17ms surface=B1658 visible=1 active=1 z=2 hostWindow=0 hostedWindow=0 hostedSuperview=0
15:21:30.048 #470 ws.hostState.deferBind surface=B1658 reason=hostNoWindow visible=1 active=1 z=2 hostedWindow=0 hostedSuperview=0
15:21:30.095 #471 agentJournal.replay folded=0 skipped=0 painted=0 unattributed=0
15:21:30.157 #472 ws.hostState.rebindOnGeometry surface=B1658 reason=portalEntryMissing visible=1 active=1 z=2
15:21:30.159 #473 rs.focus.host.attach win=30449 canAccept=0 fr=CmuxMainWindow
15:21:30.180 #474 sidebar.table.rowsBuild items=3
15:21:30.207 #475 ws.hostState.rebindOnUpdate surface=B1658 reason=portalEntryMissing visible=1 active=1 z=2
15:21:30.253 #476 mainWindow.visibility.focus.orderFront.end reason=createMainWindow windows=[cmux.main.A6093D88-2A33-451F-9B93-A6285EA625A6:visible=1:mini=0:key=1]
15:21:30.253 #477 mainWindow.visibility.focus.activate.begin reason=createMainWindow windows=[cmux.main.A6093D88-2A33-451F-9B93-A6285EA625A6:visible=1:mini=0:key=1]
15:21:30.255 #478 mainWindow.visibility.focus.activate.end reason=createMainWindow windows=[cmux.main.A6093D88-2A33-451F-9B93-A6285EA625A6:visible=1:mini=0:key=1]
15:21:30.255 #479 mainWindow.visibility.focus reason=createMainWindow windows=[cmux.main.A6093D88-2A33-451F-9B93-A6285EA625A6:visible=1:mini=0:key=1]
15:21:30.255 #480 mainWindow.initialFrameApplied source=persistedGeometry window=A6093D88 applied={x=780.0 y=532.0 w=1000.0 h=700.0}
15:21:30.276 #481 surface.lifecycle.deinit.skip surface=8B263 workspace=B8E73 reason=noRuntimeSurface
15:21:30.276 #482 surface.lifecycle.deinit.skip surface=05732 workspace=DB78C reason=noRuntimeSurface
15:21:30.276 #483 surface.lifecycle.deinit.skip surface=78476 workspace=AD972 reason=noRuntimeSurface
15:21:30.277 #484 surface.hosted.deinit surface=nil inWindow=0 hasSuperview=0 hidden=1 frame=0.0x0.0
15:21:30.278 #485 surface.view.deinit view=0x00000007531b1e00 surface=nil inWindow=0 hasSuperview=0
15:21:30.279 #486 sidebar.row.titlePaint workspace=DB78CF54 title=<redacted:3b>
15:21:30.286 #487 sidebar.row.titlePaint workspace=B8E73220 title=<redacted:14b>
15:21:30.286 #488 sidebar.row.titlePaint workspace=A93A6037 title=<redacted:14b>
15:21:30.287 #489 sidebar.table.apply structural=1 contentChanges=0 rows=3
15:21:30.287 #490 terminal.portal.host.claim surface=B1658 reason=updateState host=ObjectIdentifier(0x000000074f53a700) pane=586DB inWin=1 size=760.0x644.0 replacingHost=nil
15:21:30.287 #491 surface.attach surface=B1658 view=0x0000000754b80a00 attached=1 hasSurface=0 inWindow=0
15:21:30.287 #492 surface.attach.defer surface=B1658 reason=noWindow bounds=800.0x600.0
15:21:30.288 #493 portal.hostFrame.update host=0x000000074c078c00 frame=0.0,0.0 1000.0x700.0
15:21:30.288 #494 portal.bind hosted=0x0000000754b80f00 anchor=0x000000074f53a700 prevAnchor=nil visible=1 prevVisible=0 z=2 prevZ=-9223372036854775808
15:21:30.289 #495 surface.size.defer surface=B1658 reason=noWindow size=760.0x644.0
15:21:30.289 #496 portal.reparent hosted=0x0000000754b80f00 reason=attach super=nil
15:21:30.290 #497 surface.view.windowMove surface=B1658 inWindow=1 bounds=760.0x644.0 pending=760.0x644.0
15:21:30.290 #498 surface.attach surface=B1658 view=0x0000000754b80a00 attached=1 hasSurface=0 inWindow=1
15:21:30.290 #499 surface.attach.create surface=B1658 inWindow=1
15:21:30.290 #500 surface.attach.create.done surface=B1658 hasSurface=0
15:21:30.290 #501 surface.size.resume surface=B1658 size=760.0x644.0 backing=1520.0x1288.0
15:21:30.291 #502 portal.bonsplit.container hosted=0x0000000754b80f00 class=_TtGC7SwiftUI13NSHostingViewGV8Bonsplit17PaneContainerViewGVS_19_ConditionalContentGS3_GVS_15ModifiedContentV8cmux_DEV31RemoteTmuxWindowMirrorSplitViewVS_P10$22ecead3018TapGestureModifier_GS4_VS5_P10$12b34abb829WorkspacePanelContentHostViewS7___VS5_14EmptyPanelView_GS4_S9_S7____ frame=240.0,0.0 760.0x672.0 host=0.0,0.0 1000.0x700.0 anchor=240.0,0.0 760.0x644.0
15:21:30.310 #503 sidebar.table.rowsBuild items=3
15:21:30.445 #504 mainWindow.delegate.didResignKey window=cmux.main.A6093D88-2A33-451F-9B93-A6285EA625A6 visible=1 mini=0 key=0 main=0
15:21:30.445 #505 find.window.didResignKey surface=B1658 searchActive=false firstResponder=Optional(<cmux_DEV.SidebarWorkspaceTableViewImpl: 0x751269e00>) (not terminal, skipping)
15:21:30.446 #506 mainWindow.delegate.didResignMain window=cmux.main.A6093D88-2A33-451F-9B93-A6285EA625A6 visible=1 mini=0 key=0 main=0
15:21:30.459 #507 sidebar.table.rowsBuild items=3
15:21:30.488 #508 sidebar.row.titlePaint workspace=DB78CF54 title=<redacted:3b>
15:21:30.493 #509 sidebar.row.titlePaint workspace=B8E73220 title=<redacted:14b>
15:21:30.496 #510 sidebar.row.titlePaint workspace=A93A6037 title=<redacted:14b>
15:21:30.576 #511 surface.attach surface=B1658 view=0x0000000754b80a00 attached=1 hasSurface=0 inWindow=1
15:21:30.576 #512 surface.attach.create surface=B1658 inWindow=1
15:21:30.576 #513 surface.attach.create.done surface=B1658 hasSurface=0
15:21:30.597 #514 workspace.gitProbe.apply workspace=E77FB panel=9EAC0 branch=none dirty=0 pr=none
15:21:30.606 #515 find.applyFirstResponder.defer surface=nil reason=setVisibleInUI
15:21:30.624 #516 sidebar.table.rowsBuild items=3
15:21:30.655 #517 forceRefresh: B16588A2-9944-4212-B12D-5A8181FD5DA0 reason=setVisibleInUI.deferred inWindow=true bounds=(0.0, 0.0, 760.0, 644.0) metalOK=true hasSurface=false
15:21:30.655 #518 find.applyFirstResponder.defer surface=B1658 reason=setVisibleInUI
15:21:30.655 #519 find.preparePanelFocusIntent surface=B1658 target=terminal
15:21:30.657 #520 focus.panel panel=B1658 pane=586DB trigger=firstResponder tx=nil
15:21:30.657 #521 focus.panel.begin workspace=DB78C panel=B1658 trigger=terminalFirstResponder targetPane=586DB focusedPane=586DB selectedTab=72078 converged=1 currentPanel=B1658
15:21:30.657 #522 focus.split.apply.begin workspace=DB78C pane=586DB tab=72078 focusedPane=586DB selectedTab=72078 reassert=1
15:21:30.657 #523 find.preparePanelFocusIntent surface=B1658 target=terminal
15:21:30.657 #524 find.preparePanelFocusIntent surface=B1658 target=terminal
15:21:30.657 #525 focus.surface.reassert surface=B1658 reason=ensureFocus.alreadyFirstResponder
15:21:30.657 #526 focus.split.ensureFocus workspace=DB78C panel=B1658 pane=586DB tab=72078 intent=terminal(cmux_DEV.TerminalPanelFocusIntent.surface)
15:21:30.657 #527 focus.surface.reassert surface=B1658 reason=ensureFocus.alreadyFirstResponder
15:21:30.658 #528 focus.split.apply.end workspace=DB78C panel=B1658 type=TerminalPanel focusedPane=586DB selectedTab=72078 prevPanel=B1658
15:21:30.658 #529 focus.ensure.apply surface=B1658 tab=DB78C panel=B1658 result=1 firstResponder=Optional(<cmux_DEV.GhosttyNSView: 0x754b80a00>)
15:21:30.658 #530 focus.surface.reassert surface=B1658 reason=ensureFocus.afterMakeFirstResponder
15:21:30.658 #531 focus.surface.reassert surface=B1658 reason=ensureFocus.alreadyFirstResponder
15:21:30.658 #532 find.applyFirstResponder.defer surface=nil reason=setVisibleInUI
15:21:30.658 #533 find.applyFirstResponder.defer surface=DFF9E reason=setVisibleInUI
15:21:30.659 #534 find.applyFirstResponder.defer surface=nil reason=setVisibleInUI
15:21:30.659 #535 find.applyFirstResponder.defer surface=39D8A reason=setVisibleInUI
15:21:30.659 #536 focus.panel panel=B1658 pane=586DB trigger=standard tx=nil
15:21:30.659 #537 focus.panel.begin workspace=DB78C panel=B1658 trigger=standard targetPane=586DB focusedPane=586DB selectedTab=72078 converged=1 currentPanel=B1658
15:21:30.659 #538 focus.split.apply.begin workspace=DB78C pane=586DB tab=72078 focusedPane=586DB selectedTab=72078 reassert=1
15:21:30.659 #539 find.preparePanelFocusIntent surface=B1658 target=terminal
15:21:30.659 #540 find.preparePanelFocusIntent surface=B1658 target=terminal
15:21:30.659 #541 focus.surface.reassert surface=B1658 reason=ensureFocus.alreadyFirstResponder
15:21:30.659 #542 focus.split.ensureFocus workspace=DB78C panel=B1658 pane=586DB tab=72078 intent=terminal(cmux_DEV.TerminalPanelFocusIntent.surface)
15:21:30.659 #543 focus.surface.reassert surface=B1658 reason=ensureFocus.alreadyFirstResponder
15:21:30.659 #544 focus.split.apply.end workspace=DB78C panel=B1658 type=TerminalPanel focusedPane=586DB selectedTab=72078 prevPanel=B1658
15:21:30.659 #545 ws.select.asyncDone id=2 dt=1960.24ms selected=DB78C
15:21:30.712 #546 notification.auth refresh status=notDetermined mapped=Not Requested
15:21:30.718 #547 surface.attach surface=B1658 view=0x0000000754b80a00 attached=1 hasSurface=0 inWindow=1
15:21:30.718 #548 surface.attach.create surface=B1658 inWindow=1
15:21:30.718 #549 surface.attach.create.done surface=B1658 hasSurface=0
15:21:30.733 #550 sidebar.table.rowsBuild items=3
15:21:30.770 #551 surface.attach surface=B1658 view=0x0000000754b80a00 attached=1 hasSurface=0 inWindow=1
15:21:30.770 #552 surface.attach.create surface=B1658 inWindow=1
15:21:30.770 #553 surface.attach.create.done surface=B1658 hasSurface=0
15:21:30.776 #554 surface.hosted.deinit surface=nil inWindow=0 hasSuperview=0 hidden=1 frame=0.0x0.0
15:21:30.782 #555 surface.background_start surface=B16588A2 inWindow=1 ready=0 source=normal ms=0.02
15:21:30.782 #556 focus.surface.reassert surface=B1658 reason=ensureFocus.alreadyFirstResponder
15:21:30.782 #557 surface.hosted.deinit surface=nil inWindow=0 hasSuperview=0 hidden=1 frame=0.0x0.0
15:21:30.783 #558 surface.hosted.deinit surface=nil inWindow=0 hasSuperview=0 hidden=1 frame=0.0x0.0
15:21:30.783 #559 workspace.gitProbe.joinSnapshot dir=<redacted:26b>
15:21:30.783 #560 workspace.gitProbe.joinSnapshot dir=<redacted:26b>
15:21:30.786 #561 zoom.create surface=B1658 context=<redacted:40b>
15:21:30.805 #562 surface.size.apply surface=B16588A2 caller=runtime.create.initial grid=49x17->94x37 pixels=800x600->1520x1288 target=1520x1288
15:21:30.805 #563 zoom.create.done surface=B1658 context=<redacted:23b>
15:21:30.805 #564 agentChat.state session=24711ec1 idle->ended v2
15:21:30.824 #565 surface.view.deinit view=0x0000000754b83700 surface=nil inWindow=0 hasSuperview=0
15:21:30.824 #566 surface.view.deinit view=0x0000000754b81900 surface=nil inWindow=0 hasSuperview=0
15:21:30.825 #567 surface.view.deinit view=0x00000007531b3700 surface=nil inWindow=0 hasSuperview=0
15:21:30.846 #568 find.preparePanelFocusIntent surface=B1658 target=terminal
15:21:30.846 #569 focus.surface.reassert surface=B1658 reason=ensureFocus.alreadyFirstResponder
15:21:30.847 #570 focus.surface.reassert surface=B1658 reason=ensureFocus.alreadyFirstResponder
15:21:30.847 #571 workspace.gitProbe.apply workspace=DB78C panel=B1658 branch=none dirty=0 pr=none
15:21:30.847 #572 workspace.gitProbe.apply workspace=A93A6 panel=39D8A branch=none dirty=0 pr=none
15:21:30.847 #573 workspace.gitProbe.apply workspace=B8E73 panel=DFF9E branch=none dirty=0 pr=none
15:21:30.847 #574 find.applyFirstResponder.defer surface=B1658 reason=surfaceDidBecomeReady
15:21:30.855 #575 forceRefresh: B16588A2-9944-4212-B12D-5A8181FD5DA0 reason=unspecified inWindow=true bounds=(0.0, 0.0, 760.0, 644.0) metalOK=false hasSurface=true
15:21:30.872 #576 sidebar.table.rowsBuild items=3
15:21:30.891 #577 connectivity.stream connecting
15:21:31.001 #578 sidebar.table.rowsBuild items=3
15:21:31.108 #579 sidebar.table.rowsBuild items=3
15:21:31.393 #580 sidebar.table.rowsBuild items=3
15:21:31.815 #581 monitorMemory.capture window=A6093D88 reason=sessionSnapshot sig=[1d …E8634E@0,0,2560x1440] frame={x=780.0 y=532.0 w=1000.0 h=700.0} rememberedConfigs=1
15:21:31.815 #582 session.save includeScrollback=0 windows=1
15:21:31.815 #583 session.save.window idx=0 frame={x=780.0 y=532.0 w=1000.0 h=700.0} display={id=4 frame={x=0.0 y=0.0 w=2560.0 h=1440.0} visible={x=0.0 y=0.0 w=2560.0 h=1410.0}} workspaces=3 selected=0
15:21:31.815 #584 typing.timing probe=session.saveSnapshot elapsedMs=1.33 includeScrollback=0 removeWhenEmpty=0 sync=0
15:21:31.825 #585 sidebar.table.rowsBuild items=3
15:21:31.862 #586 sidebar.table.rowsBuild items=3
15:21:31.896 #587 sidebar.table.rowsBuild items=3
15:21:32.026 #588 paneMemGuard.scan panes=3 maxMB=0 thresholdMB=8192 warned=0 scope=1
15:21:32.453 #589 sidebar.table.rowsBuild items=3
15:21:33.824 #590 sidebar.table.rowsBuild items=3
15:21:33.843 #591 notification.queue.drain batch=2 remaining=0 firstSeq=1 lastSeq=2
15:21:33.844 #592 surface.shellState workspace=DB78C panel=B1658 from=unknown to=promptIdle
15:21:33.844 #593 workspace.prRefresh.schedule workspace=DB78C panel=B1658 reason=shellPrompt
15:21:33.851 #594 notification.queue.drain batch=1 remaining=0 firstSeq=3 lastSeq=3
15:21:34.007 #595 notification.queue.drain batch=1 remaining=0 firstSeq=4 lastSeq=4
15:21:34.374 #596 notification.queue.drain batch=1 remaining=0 firstSeq=5 lastSeq=5
15:21:35.990 #597 agentChat.state session=10111111 idle->ended v2
15:21:36.088 #598 paneMemGuard.scan panes=3 maxMB=4 thresholdMB=8192 warned=0 scope=1
15:21:36.379 #599 phoneReply.sweepFetched count=0
15:21:36.379 #600 phoneReply.sweepScheduled reason=queued-during-sweep
15:21:36.941 #601 phoneReply.sweepFetched count=0
15:21:37.262 #602 monitorMemory.capture window=A6093D88 reason=sessionSnapshot sig=[1d …E8634E@0,0,2560x1440] frame={x=780.0 y=532.0 w=1000.0 h=700.0} rememberedConfigs=1
15:21:37.262 #603 session.save includeScrollback=0 windows=1
15:21:37.262 #604 session.save.window idx=0 frame={x=780.0 y=532.0 w=1000.0 h=700.0} display={id=4 frame={x=0.0 y=0.0 w=2560.0 h=1440.0} visible={x=0.0 y=0.0 w=2560.0 h=1410.0}} workspaces=3 selected=0
15:21:37.262 #605 typing.timing probe=session.saveSnapshot elapsedMs=1.07 includeScrollback=0 removeWhenEmpty=0 sync=0
15:21:37.263 #606 typing.phase probe=session.autosaveTick.phase totalMs=1236.03 loadMs=1234.38 fingerprintMs=0.24 saveMs=1.10 source=timer
15:21:37.263 #607 typing.timing probe=session.autosaveTick elapsedMs=1236.10 source=timer
15:21:37.280 #608 sidebar.table.rowsBuild items=3
15:21:37.505 #609 sidebar.table.rowsBuild items=3
15:21:37.514 #610 sidebar.table.rowsBuild items=3
15:21:37.553 #611 sidebar.table.rowsBuild items=3
15:21:41.163 #612 paneMemGuard.scan panes=3 maxMB=4 thresholdMB=8192 warned=0 scope=0
15:21:42.252 #613 surface.attach surface=9C574 view=0x0000000754bf3200 attached=0 hasSurface=0 inWindow=0
15:21:42.252 #614 surface.attach.defer surface=9C574 reason=noWindow bounds=800.0x600.0
15:21:42.252 #615 surface.size.defer surface=9C574 reason=noWindow size=800.0x600.0
15:21:42.253 #616 focus.bonsplit pane=C438C
15:21:42.253 #617 focus.split.apply.begin workspace=70DC5 pane=C438C tab=96B5D focusedPane=C438C selectedTab=96B5D reassert=1
15:21:42.253 #618 find.preparePanelFocusIntent surface=9C574 target=terminal
15:21:42.253 #619 find.preparePanelFocusIntent surface=9C574 target=terminal
15:21:42.253 #620 focus.split.moveFocus workspace=70DC5 panel=9C574 previousExists=0 to=9C574
15:21:42.253 #621 find.moveFocus to=9C574 from=nil searchState=nil delayMs=0
15:21:42.253 #622 focus.split.ensureFocus workspace=70DC5 panel=9C574 pane=C438C tab=96B5D intent=terminal(cmux_DEV.TerminalPanelFocusIntent.surface)
15:21:42.254 #623 focus.split.apply.end workspace=70DC5 panel=9C574 type=TerminalPanel focusedPane=C438C selectedTab=96B5D prevPanel=9C574
15:21:42.254 #624 focus.bonsplit pane=C438C
15:21:42.254 #625 focus.split.apply.begin workspace=70DC5 pane=C438C tab=96B5D focusedPane=C438C selectedTab=96B5D reassert=1
15:21:42.254 #626 find.preparePanelFocusIntent surface=9C574 target=terminal
15:21:42.254 #627 find.preparePanelFocusIntent surface=9C574 target=terminal
15:21:42.254 #628 focus.split.moveFocus workspace=70DC5 panel=9C574 previousExists=0 to=9C574
15:21:42.254 #629 find.moveFocus to=9C574 from=nil searchState=nil delayMs=0
15:21:42.254 #630 focus.split.ensureFocus workspace=70DC5 panel=9C574 pane=C438C tab=96B5D intent=terminal(cmux_DEV.TerminalPanelFocusIntent.surface)
15:21:42.254 #631 focus.split.apply.end workspace=70DC5 panel=9C574 type=TerminalPanel focusedPane=C438C selectedTab=96B5D prevPanel=9C574
15:21:42.254 #632 workspace.customTitle.write workspace=70DC5986 source=auto title=<redacted:11b>
15:21:42.255 #633 ws.term.visible id=2 dt=13555.96ms surface=9C574 transition=1->0 active=1 visibleFlag=0 hostHidden=1 surfaceHidden=0 hiddenHierarchy=1 inWindow=0 hasSuperview=0 bounds=0.0x0.0 frame=0.0x0.0 firstResponder=nil
15:21:42.256 #634 workspace.gitProbe.schedule workspace=70DC5 panel=9C574 dir=<redacted:17b> reason=initial
15:21:42.271 #635 sidebar.table.rowsBuild items=4
15:21:42.301 #636 sidebar.row.titlePaint workspace=DB78CF54 title=<redacted:3b>
15:21:42.302 #637 sidebar.row.titlePaint workspace=B8E73220 title=<redacted:14b>
15:21:42.303 #638 sidebar.row.titlePaint workspace=A93A6037 title=<redacted:14b>
15:21:42.304 #639 sidebar.table.apply structural=1 contentChanges=3 rows=4
15:21:42.332 #640 sidebar.row.titlePaint workspace=DB78CF54 title=<redacted:3b>
15:21:42.356 #641 sidebar.row.titlePaint workspace=B8E73220 title=<redacted:14b>
15:21:42.360 #642 sidebar.row.titlePaint workspace=A93A6037 title=<redacted:14b>
15:21:42.386 #643 workspace.gitProbe.apply workspace=70DC5 panel=9C574 branch=none dirty=0 pr=none
15:21:44.248 #644 paneMemGuard.scan panes=4 maxMB=4 thresholdMB=8192 warned=0 scope=1
15:21:45.342 #645 monitorMemory.capture window=A6093D88 reason=sessionSnapshot sig=[1d …E8634E@0,0,2560x1440] frame={x=780.0 y=532.0 w=1000.0 h=700.0} rememberedConfigs=1
15:21:45.342 #646 session.save includeScrollback=0 windows=1
15:21:45.342 #647 session.save.window idx=0 frame={x=780.0 y=532.0 w=1000.0 h=700.0} display={id=4 frame={x=0.0 y=0.0 w=2560.0 h=1440.0} visible={x=0.0 y=0.0 w=2560.0 h=1410.0}} workspaces=4 selected=0
15:21:45.342 #648 typing.timing probe=session.saveSnapshot elapsedMs=1.61 includeScrollback=0 removeWhenEmpty=0 sync=0
15:21:45.343 #649 typing.phase probe=session.autosaveTick.phase totalMs=1232.37 loadMs=1230.16 fingerprintMs=0.29 saveMs=1.64 source=timer
15:21:45.343 #650 typing.timing probe=session.autosaveTick elapsedMs=1232.42 source=timer
15:21:45.392 #651 sidebar.table.rowsBuild items=4
15:21:45.439 #652 sidebar.table.rowsBuild items=4
15:21:45.554 #653 sidebar.table.rowsBuild items=4
15:21:45.567 #654 sidebar.table.rowsBuild items=4
15:21:45.579 #655 sidebar.table.rowsBuild items=4
15:21:48.113 #656 paneMemGuard.scan panes=4 maxMB=4 thresholdMB=8192 warned=0 scope=1
15:21:52.351 #657 paneMemGuard.scan panes=4 maxMB=4 thresholdMB=8192 warned=0 scope=1
15:21:53.303 #658 session.save.skipped reason=unchanged_autosave_fingerprint includeScrollback=0 source=timer
15:21:53.304 #659 typing.phase probe=session.autosaveTick.phase totalMs=1192.36 loadMs=1191.47 fingerprintMs=0.43 source=timer
15:21:53.304 #660 typing.timing probe=session.autosaveTick elapsedMs=1192.44 source=timer
15:21:56.499 #661 paneMemGuard.scan panes=4 maxMB=4 thresholdMB=8192 warned=0 scope=0
15:22:00.174 #662 paneMemGuard.scan panes=4 maxMB=4 thresholdMB=8192 warned=0 scope=1
15:22:01.187 #663 session.save.skipped reason=unchanged_autosave_fingerprint includeScrollback=0 source=timer
15:22:01.187 #664 typing.phase probe=session.autosaveTick.phase totalMs=1078.67 loadMs=1077.98 fingerprintMs=0.40 source=timer
15:22:01.187 #665 typing.timing probe=session.autosaveTick elapsedMs=1078.74 source=timer
[2026-08-25T22:22:02Z] auth: file.compareAndSet: matches=true hasNewRefresh=true hasNewAccess=true
[2026-08-25T22:22:02Z] auth: file.setTokens: hasAccess=true hasRefresh=true
15:22:04.028 #666 paneMemGuard.scan panes=4 maxMB=4 thresholdMB=8192 warned=0 scope=1
15:22:08.423 #667 paneMemGuard.scan panes=4 maxMB=4 thresholdMB=8192 warned=0 scope=1
15:22:09.330 #668 session.save.skipped reason=unchanged_autosave_fingerprint includeScrollback=0 source=timer
15:22:09.331 #669 typing.phase probe=session.autosaveTick.phase totalMs=1220.41 loadMs=1219.64 fingerprintMs=0.41 source=timer
15:22:09.331 #670 typing.timing probe=session.autosaveTick elapsedMs=1220.48 source=timer
15:22:12.261 #671 paneMemGuard.scan panes=4 maxMB=4 thresholdMB=8192 warned=0 scope=0
15:22:12.478 #672 agentChat.state session=01a013c1 idle->ended v2
15:22:16.194 #673 paneMemGuard.scan panes=4 maxMB=4 thresholdMB=8192 warned=0 scope=1
15:22:17.115 #674 session.save.skipped reason=unchanged_autosave_fingerprint includeScrollback=0 source=timer
15:22:17.115 #675 typing.phase probe=session.autosaveTick.phase totalMs=1003.85 loadMs=1003.30 fingerprintMs=0.28 source=timer
15:22:17.115 #676 typing.timing probe=session.autosaveTick elapsedMs=1003.91 source=timer
15:22:19.430 #677 sidebar.table.rowsBuild items=4
15:22:20.110 #678 paneMemGuard.scan panes=4 maxMB=4 thresholdMB=8192 warned=0 scope=1
15:22:24.212 #679 paneMemGuard.scan panes=4 maxMB=4 thresholdMB=8192 warned=0 scope=0
15:22:25.179 #680 session.save.skipped reason=unchanged_autosave_fingerprint includeScrollback=0 source=timer
15:22:25.179 #681 typing.phase probe=session.autosaveTick.phase totalMs=1071.05 loadMs=1070.32 fingerprintMs=0.37 source=timer
15:22:25.179 #682 typing.timing probe=session.autosaveTick elapsedMs=1071.13 source=timer
15:22:28.379 #683 paneMemGuard.scan panes=4 maxMB=4 thresholdMB=8192 warned=0 scope=0
15:22:32.217 #684 paneMemGuard.scan panes=4 maxMB=4 thresholdMB=8192 warned=0 scope=0
15:22:33.177 #685 session.save.skipped reason=unchanged_autosave_fingerprint includeScrollback=0 source=timer
15:22:33.178 #686 typing.phase probe=session.autosaveTick.phase totalMs=1067.66 loadMs=1067.14 fingerprintMs=0.25 source=timer
15:22:33.178 #687 typing.timing probe=session.autosaveTick elapsedMs=1067.71 source=timer
15:22:36.112 #688 paneMemGuard.scan panes=4 maxMB=4 thresholdMB=8192 warned=0 scope=1
15:22:40.186 #689 paneMemGuard.scan panes=4 maxMB=4 thresholdMB=8192 warned=0 scope=0
15:22:41.285 #690 session.save.skipped reason=unchanged_autosave_fingerprint includeScrollback=0 source=timer
15:22:41.286 #691 typing.phase probe=session.autosaveTick.phase totalMs=1178.27 loadMs=1177.56 fingerprintMs=0.35 source=timer
15:22:41.286 #692 typing.timing probe=session.autosaveTick elapsedMs=1178.34 source=timer
15:22:44.285 #693 paneMemGuard.scan panes=4 maxMB=4 thresholdMB=8192 warned=0 scope=0
15:22:48.198 #694 paneMemGuard.scan panes=4 maxMB=4 thresholdMB=8192 warned=0 scope=1
15:22:49.292 #695 monitorMemory.capture window=A6093D88 reason=sessionSnapshot sig=[1d …E8634E@0,0,2560x1440] frame={x=780.0 y=532.0 w=1000.0 h=700.0} rememberedConfigs=1
15:22:49.294 #696 session.save includeScrollback=0 windows=1
15:22:49.294 #697 session.save.window idx=0 frame={x=780.0 y=532.0 w=1000.0 h=700.0} display={id=4 frame={x=0.0 y=0.0 w=2560.0 h=1440.0} visible={x=0.0 y=0.0 w=2560.0 h=1410.0}} workspaces=4 selected=0
15:22:49.294 #698 typing.timing probe=session.saveSnapshot elapsedMs=11.32 includeScrollback=0 removeWhenEmpty=0 sync=0
15:22:49.295 #699 typing.phase probe=session.autosaveTick.phase totalMs=1184.05 loadMs=1168.98 fingerprintMs=3.12 saveMs=11.65 source=timer
15:22:49.295 #700 typing.timing probe=session.autosaveTick elapsedMs=1184.11 source=timer
15:22:49.618 #701 sidebar.table.rowsBuild items=4
15:22:49.799 #702 sidebar.table.rowsBuild items=4
15:22:49.843 #703 sidebar.table.rowsBuild items=4
15:22:50.384 #704 agentChat.state session=01a03afb idle->ended v2
15:22:52.114 #705 paneMemGuard.scan panes=4 maxMB=4 thresholdMB=8192 warned=0 scope=1
15:22:56.482 #706 paneMemGuard.scan panes=4 maxMB=4 thresholdMB=8192 warned=0 scope=1
15:22:57.264 #707 session.save.skipped reason=unchanged_autosave_fingerprint includeScrollback=0 source=timer
15:22:57.264 #708 typing.phase probe=session.autosaveTick.phase totalMs=1153.56 loadMs=1152.65 fingerprintMs=0.52 source=timer
15:22:57.264 #709 typing.timing probe=session.autosaveTick elapsedMs=1153.65 source=timer
15:23:00.261 #710 paneMemGuard.scan panes=4 maxMB=4 thresholdMB=8192 warned=0 scope=0
15:23:04.325 #711 paneMemGuard.scan panes=4 maxMB=4 thresholdMB=8192 warned=0 scope=1
15:23:05.458 #712 session.save.skipped reason=unchanged_autosave_fingerprint includeScrollback=0 source=timer
15:23:05.458 #713 typing.phase probe=session.autosaveTick.phase totalMs=1347.33 loadMs=1346.68 fingerprintMs=0.34 source=timer
15:23:05.458 #714 typing.timing probe=session.autosaveTick elapsedMs=1347.41 source=timer
15:23:08.111 #715 paneMemGuard.scan panes=4 maxMB=4 thresholdMB=8192 warned=0 scope=1
15:23:12.554 #716 paneMemGuard.scan panes=4 maxMB=4 thresholdMB=8192 warned=0 scope=1
15:23:13.076 #717 session.save.skipped reason=unchanged_autosave_fingerprint includeScrollback=0 source=timer
15:23:13.077 #718 typing.phase probe=session.autosaveTick.phase totalMs=964.62 loadMs=963.93 fingerprintMs=0.31 source=timer
15:23:13.077 #719 typing.timing probe=session.autosaveTick elapsedMs=964.70 source=timer
15:23:16.149 #720 paneMemGuard.scan panes=4 maxMB=4 thresholdMB=8192 warned=0 scope=0
[2026-08-25T22:23:19Z] auth: file.compareAndSet: matches=true hasNewRefresh=true hasNewAccess=true
[2026-08-25T22:23:19Z] auth: file.setTokens: hasAccess=true hasRefresh=true
15:23:20.253 #721 paneMemGuard.scan panes=4 maxMB=4 thresholdMB=8192 warned=0 scope=1
15:23:21.277 #722 session.save.skipped reason=unchanged_autosave_fingerprint includeScrollback=0 source=timer
15:23:21.277 #723 typing.phase probe=session.autosaveTick.phase totalMs=1166.59 loadMs=1165.68 fingerprintMs=0.56 source=timer
15:23:21.277 #724 typing.timing probe=session.autosaveTick elapsedMs=1166.82 source=timer
15:23:24.113 #725 paneMemGuard.scan panes=4 maxMB=4 thresholdMB=8192 warned=0 scope=1
15:23:28.473 #726 paneMemGuard.scan panes=4 maxMB=4 thresholdMB=8192 warned=0 scope=1
15:23:29.259 #727 session.save.skipped reason=unchanged_autosave_fingerprint includeScrollback=0 source=timer
15:23:29.260 #728 typing.phase probe=session.autosaveTick.phase totalMs=1149.15 loadMs=1148.33 fingerprintMs=0.42 source=timer
15:23:29.260 #729 typing.timing probe=session.autosaveTick elapsedMs=1149.24 source=timer
15:23:32.150 #730 paneMemGuard.scan panes=4 maxMB=4 thresholdMB=8192 warned=0 scope=0
15:23:36.193 #731 paneMemGuard.scan panes=4 maxMB=4 thresholdMB=8192 warned=0 scope=0
15:23:37.149 #732 session.save.skipped reason=unchanged_autosave_fingerprint includeScrollback=0 source=timer
15:23:37.149 #733 typing.phase probe=session.autosaveTick.phase totalMs=1037.28 loadMs=1036.52 fingerprintMs=0.43 source=timer
15:23:37.150 #734 typing.timing probe=session.autosaveTick elapsedMs=1037.39 source=timer
15:23:40.112 #735 paneMemGuard.scan panes=4 maxMB=4 thresholdMB=8192 warned=0 scope=1
15:23:44.334 #736 paneMemGuard.scan panes=4 maxMB=4 thresholdMB=8192 warned=0 scope=1
15:23:45.077 #737 session.save.skipped reason=unchanged_autosave_fingerprint includeScrollback=0 source=timer
15:23:45.077 #738 typing.phase probe=session.autosaveTick.phase totalMs=964.99 loadMs=964.44 fingerprintMs=0.26 source=timer
15:23:45.077 #739 typing.timing probe=session.autosaveTick elapsedMs=965.04 source=timer
15:23:48.480 #740 paneMemGuard.scan panes=4 maxMB=4 thresholdMB=8192 warned=0 scope=0
15:23:52.157 #741 paneMemGuard.scan panes=4 maxMB=4 thresholdMB=8192 warned=0 scope=0
15:23:53.315 #742 monitorMemory.capture window=A6093D88 reason=sessionSnapshot sig=[1d …E8634E@0,0,2560x1440] frame={x=780.0 y=532.0 w=1000.0 h=700.0} rememberedConfigs=1
15:23:53.315 #743 session.save includeScrollback=0 windows=1
15:23:53.315 #744 session.save.window idx=0 frame={x=780.0 y=532.0 w=1000.0 h=700.0} display={id=4 frame={x=0.0 y=0.0 w=2560.0 h=1440.0} visible={x=0.0 y=0.0 w=2560.0 h=1410.0}} workspaces=4 selected=0
15:23:53.315 #745 typing.timing probe=session.saveSnapshot elapsedMs=2.33 includeScrollback=0 removeWhenEmpty=0 sync=0
15:23:53.315 #746 typing.phase probe=session.autosaveTick.phase totalMs=1204.74 loadMs=1201.84 fingerprintMs=0.31 saveMs=2.36 source=timer
15:23:53.315 #747 typing.timing probe=session.autosaveTick elapsedMs=1204.80 source=timer
15:23:53.332 #748 sidebar.table.rowsBuild items=4
15:23:53.370 #749 sidebar.table.rowsBuild items=4
15:23:53.474 #750 sidebar.table.rowsBuild items=4
15:23:53.523 #751 sidebar.table.rowsBuild items=4
15:23:56.112 #752 paneMemGuard.scan panes=4 maxMB=4 thresholdMB=8192 warned=0 scope=1
15:24:00.182 #753 paneMemGuard.scan panes=4 maxMB=4 thresholdMB=8192 warned=0 scope=1
15:24:01.175 #754 session.save.skipped reason=unchanged_autosave_fingerprint includeScrollback=0 source=timer
15:24:01.176 #755 typing.phase probe=session.autosaveTick.phase totalMs=1063.77 loadMs=1063.15 fingerprintMs=0.28 source=timer
15:24:01.176 #756 typing.timing probe=session.autosaveTick elapsedMs=1063.83 source=timer
15:24:04.377 #757 paneMemGuard.scan panes=4 maxMB=4 thresholdMB=8192 warned=0 scope=0
15:24:05.287 #758 sidebar.table.rowsBuild items=4
15:24:05.349 #759 sidebar.table.rowsBuild items=4
15:24:08.188 #760 paneMemGuard.scan panes=4 maxMB=4 thresholdMB=8192 warned=0 scope=1
15:24:09.145 #761 session.save.skipped reason=unchanged_autosave_fingerprint includeScrollback=0 source=timer
15:24:09.145 #762 typing.phase probe=session.autosaveTick.phase totalMs=1035.89 loadMs=1035.29 fingerprintMs=0.25 source=timer
15:24:09.145 #763 typing.timing probe=session.autosaveTick elapsedMs=1035.94 source=timer
15:24:12.113 #764 paneMemGuard.scan panes=4 maxMB=4 thresholdMB=8192 warned=0 scope=1
15:24:16.165 #765 paneMemGuard.scan panes=4 maxMB=4 thresholdMB=8192 warned=0 scope=0
15:24:17.250 #766 session.save.skipped reason=unchanged_autosave_fingerprint includeScrollback=0 source=timer
15:24:17.250 #767 typing.phase probe=session.autosaveTick.phase totalMs=1139.66 loadMs=1139.12 fingerprintMs=0.25 source=timer
15:24:17.250 #768 typing.timing probe=session.autosaveTick elapsedMs=1139.71 source=timer
15:24:20.373 #769 paneMemGuard.scan panes=4 maxMB=4 thresholdMB=8192 warned=0 scope=0
15:24:24.289 #770 paneMemGuard.scan panes=4 maxMB=4 thresholdMB=8192 warned=0 scope=1
15:24:25.156 #771 session.save.skipped reason=unchanged_autosave_fingerprint includeScrollback=0 source=timer
15:24:25.157 #772 typing.phase probe=session.autosaveTick.phase totalMs=1044.64 loadMs=1043.98 fingerprintMs=0.30 source=timer
15:24:25.157 #773 typing.timing probe=session.autosaveTick elapsedMs=1044.70 source=timer
15:24:28.112 #774 paneMemGuard.scan panes=4 maxMB=4 thresholdMB=8192 warned=0 scope=1
15:24:32.495 #775 paneMemGuard.scan panes=4 maxMB=4 thresholdMB=8192 warned=0 scope=1
15:24:33.188 #776 session.save.skipped reason=unchanged_autosave_fingerprint includeScrollback=0 source=timer
15:24:33.189 #777 typing.phase probe=session.autosaveTick.phase totalMs=1081.86 loadMs=1081.30 fingerprintMs=0.25 source=timer
15:24:33.189 #778 typing.timing probe=session.autosaveTick elapsedMs=1081.91 source=timer
15:24:36.554 #779 paneMemGuard.scan panes=4 maxMB=4 thresholdMB=8192 warned=0 scope=0
[2026-08-25T22:24:36Z] auth: file.compareAndSet: matches=true hasNewRefresh=true hasNewAccess=true
[2026-08-25T22:24:36Z] auth: file.setTokens: hasAccess=true hasRefresh=true
15:24:40.159 #780 paneMemGuard.scan panes=4 maxMB=4 thresholdMB=8192 warned=0 scope=1
15:24:41.180 #781 session.save.skipped reason=unchanged_autosave_fingerprint includeScrollback=0 source=timer
15:24:41.181 #782 typing.phase probe=session.autosaveTick.phase totalMs=1070.06 loadMs=1069.49 fingerprintMs=0.28 source=timer
15:24:41.181 #783 typing.timing probe=session.autosaveTick elapsedMs=1070.11 source=timer
15:24:44.113 #784 paneMemGuard.scan panes=4 maxMB=4 thresholdMB=8192 warned=0 scope=1
15:24:48.161 #785 paneMemGuard.scan panes=4 maxMB=4 thresholdMB=8192 warned=0 scope=1
15:24:49.154 #786 session.save.skipped reason=unchanged_autosave_fingerprint includeScrollback=0 source=timer
15:24:49.155 #787 typing.phase probe=session.autosaveTick.phase totalMs=1042.95 loadMs=1042.24 fingerprintMs=0.32 source=timer
15:24:49.155 #788 typing.timing probe=session.autosaveTick elapsedMs=1043.02 source=timer
15:24:52.329 #789 paneMemGuard.scan panes=4 maxMB=4 thresholdMB=8192 warned=0 scope=0
15:24:53.076 #790 sidebar.table.rowsBuild items=4
15:24:53.142 #791 sidebar.table.rowsBuild items=4
15:24:56.202 #792 paneMemGuard.scan panes=4 maxMB=4 thresholdMB=8192 warned=0 scope=1
15:24:57.295 #793 monitorMemory.capture window=A6093D88 reason=sessionSnapshot sig=[1d …E8634E@0,0,2560x1440] frame={x=780.0 y=532.0 w=1000.0 h=700.0} rememberedConfigs=1
15:24:57.295 #794 session.save includeScrollback=0 windows=1
15:24:57.295 #795 session.save.window idx=0 frame={x=780.0 y=532.0 w=1000.0 h=700.0} display={id=4 frame={x=0.0 y=0.0 w=2560.0 h=1440.0} visible={x=0.0 y=0.0 w=2560.0 h=1410.0}} workspaces=4 selected=0
15:24:57.295 #796 typing.timing probe=session.saveSnapshot elapsedMs=1.71 includeScrollback=0 removeWhenEmpty=0 sync=0
15:24:57.296 #797 typing.phase probe=session.autosaveTick.phase totalMs=1186.27 loadMs=1183.49 fingerprintMs=0.83 saveMs=1.73 source=timer
15:24:57.296 #798 typing.timing probe=session.autosaveTick elapsedMs=1186.43 source=timer
15:24:57.409 #799 sidebar.table.rowsBuild items=4
15:24:57.428 #800 sidebar.table.rowsBuild items=4
15:24:57.438 #801 sidebar.table.rowsBuild items=4
15:24:57.518 #802 sidebar.table.rowsBuild items=4
15:24:57.582 #803 sidebar.table.rowsBuild items=4
15:24:57.755 #804 sidebar.table.rowsBuild items=4
15:24:57.795 #805 sidebar.table.rowsBuild items=4
15:25:00.110 #806 paneMemGuard.scan panes=4 maxMB=4 thresholdMB=8192 warned=0 scope=1
15:25:04.185 #807 paneMemGuard.scan panes=4 maxMB=4 thresholdMB=8192 warned=0 scope=0
15:25:05.599 #808 session.save.skipped reason=unchanged_autosave_fingerprint includeScrollback=0 source=timer
15:25:05.599 #809 typing.phase probe=session.autosaveTick.phase totalMs=1487.00 loadMs=1486.31 fingerprintMs=0.33 source=timer
15:25:05.600 #810 typing.timing probe=session.autosaveTick elapsedMs=1487.06 source=timer
15:25:08.343 #811 paneMemGuard.scan panes=4 maxMB=4 thresholdMB=8192 warned=0 scope=0
15:25:12.204 #812 paneMemGuard.scan panes=4 maxMB=4 thresholdMB=8192 warned=0 scope=0
15:25:13.457 #813 session.save.skipped reason=unchanged_autosave_fingerprint includeScrollback=0 source=timer
15:25:13.457 #814 typing.phase probe=session.autosaveTick.phase totalMs=1344.95 loadMs=1344.34 fingerprintMs=0.29 source=timer
15:25:13.457 #815 typing.timing probe=session.autosaveTick elapsedMs=1345.01 source=timer
15:25:15.732 #816 sidebar.table.rowsBuild items=4
15:25:15.909 #817 sidebar.table.rowsBuild items=4
15:25:16.114 #818 paneMemGuard.scan panes=4 maxMB=4 thresholdMB=8192 warned=0 scope=1
15:25:17.124 #819 sidebar.table.rowsBuild items=4
15:25:17.174 #820 sidebar.table.rowsBuild items=4
15:25:18.661 #821 sidebar.table.rowsBuild items=4
15:25:18.722 #822 sidebar.table.rowsBuild items=4
15:25:20.167 #823 paneMemGuard.scan panes=4 maxMB=4 thresholdMB=8192 warned=0 scope=0
15:25:21.251 #824 session.save.skipped reason=unchanged_autosave_fingerprint includeScrollback=0 source=timer
15:25:21.252 #825 typing.phase probe=session.autosaveTick.phase totalMs=1142.56 loadMs=1141.82 fingerprintMs=0.37 source=timer
15:25:21.252 #826 typing.timing probe=session.autosaveTick elapsedMs=1142.63 source=timer
15:25:24.567 #827 paneMemGuard.scan panes=4 maxMB=4 thresholdMB=8192 warned=0 scope=0
15:25:28.263 #828 paneMemGuard.scan panes=4 maxMB=4 thresholdMB=8192 warned=0 scope=1
15:25:29.290 #829 session.save.skipped reason=unchanged_autosave_fingerprint includeScrollback=0 source=timer
15:25:29.290 #830 typing.phase probe=session.autosaveTick.phase totalMs=1179.22 loadMs=1178.42 fingerprintMs=0.54 source=timer
15:25:29.290 #831 typing.timing probe=session.autosaveTick elapsedMs=1179.31 source=timer
15:25:32.110 #832 paneMemGuard.scan panes=4 maxMB=4 thresholdMB=8192 warned=0 scope=1
15:25:32.195 #833 sidebar.table.rowsBuild items=4
15:25:32.312 #834 sidebar.table.rowsBuild items=4
15:25:36.216 #835 paneMemGuard.scan panes=4 maxMB=4 thresholdMB=8192 warned=0 scope=1
15:25:37.243 #836 session.save.skipped reason=unchanged_autosave_fingerprint includeScrollback=0 source=timer
15:25:37.244 #837 typing.phase probe=session.autosaveTick.phase totalMs=1131.63 loadMs=1130.70 fingerprintMs=0.63 source=timer
15:25:37.244 #838 typing.timing probe=session.autosaveTick elapsedMs=1131.97 source=timer
15:25:37.414 #839 sidebar.table.rowsBuild items=4
15:25:37.457 #840 sidebar.table.rowsBuild items=4
15:25:40.263 #841 paneMemGuard.scan panes=4 maxMB=4 thresholdMB=8192 warned=0 scope=0
15:25:44.385 #842 paneMemGuard.scan panes=4 maxMB=4 thresholdMB=8192 warned=0 scope=1
15:25:45.140 #843 session.save.skipped reason=unchanged_autosave_fingerprint includeScrollback=0 source=timer
15:25:45.141 #844 typing.phase probe=session.autosaveTick.phase totalMs=1027.61 loadMs=1026.97 fingerprintMs=0.34 source=timer
15:25:45.141 #845 typing.timing probe=session.autosaveTick elapsedMs=1027.68 source=timer
15:25:48.112 #846 paneMemGuard.scan panes=4 maxMB=4 thresholdMB=8192 warned=0 scope=1
15:25:52.465 #847 paneMemGuard.scan panes=4 maxMB=4 thresholdMB=8192 warned=0 scope=1
15:25:53.113 #848 session.save.skipped reason=unchanged_autosave_fingerprint includeScrollback=0 source=timer
15:25:53.113 #849 typing.phase probe=session.autosaveTick.phase totalMs=1002.86 loadMs=1002.15 fingerprintMs=0.30 source=timer
15:25:53.113 #850 typing.timing probe=session.autosaveTick elapsedMs=1002.93 source=timer
[2026-08-25T22:25:53Z] auth: file.compareAndSet: matches=true hasNewRefresh=true hasNewAccess=true
[2026-08-25T22:25:53Z] auth: file.setTokens: hasAccess=true hasRefresh=true
15:25:56.354 #851 paneMemGuard.scan panes=4 maxMB=4 thresholdMB=8192 warned=0 scope=0
15:26:00.179 #852 paneMemGuard.scan panes=4 maxMB=4 thresholdMB=8192 warned=0 scope=0
15:26:01.240 #853 monitorMemory.capture window=A6093D88 reason=sessionSnapshot sig=[1d …E8634E@0,0,2560x1440] frame={x=780.0 y=532.0 w=1000.0 h=700.0} rememberedConfigs=1
15:26:01.241 #854 session.save includeScrollback=0 windows=1
15:26:01.241 #855 session.save.window idx=0 frame={x=780.0 y=532.0 w=1000.0 h=700.0} display={id=4 frame={x=0.0 y=0.0 w=2560.0 h=1440.0} visible={x=0.0 y=0.0 w=2560.0 h=1410.0}} workspaces=4 selected=0
15:26:01.241 #856 typing.timing probe=session.saveSnapshot elapsedMs=2.25 includeScrollback=0 removeWhenEmpty=0 sync=0
15:26:01.241 #857 typing.phase probe=session.autosaveTick.phase totalMs=1128.99 loadMs=1125.20 fingerprintMs=1.29 saveMs=2.28 source=timer
15:26:01.241 #858 typing.timing probe=session.autosaveTick elapsedMs=1129.04 source=timer
15:26:01.257 #859 sidebar.table.rowsBuild items=4
15:26:01.349 #860 sidebar.table.rowsBuild items=4
15:26:01.376 #861 sidebar.table.rowsBuild items=4
15:26:04.112 #862 paneMemGuard.scan panes=4 maxMB=4 thresholdMB=8192 warned=0 scope=1
15:26:08.378 #863 paneMemGuard.scan panes=4 maxMB=4 thresholdMB=8192 warned=0 scope=1
15:26:09.220 #864 session.save.skipped reason=unchanged_autosave_fingerprint includeScrollback=0 source=timer
15:26:09.220 #865 typing.phase probe=session.autosaveTick.phase totalMs=1107.41 loadMs=1106.63 fingerprintMs=0.48 source=timer
15:26:09.220 #866 typing.timing probe=session.autosaveTick elapsedMs=1107.56 source=timer
15:26:12.313 #867 paneMemGuard.scan panes=4 maxMB=4 thresholdMB=8192 warned=0 scope=0
15:26:16.160 #868 paneMemGuard.scan panes=4 maxMB=4 thresholdMB=8192 warned=0 scope=1
15:26:17.154 #869 session.save.skipped reason=unchanged_autosave_fingerprint includeScrollback=0 source=timer
15:26:17.154 #870 typing.phase probe=session.autosaveTick.phase totalMs=1043.87 loadMs=1043.33 fingerprintMs=0.28 source=timer
15:26:17.154 #871 typing.timing probe=session.autosaveTick elapsedMs=1043.94 source=timer
15:26:20.113 #872 paneMemGuard.scan panes=4 maxMB=4 thresholdMB=8192 warned=0 scope=1
15:26:23.605 #873 sidebar.table.rowsBuild items=4
15:26:23.672 #874 sidebar.table.rowsBuild items=4
15:26:24.177 #875 paneMemGuard.scan panes=4 maxMB=4 thresholdMB=8192 warned=0 scope=1
15:26:25.155 #876 session.save.skipped reason=unchanged_autosave_fingerprint includeScrollback=0 source=timer
15:26:25.155 #877 typing.phase probe=session.autosaveTick.phase totalMs=1042.78 loadMs=1042.12 fingerprintMs=0.36 source=timer
15:26:25.155 #878 typing.timing probe=session.autosaveTick elapsedMs=1042.85 source=timer
15:26:26.182 #879 sidebar.table.rowsBuild items=4
15:26:26.229 #880 sidebar.table.rowsBuild items=4
15:26:27.660 #881 sidebar.table.rowsBuild items=4
15:26:27.751 #882 sidebar.table.rowsBuild items=4
15:26:28.172 #883 paneMemGuard.scan panes=4 maxMB=4 thresholdMB=8192 warned=0 scope=0
15:26:28.777 #884 sidebar.table.rowsBuild items=4
15:26:28.811 #885 sidebar.table.rowsBuild items=4
15:26:29.909 #886 sidebar.table.rowsBuild items=4
15:26:29.954 #887 sidebar.table.rowsBuild items=4
15:26:32.268 #888 paneMemGuard.scan panes=4 maxMB=4 thresholdMB=8192 warned=0 scope=0
15:26:33.364 #889 session.save.skipped reason=unchanged_autosave_fingerprint includeScrollback=0 source=timer
15:26:33.365 #890 typing.phase probe=session.autosaveTick.phase totalMs=1251.81 loadMs=1251.29 fingerprintMs=0.27 source=timer
15:26:33.365 #891 typing.timing probe=session.autosaveTick elapsedMs=1251.86 source=timer
15:26:36.114 #892 paneMemGuard.scan panes=4 maxMB=4 thresholdMB=8192 warned=0 scope=1
15:26:40.246 #893 paneMemGuard.scan panes=4 maxMB=4 thresholdMB=8192 warned=0 scope=1
15:26:41.227 #894 session.save.skipped reason=unchanged_autosave_fingerprint includeScrollback=0 source=timer
15:26:41.227 #895 typing.phase probe=session.autosaveTick.phase totalMs=1117.32 loadMs=1116.75 fingerprintMs=0.25 source=timer
15:26:41.227 #896 typing.timing probe=session.autosaveTick elapsedMs=1117.37 source=timer
15:26:44.171 #897 paneMemGuard.scan panes=4 maxMB=4 thresholdMB=8192 warned=0 scope=0
15:26:48.235 #898 paneMemGuard.scan panes=4 maxMB=4 thresholdMB=8192 warned=0 scope=1
15:26:49.166 #899 session.save.skipped reason=unchanged_autosave_fingerprint includeScrollback=0 source=timer
15:26:49.166 #900 typing.phase probe=session.autosaveTick.phase totalMs=1054.44 loadMs=1053.91 fingerprintMs=0.25 source=timer
15:26:49.166 #901 typing.timing probe=session.autosaveTick elapsedMs=1054.49 source=timer
15:26:52.116 #902 paneMemGuard.scan panes=4 maxMB=4 thresholdMB=8192 warned=0 scope=1
15:26:53.101 #903 sidebar.table.rowsBuild items=4
15:26:53.145 #904 sidebar.table.rowsBuild items=4
15:26:56.544 #905 paneMemGuard.scan panes=4 maxMB=4 thresholdMB=8192 warned=0 scope=1
15:26:57.203 #906 session.save.skipped reason=unchanged_autosave_fingerprint includeScrollback=0 source=timer
15:26:57.203 #907 typing.phase probe=session.autosaveTick.phase totalMs=1090.20 loadMs=1089.50 fingerprintMs=0.29 source=timer
15:26:57.203 #908 typing.timing probe=session.autosaveTick elapsedMs=1090.27 source=timer
15:27:00.456 #909 paneMemGuard.scan panes=4 maxMB=4 thresholdMB=8192 warned=0 scope=0
15:27:04.388 #910 paneMemGuard.scan panes=4 maxMB=4 thresholdMB=8192 warned=0 scope=1
15:27:05.161 #911 monitorMemory.capture window=A6093D88 reason=sessionSnapshot sig=[1d …E8634E@0,0,2560x1440] frame={x=780.0 y=532.0 w=1000.0 h=700.0} rememberedConfigs=1
15:27:05.162 #912 session.save includeScrollback=0 windows=1
15:27:05.162 #913 session.save.window idx=0 frame={x=780.0 y=532.0 w=1000.0 h=700.0} display={id=4 frame={x=0.0 y=0.0 w=2560.0 h=1440.0} visible={x=0.0 y=0.0 w=2560.0 h=1410.0}} workspaces=4 selected=0
15:27:05.162 #914 typing.timing probe=session.saveSnapshot elapsedMs=1.83 includeScrollback=0 removeWhenEmpty=0 sync=0
15:27:05.162 #915 typing.phase probe=session.autosaveTick.phase totalMs=1049.26 loadMs=1046.84 fingerprintMs=0.27 saveMs=1.85 source=timer
15:27:05.162 #916 typing.timing probe=session.autosaveTick elapsedMs=1049.31 source=timer
15:27:05.282 #917 sidebar.table.rowsBuild items=4
15:27:05.370 #918 sidebar.table.rowsBuild items=4
15:27:05.380 #919 sidebar.table.rowsBuild items=4
15:27:05.404 #920 sidebar.table.rowsBuild items=4
15:27:05.428 #921 sidebar.table.rowsBuild items=4
15:27:05.499 #922 sidebar.table.rowsBuild items=4
15:27:05.517 #923 sidebar.table.rowsBuild items=4
15:27:08.114 #924 paneMemGuard.scan panes=4 maxMB=4 thresholdMB=8192 warned=0 scope=1
[2026-08-25T22:27:10Z] auth: file.compareAndSet: matches=true hasNewRefresh=true hasNewAccess=true
[2026-08-25T22:27:10Z] auth: file.setTokens: hasAccess=true hasRefresh=true
15:27:10.872 #925 sidebar.table.rowsBuild items=4
15:27:10.917 #926 sidebar.table.rowsBuild items=4
15:27:12.420 #927 paneMemGuard.scan panes=4 maxMB=4 thresholdMB=8192 warned=0 scope=1
15:27:13.175 #928 session.save.skipped reason=unchanged_autosave_fingerprint includeScrollback=0 source=timer
15:27:13.175 #929 typing.phase probe=session.autosaveTick.phase totalMs=1061.90 loadMs=1061.35 fingerprintMs=0.27 source=timer
15:27:13.175 #930 typing.timing probe=session.autosaveTick elapsedMs=1062.15 source=timer
15:27:16.184 #931 paneMemGuard.scan panes=4 maxMB=4 thresholdMB=8192 warned=0 scope=0
15:27:17.271 #932 sidebar.table.rowsBuild items=4
15:27:17.331 #933 sidebar.table.rowsBuild items=4
15:27:20.169 #934 paneMemGuard.scan panes=4 maxMB=4 thresholdMB=8192 warned=0 scope=0
15:27:21.466 #935 session.save.skipped reason=unchanged_autosave_fingerprint includeScrollback=0 source=timer
15:27:21.467 #936 typing.phase probe=session.autosaveTick.phase totalMs=1353.93 loadMs=1353.22 fingerprintMs=0.27 source=timer
15:27:21.467 #937 typing.timing probe=session.autosaveTick elapsedMs=1354.03 source=timer
15:27:23.477 #938 sidebar.table.rowsBuild items=4
15:27:23.540 #939 sidebar.table.rowsBuild items=4
15:27:24.113 #940 paneMemGuard.scan panes=4 maxMB=4 thresholdMB=8192 warned=0 scope=1
15:27:28.392 #941 paneMemGuard.scan panes=4 maxMB=4 thresholdMB=8192 warned=0 scope=1
15:27:29.112 #942 session.save.skipped reason=unchanged_autosave_fingerprint includeScrollback=0 source=timer
15:27:29.113 #943 typing.phase probe=session.autosaveTick.phase totalMs=1001.13 loadMs=1000.51 fingerprintMs=0.27 source=timer
15:27:29.113 #944 typing.timing probe=session.autosaveTick elapsedMs=1001.19 source=timer
15:27:32.398 #945 paneMemGuard.scan panes=4 maxMB=4 thresholdMB=8192 warned=0 scope=0
15:27:36.357 #946 paneMemGuard.scan panes=4 maxMB=4 thresholdMB=8192 warned=0 scope=1
15:27:37.118 #947 session.save.skipped reason=unchanged_autosave_fingerprint includeScrollback=0 source=timer
15:27:37.119 #948 typing.phase probe=session.autosaveTick.phase totalMs=1006.92 loadMs=1006.29 fingerprintMs=0.30 source=timer
15:27:37.119 #949 typing.timing probe=session.autosaveTick elapsedMs=1006.98 source=timer
15:27:39.137 #950 sidebar.table.rowsBuild items=4
15:27:39.189 #951 sidebar.table.rowsBuild items=4
15:27:39.230 #952 sidebar.table.rowsBuild items=4
15:27:39.272 #953 sidebar.table.rowsBuild items=4
15:27:40.111 #954 paneMemGuard.scan panes=4 maxMB=4 thresholdMB=8192 warned=0 scope=1
15:27:41.600 #955 sidebar.table.rowsBuild items=4
15:27:41.636 #956 sidebar.table.rowsBuild items=4
15:27:44.336 #957 paneMemGuard.scan panes=4 maxMB=4 thresholdMB=8192 warned=0 scope=0
15:27:44.514 #958 sidebar.table.rowsBuild items=4
15:27:44.571 #959 sidebar.table.rowsBuild items=4
15:27:45.793 #960 session.save.skipped reason=unchanged_autosave_fingerprint includeScrollback=0 source=timer
15:27:45.793 #961 typing.phase probe=session.autosaveTick.phase totalMs=1680.69 loadMs=1679.96 fingerprintMs=0.31 source=timer
15:27:45.793 #962 typing.timing probe=session.autosaveTick elapsedMs=1680.76 source=timer
15:27:48.243 #963 paneMemGuard.scan panes=4 maxMB=4 thresholdMB=8192 warned=0 scope=0
15:27:49.381 #964 sidebar.table.rowsBuild items=4
15:27:49.432 #965 sidebar.table.rowsBuild items=4
15:27:52.015 #966 sidebar.table.rowsBuild items=4
15:27:52.057 #967 sidebar.table.rowsBuild items=4
15:27:52.302 #968 paneMemGuard.scan panes=4 maxMB=4 thresholdMB=8192 warned=0 scope=1
15:27:53.220 #969 session.save.skipped reason=unchanged_autosave_fingerprint includeScrollback=0 source=timer
15:27:53.220 #970 typing.phase probe=session.autosaveTick.phase totalMs=1133.71 loadMs=1133.02 fingerprintMs=0.28 source=timer
15:27:53.220 #971 typing.timing probe=session.autosaveTick elapsedMs=1133.77 source=timer
15:27:56.113 #972 paneMemGuard.scan panes=4 maxMB=4 thresholdMB=8192 warned=0 scope=1
15:27:56.330 #973 sidebar.table.rowsBuild items=4
15:27:56.371 #974 sidebar.table.rowsBuild items=4
15:27:57.424 #975 sidebar.table.rowsBuild items=4
15:27:57.464 #976 sidebar.table.rowsBuild items=4
15:28:00.203 #977 paneMemGuard.scan panes=4 maxMB=4 thresholdMB=8192 warned=0 scope=1
15:28:01.095 #978 session.save.skipped reason=unchanged_autosave_fingerprint includeScrollback=0 source=timer
15:28:01.095 #979 typing.phase probe=session.autosaveTick.phase totalMs=983.62 loadMs=983.04 fingerprintMs=0.25 source=timer
15:28:01.095 #980 typing.timing probe=session.autosaveTick elapsedMs=983.67 source=timer
15:28:04.252 #981 paneMemGuard.scan panes=4 maxMB=4 thresholdMB=8192 warned=0 scope=0
15:28:08.466 #982 paneMemGuard.scan panes=4 maxMB=4 thresholdMB=8192 warned=0 scope=1
15:28:09.145 #983 monitorMemory.capture window=A6093D88 reason=sessionSnapshot sig=[1d …E8634E@0,0,2560x1440] frame={x=780.0 y=532.0 w=1000.0 h=700.0} rememberedConfigs=1
15:28:09.146 #984 session.save includeScrollback=0 windows=1
15:28:09.146 #985 session.save.window idx=0 frame={x=780.0 y=532.0 w=1000.0 h=700.0} display={id=4 frame={x=0.0 y=0.0 w=2560.0 h=1440.0} visible={x=0.0 y=0.0 w=2560.0 h=1410.0}} workspaces=4 selected=0
15:28:09.146 #986 typing.timing probe=session.saveSnapshot elapsedMs=2.01 includeScrollback=0 removeWhenEmpty=0 sync=0
15:28:09.147 #987 typing.phase probe=session.autosaveTick.phase totalMs=1034.39 loadMs=1031.75 fingerprintMs=0.26 saveMs=2.04 source=timer
15:28:09.147 #988 typing.timing probe=session.autosaveTick elapsedMs=1034.43 source=timer
15:28:09.195 #989 sidebar.table.rowsBuild items=4
15:28:09.225 #990 sidebar.table.rowsBuild items=4
15:28:09.287 #991 sidebar.table.rowsBuild items=4
15:28:12.114 #992 paneMemGuard.scan panes=4 maxMB=4 thresholdMB=8192 warned=0 scope=1
15:28:16.429 #993 paneMemGuard.scan panes=4 maxMB=4 thresholdMB=8192 warned=0 scope=1
15:28:17.095 #994 session.save.skipped reason=unchanged_autosave_fingerprint includeScrollback=0 source=timer
15:28:17.095 #995 typing.phase probe=session.autosaveTick.phase totalMs=985.02 loadMs=984.40 fingerprintMs=0.33 source=timer
15:28:17.095 #996 typing.timing probe=session.autosaveTick elapsedMs=985.08 source=timer
15:28:20.768 #997 paneMemGuard.scan panes=4 maxMB=4 thresholdMB=8192 warned=0 scope=0
15:28:24.164 #998 paneMemGuard.scan panes=4 maxMB=4 thresholdMB=8192 warned=0 scope=1
15:28:25.116 #999 session.save.skipped reason=unchanged_autosave_fingerprint includeScrollback=0 source=timer
15:28:25.116 #1000 typing.phase probe=session.autosaveTick.phase totalMs=1005.61 loadMs=1005.07 fingerprintMs=0.25 source=timer
15:28:25.117 #1001 typing.timing probe=session.autosaveTick elapsedMs=1005.66 source=timer
[2026-08-25T22:28:27Z] auth: file.compareAndSet: matches=true hasNewRefresh=true hasNewAccess=true
[2026-08-25T22:28:27Z] auth: file.setTokens: hasAccess=true hasRefresh=true
15:28:28.114 #1002 paneMemGuard.scan panes=4 maxMB=4 thresholdMB=8192 warned=0 scope=1
15:28:32.376 #1003 paneMemGuard.scan panes=4 maxMB=4 thresholdMB=8192 warned=0 scope=1
15:28:33.106 #1004 session.save.skipped reason=unchanged_autosave_fingerprint includeScrollback=0 source=timer
15:28:33.107 #1005 typing.phase probe=session.autosaveTick.phase totalMs=994.14 loadMs=993.52 fingerprintMs=0.27 source=timer
15:28:33.107 #1006 typing.timing probe=session.autosaveTick elapsedMs=994.20 source=timer
15:28:36.150 #1007 paneMemGuard.scan panes=4 maxMB=4 thresholdMB=8192 warned=0 scope=0
15:28:39.562 #1008 sidebar.table.rowsBuild items=4
15:28:39.640 #1009 sidebar.table.rowsBuild items=4
15:28:40.497 #1010 paneMemGuard.scan panes=4 maxMB=4 thresholdMB=8192 warned=0 scope=1
15:28:40.689 #1011 agentChat.state session=af2f382d idle->ended v2
15:28:41.137 #1012 session.save.skipped reason=unchanged_autosave_fingerprint includeScrollback=0 source=timer
15:28:41.137 #1013 typing.phase probe=session.autosaveTick.phase totalMs=1023.06 loadMs=1022.43 fingerprintMs=0.27 source=timer
15:28:41.137 #1014 typing.timing probe=session.autosaveTick elapsedMs=1023.11 source=timer
15:28:44.113 #1015 paneMemGuard.scan panes=4 maxMB=4 thresholdMB=8192 warned=0 scope=1
15:28:48.509 #1016 paneMemGuard.scan panes=4 maxMB=4 thresholdMB=8192 warned=0 scope=1
15:28:49.115 #1017 session.save.skipped reason=unchanged_autosave_fingerprint includeScrollback=0 source=timer
15:28:49.115 #1018 typing.phase probe=session.autosaveTick.phase totalMs=1004.31 loadMs=1003.64 fingerprintMs=0.29 source=timer
15:28:49.115 #1019 typing.timing probe=session.autosaveTick elapsedMs=1004.37 source=timer
15:28:52.149 #1020 paneMemGuard.scan panes=4 maxMB=4 thresholdMB=8192 warned=0 scope=0
15:28:56.396 #1021 paneMemGuard.scan panes=4 maxMB=4 thresholdMB=8192 warned=0 scope=1
15:28:57.217 #1022 session.save.skipped reason=unchanged_autosave_fingerprint includeScrollback=0 source=timer
15:28:57.218 #1023 typing.phase probe=session.autosaveTick.phase totalMs=1105.12 loadMs=1104.54 fingerprintMs=0.25 source=timer
15:28:57.218 #1024 typing.timing probe=session.autosaveTick elapsedMs=1105.18 source=timer
15:29:00.113 #1025 paneMemGuard.scan panes=4 maxMB=4 thresholdMB=8192 warned=0 scope=1
15:29:04.477 #1026 paneMemGuard.scan panes=4 maxMB=4 thresholdMB=8192 warned=0 scope=1
15:29:05.528 #1027 session.save.skipped reason=unchanged_autosave_fingerprint includeScrollback=0 source=timer
15:29:05.528 #1028 typing.phase probe=session.autosaveTick.phase totalMs=1419.12 loadMs=1418.35 fingerprintMs=0.37 source=timer
15:29:05.528 #1029 typing.timing probe=session.autosaveTick elapsedMs=1419.19 source=timer
15:29:08.426 #1030 paneMemGuard.scan panes=4 maxMB=4 thresholdMB=8192 warned=0 scope=0
15:29:12.319 #1031 paneMemGuard.scan panes=4 maxMB=4 thresholdMB=8192 warned=0 scope=1
15:29:13.168 #1032 monitorMemory.capture window=A6093D88 reason=sessionSnapshot sig=[1d …E8634E@0,0,2560x1440] frame={x=780.0 y=532.0 w=1000.0 h=700.0} rememberedConfigs=1
15:29:13.169 #1033 session.save includeScrollback=0 windows=1
15:29:13.169 #1034 session.save.window idx=0 frame={x=780.0 y=532.0 w=1000.0 h=700.0} display={id=4 frame={x=0.0 y=0.0 w=2560.0 h=1440.0} visible={x=0.0 y=0.0 w=2560.0 h=1410.0}} workspaces=4 selected=0
15:29:13.169 #1035 typing.timing probe=session.saveSnapshot elapsedMs=1.30 includeScrollback=0 removeWhenEmpty=0 sync=0
15:29:13.169 #1036 typing.phase probe=session.autosaveTick.phase totalMs=1058.43 loadMs=1056.58 fingerprintMs=0.28 saveMs=1.33 source=timer
15:29:13.169 #1037 typing.timing probe=session.autosaveTick elapsedMs=1058.47 source=timer
15:29:13.201 #1038 sidebar.table.rowsBuild items=4
15:29:13.252 #1039 sidebar.table.rowsBuild items=4
15:29:13.329 #1040 sidebar.table.rowsBuild items=4
15:29:16.288 #1041 paneMemGuard.scan panes=4 maxMB=4 thresholdMB=8192 warned=0 scope=1
15:29:20.215 #1042 paneMemGuard.scan panes=4 maxMB=4 thresholdMB=8192 warned=0 scope=1
15:29:21.193 #1043 session.save.skipped reason=unchanged_autosave_fingerprint includeScrollback=0 source=timer
15:29:21.194 #1044 typing.phase probe=session.autosaveTick.phase totalMs=1082.42 loadMs=1081.57 fingerprintMs=0.37 source=timer
15:29:21.194 #1045 typing.timing probe=session.autosaveTick elapsedMs=1082.52 source=timer
15:29:24.451 #1046 paneMemGuard.scan panes=4 maxMB=4 thresholdMB=8192 warned=0 scope=0
15:29:28.230 #1047 paneMemGuard.scan panes=4 maxMB=4 thresholdMB=8192 warned=0 scope=0
15:29:29.436 #1048 session.save.skipped reason=unchanged_autosave_fingerprint includeScrollback=0 source=timer
15:29:29.436 #1049 typing.phase probe=session.autosaveTick.phase totalMs=1322.95 loadMs=1322.17 fingerprintMs=0.41 source=timer
15:29:29.436 #1050 typing.timing probe=session.autosaveTick elapsedMs=1323.01 source=timer
15:29:32.103 #1051 paneMemGuard.scan panes=4 maxMB=4 thresholdMB=8192 warned=0 scope=1
15:29:36.495 #1052 paneMemGuard.scan panes=4 maxMB=4 thresholdMB=8192 warned=0 scope=1
15:29:37.286 #1053 session.save.skipped reason=unchanged_autosave_fingerprint includeScrollback=0 source=timer
15:29:37.286 #1054 typing.phase probe=session.autosaveTick.phase totalMs=1175.30 loadMs=1174.76 fingerprintMs=0.24 source=timer
15:29:37.286 #1055 typing.timing probe=session.autosaveTick elapsedMs=1175.35 source=timer
15:29:40.340 #1056 paneMemGuard.scan panes=4 maxMB=4 thresholdMB=8192 warned=0 scope=0
15:29:41.310 #1057 mainWindow.delegate.didBecomeMain window=cmux.main.A6093D88-2A33-451F-9B93-A6285EA625A6 visible=1 mini=0 key=0 main=1
15:29:41.313 #1058 mainWindow.active window={num=30449 id=A6093D88 ident=cmux.main.A6093D88-2A33-451F-9B93-A6285EA625A6 key=1 main=1} context=<redacted:346b>
15:29:41.317 #1059 mainWindow.delegate.didBecomeKey window=cmux.main.A6093D88-2A33-451F-9B93-A6285EA625A6 visible=1 mini=0 key=1 main=1
15:29:41.333 #1060 find.window.didBecomeKey surface=B1658 searchActive=false focusTarget=searchField firstResponder=Optional(<cmux_DEV.GhosttyNSView: 0x754b80a00>)
15:29:41.339 #1061 phoneReply.sweepScheduled reason=app-activation
15:29:41.340 #1062 notification.auth app became active deferred=false
15:29:41.347 #1063 sidebar.table.rowsBuild items=4
15:29:41.403 #1064 shortcut.sync.pre source=preferredWindow preferred={num=30449 id=A6093D88 ident=cmux.main.A6093D88-2A33-451F-9B93-A6285EA625A6 key=1 main=1} chosen={id=A6093D88 mgr=0x0000000751337000 tabs=4 selected=DB78C hasWindow=1} eventWinNum=nil eventWin={nil} keyWin={num=30449 id=A6093D88 ident=cmux.main.A6093D88-2A33-451F-9B93-A6285EA625A6 key=1 main=1} mainWin={num=30449 id=A6093D88 ident=cmux.main.A6093D88-2A33-451F-9B93-A6285EA625A6 key=1 main=1} activeMgr=0x0000000751337000 activeWinId=A6093D88 activeSelected=DB78C contexts=[*A6093D88{mgr=0x0000000751337000,win=30449,key=1,main=1,tabs=4,selected=DB78C}]
15:29:41.404 #1065 shortcut.sync.post source=preferredWindow beforeMgr=0x0000000751337000 afterMgr=0x0000000751337000 chosen={id=A6093D88 mgr=0x0000000751337000 tabs=4 selected=DB78C hasWindow=1} nochange=1 eventWinNum=nil eventWin={nil} keyWin={num=30449 id=A6093D88 ident=cmux.main.A6093D88-2A33-451F-9B93-A6285EA625A6 key=1 main=1} mainWin={num=30449 id=A6093D88 ident=cmux.main.A6093D88-2A33-451F-9B93-A6285EA625A6 key=1 main=1} activeMgr=0x0000000751337000 activeWinId=A6093D88 activeSelected=DB78C contexts=[*A6093D88{mgr=0x0000000751337000,win=30449,key=1,main=1,tabs=4,selected=DB78C}]
15:29:41.406 #1066 find.applyFirstResponder.defer surface=B1658 reason=didBecomeKey
15:29:41.407 #1067 focus.surface.reassert surface=B1658 reason=applyFirstResponder.alreadyFirstResponder
15:29:41.407 #1068 focus.surface.refresh surface=B1658 reason=applyFirstResponder.alreadyFirstResponder
15:29:41.407 #1069 forceRefresh: B16588A2-9944-4212-B12D-5A8181FD5DA0 reason=focus.surface.applyFirstResponder.alreadyFirstResponder inWindow=true bounds=(0.0, 0.0, 760.0, 644.0) metalOK=false hasSurface=true
15:29:41.455 #1070 notification.auth refresh status=notDetermined mapped=Not Requested
15:29:41.955 #1071 phoneReply.sweepFetched count=0
15:29:43.644 #1072 mainWindow.delegate.didResignKey window=cmux.main.A6093D88-2A33-451F-9B93-A6285EA625A6 visible=1 mini=0 key=0 main=0
15:29:43.644 #1073 find.window.didResignKey surface=B1658 searchActive=false resigningFirstResponder
15:29:43.646 #1074 mainWindow.delegate.didResignMain window=cmux.main.A6093D88-2A33-451F-9B93-A6285EA625A6 visible=1 mini=0 key=0 main=0
15:29:43.650 #1075 sidebar.table.rowsBuild items=4
15:29:44.111 #1076 paneMemGuard.scan panes=4 maxMB=4 thresholdMB=8192 warned=0 scope=1
[2026-08-25T22:29:44Z] auth: file.compareAndSet: matches=true hasNewRefresh=true hasNewAccess=true
[2026-08-25T22:29:44Z] auth: file.setTokens: hasAccess=true hasRefresh=true
15:29:45.145 #1077 session.save.skipped reason=unchanged_autosave_fingerprint includeScrollback=0 source=timer
15:29:45.145 #1078 typing.phase probe=session.autosaveTick.phase totalMs=1037.03 loadMs=1036.39 fingerprintMs=0.26 source=timer
15:29:45.145 #1079 typing.timing probe=session.autosaveTick elapsedMs=1037.08 source=timer
15:29:48.116 #1080 paneMemGuard.scan panes=4 maxMB=4 thresholdMB=8192 warned=0 scope=1
15:29:52.663 #1081 paneMemGuard.scan panes=4 maxMB=4 thresholdMB=8192 warned=0 scope=1
15:29:53.244 #1082 session.save.skipped reason=unchanged_autosave_fingerprint includeScrollback=0 source=timer
15:29:53.244 #1083 typing.phase probe=session.autosaveTick.phase totalMs=1130.38 loadMs=1129.63 fingerprintMs=0.38 source=timer
15:29:53.244 #1084 typing.timing probe=session.autosaveTick elapsedMs=1130.46 source=timer
15:29:56.452 #1085 paneMemGuard.scan panes=4 maxMB=4 thresholdMB=8192 warned=0 scope=0
15:30:00.291 #1086 paneMemGuard.scan panes=4 maxMB=4 thresholdMB=8192 warned=0 scope=1
15:30:01.387 #1087 session.save.skipped reason=unchanged_autosave_fingerprint includeScrollback=0 source=timer
15:30:01.388 #1088 typing.phase probe=session.autosaveTick.phase totalMs=1274.07 loadMs=1271.72 fingerprintMs=2.06 source=timer
15:30:01.388 #1089 typing.timing probe=session.autosaveTick elapsedMs=1274.78 source=timer
15:30:04.135 #1090 paneMemGuard.scan panes=4 maxMB=4 thresholdMB=8192 warned=0 scope=1
15:30:08.675 #1091 paneMemGuard.scan panes=4 maxMB=4 thresholdMB=8192 warned=0 scope=1
15:30:09.321 #1092 session.save.skipped reason=unchanged_autosave_fingerprint includeScrollback=0 source=timer
15:30:09.321 #1093 typing.phase probe=session.autosaveTick.phase totalMs=1209.43 loadMs=1208.58 fingerprintMs=0.50 source=timer
15:30:09.321 #1094 typing.timing probe=session.autosaveTick elapsedMs=1209.53 source=timer
15:30:12.674 #1095 mainWindow.delegate.didBecomeMain window=cmux.main.A6093D88-2A33-451F-9B93-A6285EA625A6 visible=1 mini=0 key=0 main=1
15:30:12.675 #1096 mainWindow.active window={num=30449 id=A6093D88 ident=cmux.main.A6093D88-2A33-451F-9B93-A6285EA625A6 key=1 main=1} context=<redacted:346b>
15:30:12.680 #1097 focus.panel panel=B1658 pane=586DB trigger=standard tx=nil
15:30:12.681 #1098 focus.panel.begin workspace=DB78C panel=B1658 trigger=standard targetPane=586DB focusedPane=586DB selectedTab=72078 converged=1 currentPanel=B1658
15:30:12.682 #1099 focus.split.apply.begin workspace=DB78C pane=586DB tab=72078 focusedPane=586DB selectedTab=72078 reassert=1
15:30:12.682 #1100 find.preparePanelFocusIntent surface=B1658 target=terminal
15:30:12.684 #1101 find.preparePanelFocusIntent surface=B1658 target=terminal
15:30:12.686 #1102 focus.panel panel=B1658 pane=586DB trigger=firstResponder tx=98270
15:30:12.686 #1103 focus.panel.begin workspace=DB78C panel=B1658 trigger=terminalFirstResponder targetPane=586DB focusedPane=586DB selectedTab=72078 converged=1 currentPanel=B1658
15:30:12.687 #1104 focus.firstResponder surface=B1658
15:30:12.688 #1105 forceRefresh: B16588A2-9944-4212-B12D-5A8181FD5DA0 reason=focus.firstResponder inWindow=true bounds=(0.0, 0.0, 760.0, 644.0) metalOK=false hasSurface=true
15:30:12.689 #1106 focus.ensure.apply surface=B1658 tab=DB78C panel=B1658 result=1 firstResponder=Optional(<cmux_DEV.GhosttyNSView: 0x754b80a00>)
15:30:12.689 #1107 focus.surface.reassert surface=B1658 reason=ensureFocus.afterMakeFirstResponder
15:30:12.689 #1108 focus.surface.refresh surface=B1658 reason=ensureFocus.afterMakeFirstResponder
15:30:12.689 #1109 forceRefresh: B16588A2-9944-4212-B12D-5A8181FD5DA0 reason=focus.surface.ensureFocus.afterMakeFirstResponder inWindow=true bounds=(0.0, 0.0, 760.0, 644.0) metalOK=false hasSurface=true
15:30:12.690 #1110 focus.split.ensureFocus workspace=DB78C panel=B1658 pane=586DB tab=72078 intent=terminal(cmux_DEV.TerminalPanelFocusIntent.surface)
15:30:12.690 #1111 focus.surface.reassert surface=B1658 reason=ensureFocus.alreadyFirstResponder
15:30:12.692 #1112 focus.split.apply.end workspace=DB78C panel=B1658 type=TerminalPanel focusedPane=586DB selectedTab=72078 prevPanel=B1658
15:30:12.693 #1113 focus.split.apply.begin workspace=DB78C pane=586DB tab=72078 focusedPane=586DB selectedTab=72078 reassert=1
15:30:12.693 #1114 find.preparePanelFocusIntent surface=B1658 target=terminal
15:30:12.693 #1115 find.preparePanelFocusIntent surface=B1658 target=terminal
15:30:12.693 #1116 focus.surface.reassert surface=B1658 reason=ensureFocus.alreadyFirstResponder
15:30:12.693 #1117 focus.split.ensureFocus workspace=DB78C panel=B1658 pane=586DB tab=72078 intent=terminal(cmux_DEV.TerminalPanelFocusIntent.surface)
15:30:12.693 #1118 focus.surface.reassert surface=B1658 reason=ensureFocus.alreadyFirstResponder
15:30:12.693 #1119 focus.split.apply.end workspace=DB78C panel=B1658 type=TerminalPanel focusedPane=586DB selectedTab=72078 prevPanel=B1658
15:30:12.693 #1120 find.preparePanelFocusIntent surface=B1658 target=terminal
15:30:12.693 #1121 focus.surface.reassert surface=B1658 reason=ensureFocus.alreadyFirstResponder
15:30:12.693 #1122 mainWindow.delegate.didBecomeKey window=cmux.main.A6093D88-2A33-451F-9B93-A6285EA625A6 visible=1 mini=0 key=1 main=1
15:30:12.694 #1123 find.window.didBecomeKey surface=B1658 searchActive=false focusTarget=terminal firstResponder=Optional(<cmux_DEV.GhosttyNSView: 0x754b80a00>)
15:30:12.705 #1124 phoneReply.sweepScheduled reason=app-activation
15:30:12.706 #1125 notification.auth app became active deferred=false
15:30:12.715 #1126 sidebar.table.rowsBuild items=4
15:30:12.793 #1127 focus.surface.reassert surface=B1658 reason=ensureFocus.alreadyFirstResponder
15:30:12.793 #1128 focus.surface.refresh surface=B1658 reason=ensureFocus.alreadyFirstResponder
15:30:12.793 #1129 forceRefresh: B16588A2-9944-4212-B12D-5A8181FD5DA0 reason=focus.surface.ensureFocus.alreadyFirstResponder inWindow=true bounds=(0.0, 0.0, 760.0, 644.0) metalOK=false hasSurface=true
15:30:12.795 #1130 find.applyFirstResponder.defer surface=B1658 reason=didBecomeKey
15:30:12.796 #1131 focus.surface.reassert surface=B1658 reason=applyFirstResponder.alreadyFirstResponder
15:30:12.808 #1132 shortcut.sync.pre source=preferredWindow preferred={num=30449 id=A6093D88 ident=cmux.main.A6093D88-2A33-451F-9B93-A6285EA625A6 key=1 main=1} chosen={id=A6093D88 mgr=0x0000000751337000 tabs=4 selected=DB78C hasWindow=1} eventWinNum=nil eventWin={nil} keyWin={num=30449 id=A6093D88 ident=cmux.main.A6093D88-2A33-451F-9B93-A6285EA625A6 key=1 main=1} mainWin={num=30449 id=A6093D88 ident=cmux.main.A6093D88-2A33-451F-9B93-A6285EA625A6 key=1 main=1} activeMgr=0x0000000751337000 activeWinId=A6093D88 activeSelected=DB78C contexts=[*A6093D88{mgr=0x0000000751337000,win=30449,key=1,main=1,tabs=4,selected=DB78C}]
15:30:12.808 #1133 shortcut.sync.post source=preferredWindow beforeMgr=0x0000000751337000 afterMgr=0x0000000751337000 chosen={id=A6093D88 mgr=0x0000000751337000 tabs=4 selected=DB78C hasWindow=1} nochange=1 eventWinNum=nil eventWin={nil} keyWin={num=30449 id=A6093D88 ident=cmux.main.A6093D88-2A33-451F-9B93-A6285EA625A6 key=1 main=1} mainWin={num=30449 id=A6093D88 ident=cmux.main.A6093D88-2A33-451F-9B93-A6285EA625A6 key=1 main=1} activeMgr=0x0000000751337000 activeWinId=A6093D88 activeSelected=DB78C contexts=[*A6093D88{mgr=0x0000000751337000,win=30449,key=1,main=1,tabs=4,selected=DB78C}]
15:30:12.866 #1134 paneMemGuard.scan panes=4 maxMB=4 thresholdMB=8192 warned=0 scope=0
15:30:12.910 #1135 notification.auth refresh status=notDetermined mapped=Not Requested
15:30:13.362 #1136 phoneReply.sweepFetched count=0
15:30:15.898 #1137 sidebar.divider.downRouting x=65 hit=SidebarWorkspaceTableViewImpl
15:30:15.917 #1138 sidebar.table.click row=1 rows=4
15:30:15.942 #1139 surface.attach surface=D78D6 view=0x0000000754bf3700 attached=0 hasSurface=0 inWindow=0
15:30:15.943 #1140 surface.attach.defer surface=D78D6 reason=noWindow bounds=800.0x600.0
15:30:15.943 #1141 surface.size.defer surface=D78D6 reason=noWindow size=800.0x600.0
15:30:15.949 #1142 focus.bonsplit pane=2AFCC
15:30:15.950 #1143 focus.split.apply.begin workspace=3B5E2 pane=2AFCC tab=E587E focusedPane=2AFCC selectedTab=E587E reassert=1
15:30:15.950 #1144 find.preparePanelFocusIntent surface=D78D6 target=terminal
15:30:15.950 #1145 find.preparePanelFocusIntent surface=D78D6 target=terminal
15:30:15.950 #1146 focus.split.moveFocus workspace=3B5E2 panel=D78D6 previousExists=0 to=D78D6
15:30:15.950 #1147 find.moveFocus to=D78D6 from=nil searchState=nil delayMs=0
15:30:15.950 #1148 focus.split.ensureFocus workspace=3B5E2 panel=D78D6 pane=2AFCC tab=E587E intent=terminal(cmux_DEV.TerminalPanelFocusIntent.surface)
15:30:15.951 #1149 focus.split.apply.end workspace=3B5E2 panel=D78D6 type=TerminalPanel focusedPane=2AFCC selectedTab=E587E prevPanel=D78D6
15:30:15.951 #1150 focus.bonsplit pane=2AFCC
15:30:15.951 #1151 focus.split.apply.begin workspace=3B5E2 pane=2AFCC tab=E587E focusedPane=2AFCC selectedTab=E587E reassert=1
15:30:15.951 #1152 find.preparePanelFocusIntent surface=D78D6 target=terminal
15:30:15.951 #1153 find.preparePanelFocusIntent surface=D78D6 target=terminal
15:30:15.951 #1154 focus.split.moveFocus workspace=3B5E2 panel=D78D6 previousExists=0 to=D78D6
15:30:15.951 #1155 find.moveFocus to=D78D6 from=nil searchState=nil delayMs=0
15:30:15.951 #1156 focus.split.ensureFocus workspace=3B5E2 panel=D78D6 pane=2AFCC tab=E587E intent=terminal(cmux_DEV.TerminalPanelFocusIntent.surface)
15:30:15.951 #1157 focus.split.apply.end workspace=3B5E2 panel=D78D6 type=TerminalPanel focusedPane=2AFCC selectedTab=E587E prevPanel=D78D6
15:30:15.952 #1158 ws.term.visible id=2 dt=527251.13ms surface=D78D6 transition=1->0 active=1 visibleFlag=0 hostHidden=1 surfaceHidden=0 hiddenHierarchy=1 inWindow=0 hasSuperview=0 bounds=0.0x0.0 frame=0.0x0.0 firstResponder=nil
15:30:15.954 #1159 workspace.gitProbe.schedule workspace=3B5E2 panel=D78D6 dir=<redacted:17b> reason=initial
15:30:15.956 #1160 ws.switch.begin id=3 trigger=create from=DB78C to=3B5E2 hot=0 tabs=5
15:30:15.957 #1161 ws.select.didSet id=3 from=DB78C to=3B5E2 dt=1.03ms
15:30:15.958 #1162 ws.term.visible id=3 dt=2.29ms surface=B1658 transition=1->0 active=1 visibleFlag=0 hostHidden=1 surfaceHidden=0 hiddenHierarchy=1 inWindow=1 hasSuperview=1 bounds=760.0x644.0 frame=760.0x644.0 firstResponder=SidebarWorkspaceTableViewImpl
15:30:15.958 #1163 portal.hideEntry hosted=0x0000000754b80f00 reason=workspaceUnmount
15:30:15.958 #1164 ws.mount.reconcile id=3 dt=2.45ms hot=0 selected=3B5E2 mounted=[3B5E2] added=[3B5E2] removed=[DB78C]
15:30:15.976 #1165 sidebar.table.rowsBuild items=5
15:30:15.997 #1166 ws.view.selectedChange id=3 dt=40.94ms selected=3B5E2
15:30:15.997 #1167 ws.handoff.start id=3 dt=41.30ms old=DB78C new=3B5E2
15:30:15.999 #1168 ws.mount.reconcile id=3 dt=43.41ms hot=0 selected=3B5E2 mounted=[3B5E2,DB78C] added=[DB78C] removed=[]
15:30:16.043 #1169 sidebar.table.rowsBuild items=5
15:30:16.054 #1170 ws.swiftui.update id=3 dt=98.11ms surface=B1658 visible=1 active=0 z=1 hostWindow=1 hostedWindow=1 hostedSuperview=1
15:30:16.062 #1171 ws.swiftui.update id=3 dt=105.95ms surface=D78D6 visible=1 active=1 z=2 hostWindow=0 hostedWindow=0 hostedSuperview=0
15:30:16.062 #1172 ws.hostState.deferBind surface=D78D6 reason=hostNoWindow visible=1 active=1 z=2 hostedWindow=0 hostedSuperview=0
15:30:16.075 #1173 ws.hostState.rebindOnGeometry surface=D78D6 reason=portalEntryMissing visible=1 active=1 z=2
15:30:16.102 #1174 sidebar.row.titlePaint workspace=DB78CF54 title=<redacted:3b>
15:30:16.103 #1175 sidebar.row.titlePaint workspace=3B5E2C32 title=<redacted:12b>
15:30:16.103 #1176 sidebar.row.titlePaint workspace=B8E73220 title=<redacted:14b>
15:30:16.104 #1177 sidebar.row.titlePaint workspace=A93A6037 title=<redacted:14b>
15:30:16.104 #1178 sidebar.table.apply structural=1 contentChanges=5 rows=5
15:30:16.119 #1179 portal.bind hosted=0x0000000754b80f00 anchor=0x000000074f53a700 prevAnchor=0x000000074f53a700 visible=1 prevVisible=0 z=1 prevZ=2
15:30:16.119 #1180 portal.reparent hosted=0x0000000754b80f00 reason=raise didChangeAnchor=0 becameVisible=1 priorityIncreased=0
15:30:16.119 #1181 ws.term.visible id=3 dt=163.37ms surface=B1658 transition=0->1 active=1 visibleFlag=1 hostHidden=0 surfaceHidden=0 hiddenHierarchy=0 inWindow=1 hasSuperview=1 bounds=760.0x644.0 frame=760.0x644.0 firstResponder=SidebarWorkspaceTableViewImpl
15:30:16.119 #1182 ws.term.active id=3 dt=163.45ms surface=B1658 transition=1->0 active=0 visibleFlag=1 hostHidden=0 surfaceHidden=0 hiddenHierarchy=0 inWindow=1 hasSuperview=1 bounds=760.0x644.0 frame=760.0x644.0 firstResponder=SidebarWorkspaceTableViewImpl
15:30:16.119 #1183 terminal.portal.host.claim surface=D78D6 reason=geometryChanged host=ObjectIdentifier(0x000000074c24a100) pane=2AFCC inWin=1 size=760.0x644.0 replacingHost=nil
15:30:16.119 #1184 surface.attach surface=D78D6 view=0x0000000754bf3700 attached=1 hasSurface=0 inWindow=0
15:30:16.119 #1185 surface.attach.defer surface=D78D6 reason=noWindow bounds=800.0x600.0
15:30:16.119 #1186 portal.bind hosted=0x0000000754b80500 anchor=0x000000074c24a100 prevAnchor=nil visible=1 prevVisible=0 z=2 prevZ=-9223372036854775808
15:30:16.121 #1187 surface.size.defer surface=D78D6 reason=noWindow size=760.0x644.0
15:30:16.121 #1188 portal.reparent hosted=0x0000000754b80500 reason=attach super=nil
15:30:16.122 #1189 surface.view.windowMove surface=D78D6 inWindow=1 bounds=760.0x644.0 pending=760.0x644.0
15:30:16.122 #1190 surface.attach surface=D78D6 view=0x0000000754bf3700 attached=1 hasSurface=0 inWindow=1
15:30:16.122 #1191 surface.attach.create surface=D78D6 inWindow=1
15:30:16.122 #1192 surface.attach.create.done surface=D78D6 hasSurface=0
15:30:16.122 #1193 surface.size.resume surface=D78D6 size=760.0x644.0 backing=1520.0x1288.0
15:30:16.125 #1194 portal.bonsplit.container hosted=0x0000000754b80500 class=_TtGC7SwiftUI13NSHostingViewGV8Bonsplit17PaneContainerViewGVS_19_ConditionalContentGS3_GVS_15ModifiedContentV8cmux_DEV31RemoteTmuxWindowMirrorSplitViewVS_P10$22ecead3018TapGestureModifier_GS4_VS5_P10$12b34abb829WorkspacePanelContentHostViewS7___VS5_14EmptyPanelView_GS4_S9_S7____ frame=240.0,0.0 760.0x672.0 host=0.0,0.0 1000.0x700.0 anchor=240.0,0.0 760.0x644.0
15:30:16.125 #1195 portal.hidden hosted=0x0000000754b80500 value=0 visibleInUI=1 anchorHidden=0 tiny=0 revealReady=1 finite=1 outside=0 frame=240.0,0.0 760.0x644.0 host=0.0,0.0 1000.0x700.0
15:30:16.127 #1196 sidebar.table.rowsBuild items=5
15:30:16.132 #1197 ws.term.visible id=3 dt=176.68ms surface=D78D6 transition=0->1 active=1 visibleFlag=1 hostHidden=0 surfaceHidden=0 hiddenHierarchy=0 inWindow=1 hasSuperview=1 bounds=760.0x644.0 frame=760.0x644.0 firstResponder=SidebarWorkspaceTableViewImpl
15:30:16.154 #1198 sidebar.row.titlePaint workspace=DB78CF54 title=<redacted:3b>
15:30:16.158 #1199 sidebar.row.titlePaint workspace=3B5E2C32 title=<redacted:12b>
15:30:16.161 #1200 sidebar.row.titlePaint workspace=B8E73220 title=<redacted:14b>
15:30:16.163 #1201 sidebar.row.titlePaint workspace=A93A6037 title=<redacted:14b>
15:30:16.193 #1202 workspace.title.applyProcess workspace=3B5E2 from="Terminal 5" to="Terminal"
15:30:16.194 #1203 ws.term.visible id=3 dt=238.87ms surface=B1658 transition=1->0 active=0 visibleFlag=0 hostHidden=1 surfaceHidden=0 hiddenHierarchy=1 inWindow=1 hasSuperview=1 bounds=760.0x644.0 frame=760.0x644.0 firstResponder=SidebarWorkspaceTableViewImpl
15:30:16.195 #1204 portal.hideEntry hosted=0x0000000754b80f00 reason=workspaceUnmount
15:30:16.195 #1205 ws.handoff.complete id=3 dt=239.00ms reason=focus retiring=DB78C
15:30:16.197 #1206 ws.unfocus.defer id=3 dt=240.91ms tab=DB78C panel=B1658
15:30:16.197 #1207 focus.panel panel=D78D6 pane=2AFCC trigger=standard tx=nil
15:30:16.197 #1208 focus.panel.begin workspace=3B5E2 panel=D78D6 trigger=standard targetPane=2AFCC focusedPane=2AFCC selectedTab=E587E converged=1 currentPanel=D78D6
15:30:16.197 #1209 focus.split.apply.begin workspace=3B5E2 pane=2AFCC tab=E587E focusedPane=2AFCC selectedTab=E587E reassert=1
15:30:16.197 #1210 find.preparePanelFocusIntent surface=D78D6 target=terminal
15:30:16.197 #1211 find.preparePanelFocusIntent surface=D78D6 target=terminal
15:30:16.198 #1212 focus.panel panel=D78D6 pane=2AFCC trigger=firstResponder tx=18274
15:30:16.198 #1213 focus.panel.begin workspace=3B5E2 panel=D78D6 trigger=terminalFirstResponder targetPane=2AFCC focusedPane=2AFCC selectedTab=E587E converged=1 currentPanel=D78D6
15:30:16.198 #1214 focus.ensure.apply surface=D78D6 tab=3B5E2 panel=D78D6 result=1 firstResponder=Optional(<cmux_DEV.GhosttyNSView: 0x754bf3700>)
15:30:16.198 #1215 focus.surface.reassert surface=D78D6 reason=ensureFocus.afterMakeFirstResponder
15:30:16.198 #1216 focus.surface.refresh surface=D78D6 reason=ensureFocus.afterMakeFirstResponder
15:30:16.198 #1217 forceRefresh: D78D69FA-9782-4AB3-953F-74BB98558E7B reason=focus.surface.ensureFocus.afterMakeFirstResponder inWindow=true bounds=(0.0, 0.0, 760.0, 644.0) metalOK=true hasSurface=false
15:30:16.198 #1218 focus.split.ensureFocus workspace=3B5E2 panel=D78D6 pane=2AFCC tab=E587E intent=terminal(cmux_DEV.TerminalPanelFocusIntent.surface)
15:30:16.199 #1219 focus.surface.reassert surface=D78D6 reason=ensureFocus.alreadyFirstResponder
15:30:16.199 #1220 focus.split.apply.end workspace=3B5E2 panel=D78D6 type=TerminalPanel focusedPane=2AFCC selectedTab=E587E prevPanel=D78D6
15:30:16.199 #1221 focus.split.apply.begin workspace=3B5E2 pane=2AFCC tab=E587E focusedPane=2AFCC selectedTab=E587E reassert=1
15:30:16.199 #1222 find.preparePanelFocusIntent surface=D78D6 target=terminal
15:30:16.199 #1223 find.preparePanelFocusIntent surface=D78D6 target=terminal
15:30:16.199 #1224 focus.surface.reassert surface=D78D6 reason=ensureFocus.alreadyFirstResponder
15:30:16.199 #1225 focus.split.ensureFocus workspace=3B5E2 panel=D78D6 pane=2AFCC tab=E587E intent=terminal(cmux_DEV.TerminalPanelFocusIntent.surface)
15:30:16.199 #1226 focus.surface.reassert surface=D78D6 reason=ensureFocus.alreadyFirstResponder
15:30:16.199 #1227 focus.split.apply.end workspace=3B5E2 panel=D78D6 type=TerminalPanel focusedPane=2AFCC selectedTab=E587E prevPanel=D78D6
15:30:16.199 #1228 ws.select.asyncDone id=3 dt=243.37ms selected=3B5E2
15:30:16.200 #1229 find.preparePanelFocusIntent surface=D78D6 target=terminal
15:30:16.200 #1230 focus.surface.reassert surface=D78D6 reason=ensureFocus.alreadyFirstResponder
15:30:16.200 #1231 focus.surface.reassert surface=D78D6 reason=ensureFocus.alreadyFirstResponder
15:30:16.219 #1232 ws.mount.reconcile id=3 dt=263.51ms hot=0 selected=3B5E2 mounted=[3B5E2] added=[] removed=[DB78C]
15:30:16.251 #1233 ws.swiftui.dismantle id=3 dt=295.71ms surface=B1658 inWindow=1
15:30:16.251 #1234 terminal.portal.host.authorityCleared surface=B1658 host=ObjectIdentifier(0x000000074f53a700) pane=586DB generation=2 serial=1
15:30:16.251 #1235 terminal.portal.host.rearm surface=B1658 reason=dismantle host=ObjectIdentifier(0x000000074f53a700) pane=586DB area=489440.0
15:30:16.260 #1236 portal.detach hosted=0x0000000754b80f00 anchor=0x000000074f53a700 hadSuperview=1
15:30:16.263 #1237 surface.view.windowMove surface=B1658 inWindow=0 bounds=760.0x644.0 pending=760.0x644.0
15:30:16.264 #1238 find.applyFirstResponder.defer surface=B1658 reason=setVisibleInUI
15:30:16.267 #1239 zoom.create surface=D78D6 context=<redacted:40b>
15:30:16.323 #1240 surface.size.apply surface=D78D69FA caller=runtime.create.initial grid=49x17->94x37 pixels=800x600->1520x1288 target=1520x1288
15:30:16.326 #1241 zoom.create.done surface=D78D6 context=<redacted:21b>
15:30:16.327 #1242 find.applyFirstResponder.defer surface=D78D6 reason=viewDidMoveToWindow
15:30:16.327 #1243 focus.surface.reassert surface=D78D6 reason=applyFirstResponder.alreadyFirstResponder
15:30:16.327 #1244 focus.surface.refresh surface=D78D6 reason=applyFirstResponder.alreadyFirstResponder
15:30:16.327 #1245 forceRefresh: D78D69FA-9782-4AB3-953F-74BB98558E7B reason=focus.surface.applyFirstResponder.alreadyFirstResponder inWindow=true bounds=(0.0, 0.0, 760.0, 644.0) metalOK=false hasSurface=true
15:30:16.339 #1246 forceRefresh: D78D69FA-9782-4AB3-953F-74BB98558E7B reason=portal.reveal.deferred inWindow=true bounds=(0.0, 0.0, 760.0, 644.0) metalOK=false hasSurface=true
15:30:16.339 #1247 forceRefresh: D78D69FA-9782-4AB3-953F-74BB98558E7B reason=setVisibleInUI.deferred inWindow=true bounds=(0.0, 0.0, 760.0, 644.0) metalOK=false hasSurface=true
15:30:16.363 #1248 forceRefresh: D78D69FA-9782-4AB3-953F-74BB98558E7B reason=unspecified inWindow=true bounds=(0.0, 0.0, 760.0, 644.0) metalOK=false hasSurface=true
15:30:16.363 #1249 focus.surface.reassert surface=D78D6 reason=ensureFocus.alreadyFirstResponder
15:30:16.365 #1250 sidebar.snapshot.refresh requested=5
15:30:16.366 #1251 sidebar.table.rowsBuild items=5
15:30:16.372 #1252 sidebar.row.titlePaint workspace=3B5E2C32 title=<redacted:10b>
15:30:16.373 #1253 sidebar.table.apply structural=0 contentChanges=1 rows=5
15:30:16.373 #1254 sidebar.row.titlePaint workspace=3B5E2C32 title=<redacted:10b>
15:30:16.391 #1255 workspace.gitProbe.apply workspace=3B5E2 panel=D78D6 branch=none dirty=0 pr=none
15:30:16.414 #1256 paneMemGuard.scan panes=5 maxMB=4 thresholdMB=8192 warned=0 scope=0
15:30:17.598 #1257 monitorMemory.capture window=A6093D88 reason=sessionSnapshot sig=[1d …E8634E@0,0,2560x1440] frame={x=780.0 y=532.0 w=1000.0 h=700.0} rememberedConfigs=1
15:30:17.600 #1258 session.save includeScrollback=0 windows=1
15:30:17.600 #1259 session.save.window idx=0 frame={x=780.0 y=532.0 w=1000.0 h=700.0} display={id=4 frame={x=0.0 y=0.0 w=2560.0 h=1440.0} visible={x=0.0 y=0.0 w=2560.0 h=1410.0}} workspaces=5 selected=2
15:30:17.600 #1260 typing.timing probe=session.saveSnapshot elapsedMs=3.18 includeScrollback=0 removeWhenEmpty=0 sync=0
15:30:17.601 #1261 typing.phase probe=session.autosaveTick.phase totalMs=1239.05 loadMs=1235.20 fingerprintMs=0.34 saveMs=3.22 source=timer
15:30:17.601 #1262 typing.timing probe=session.autosaveTick elapsedMs=1239.09 source=timer
15:30:17.613 #1263 sidebar.table.rowsBuild items=5
15:30:17.672 #1264 sidebar.table.rowsBuild items=5
15:30:17.776 #1265 sidebar.table.rowsBuild items=5
15:30:19.326 #1266 notification.queue.drain batch=1 remaining=0 firstSeq=6 lastSeq=6
15:30:19.326 #1267 surface.shellState workspace=3B5E2 panel=D78D6 from=unknown to=promptIdle
15:30:19.327 #1268 workspace.prRefresh.schedule workspace=3B5E2 panel=D78D6 reason=shellPrompt
15:30:19.520 #1269 notification.queue.drain batch=1 remaining=0 firstSeq=7 lastSeq=7
15:30:19.621 #1270 notification.queue.drain batch=1 remaining=0 firstSeq=8 lastSeq=8
15:30:19.854 #1271 notification.queue.drain batch=1 remaining=0 firstSeq=9 lastSeq=9
15:30:19.862 #1272 notification.queue.drain batch=1 remaining=0 firstSeq=10 lastSeq=10
15:30:20.023 #1273 paneMemGuard.scan panes=5 maxMB=4 thresholdMB=8192 warned=0 scope=1
15:30:21.023 #1274 workspace.title.applyProcess workspace=3B5E2 from="Terminal" to="~"
15:30:21.023 #1275 workspace.title.updatePanel workspace=3B5E2 panel=D78D6 panels=1 custom=0 panelChanged=1 workspaceChanged=1 title=<redacted:3b>
15:30:21.044 #1276 sidebar.table.rowsBuild items=5
15:30:21.620 #1277 sidebar.snapshot.refresh requested=1
15:30:21.621 #1278 sidebar.table.rowsBuild items=5
15:30:21.628 #1279 sidebar.row.titlePaint workspace=3B5E2C32 title=<redacted:3b>
15:30:21.629 #1280 sidebar.table.apply structural=0 contentChanges=1 rows=5
15:30:21.629 #1281 sidebar.row.titlePaint workspace=3B5E2C32 title=<redacted:3b>
15:30:24.441 #1282 paneMemGuard.scan panes=5 maxMB=4 thresholdMB=8192 warned=0 scope=1
15:30:25.271 #1283 session.save.skipped reason=unchanged_autosave_fingerprint includeScrollback=0 source=timer
15:30:25.271 #1284 typing.phase probe=session.autosaveTick.phase totalMs=1160.13 loadMs=1159.37 fingerprintMs=0.40 source=timer
15:30:25.271 #1285 typing.timing probe=session.autosaveTick elapsedMs=1160.19 source=timer
15:30:28.249 #1286 paneMemGuard.scan panes=5 maxMB=4 thresholdMB=8192 warned=0 scope=0
15:30:32.182 #1287 paneMemGuard.scan panes=5 maxMB=4 thresholdMB=8192 warned=0 scope=1
15:30:33.320 #1288 session.save.skipped reason=unchanged_autosave_fingerprint includeScrollback=0 source=timer
15:30:33.320 #1289 typing.phase probe=session.autosaveTick.phase totalMs=1270.33 loadMs=1269.55 fingerprintMs=0.42 source=timer
15:30:33.320 #1290 typing.timing probe=session.autosaveTick elapsedMs=1270.39 source=timer
15:30:34.175 #1291 mobile.vtExport action=write_screen_file:copy,vt succeeded=true hasPath=<redacted:4b>
15:30:34.180 #1292 ws.term.visible id=3 dt=18224.05ms surface=D78D6 transition=1->0 active=1 visibleFlag=0 hostHidden=1 surfaceHidden=0 hiddenHierarchy=1 inWindow=1 hasSuperview=1 bounds=760.0x644.0 frame=760.0x644.0 firstResponder=CmuxMainWindow
15:30:34.180 #1293 portal.hideEntry hosted=0x0000000754b80500 reason=workspaceUnmount
15:30:34.182 #1294 surface.lifecycle.close.begin surface=D78D6 workspace=3B5E2 reason=panel.close generation=2
15:30:34.182 #1295 surface.panel.close.begin panel=D78D6 workspace=3B5E2 runtimeSurface=1 inWindow=1 hasSuperview=1 hidden=1 frame=760.0x644.0 bounds=760.0x644.0
15:30:34.182 #1296 ws.term.active id=3 dt=18226.08ms surface=D78D6 transition=1->0 active=0 visibleFlag=0 hostHidden=1 surfaceHidden=0 hiddenHierarchy=1 inWindow=1 hasSuperview=1 bounds=760.0x644.0 frame=760.0x644.0 firstResponder=CmuxMainWindow
15:30:34.182 #1297 portal.detach hosted=0x0000000754b80500 anchor=0x000000074c24a100 hadSuperview=1
15:30:34.185 #1298 surface.view.windowMove surface=D78D6 inWindow=0 bounds=760.0x644.0 pending=760.0x644.0
15:30:34.185 #1299 surface.panel.close.end panel=D78D6 inWindow=0 hasSuperview=0 hidden=1
15:30:34.185 #1300 surface.lifecycle.close.sealed surface=D78D6 workspace=3B5E2 reason=teardown generation=3
15:30:34.191 #1301 ws.mount.reconcile id=3 dt=18235.18ms hot=0 selected=3B5E2 mounted=[] added=[] removed=[3B5E2]
15:30:34.191 #1302 ws.switch.begin id=4 trigger=direct from=3B5E2 to=B8E73 hot=0 tabs=4
15:30:34.192 #1303 ws.select.didSet id=4 from=3B5E2 to=B8E73 dt=0.78ms
15:30:34.215 #1304 sidebar.table.rowsBuild items=4
15:30:34.271 #1305 ws.view.selectedChange id=4 dt=79.65ms selected=B8E73
15:30:34.271 #1306 ws.handoff.start id=4 dt=79.80ms old=3B5E2 new=B8E73
15:30:34.271 #1307 ws.mount.reconcile id=4 dt=80.10ms hot=0 selected=B8E73 mounted=[B8E73] added=[B8E73] removed=[]
15:30:34.286 #1308 sidebar.table.rowsBuild items=4
15:30:34.303 #1309 ws.swiftui.dismantle id=4 dt=112.12ms surface=D78D6 inWindow=0
15:30:34.303 #1310 terminal.portal.host.authorityCleared surface=D78D6 host=ObjectIdentifier(0x000000074c24a100) pane=2AFCC generation=1 serial=2
15:30:34.303 #1311 terminal.portal.host.rearm surface=D78D6 reason=dismantle host=ObjectIdentifier(0x000000074c24a100) pane=2AFCC area=489440.0
15:30:34.340 #1312 sidebar.table.rowsBuild items=4
15:30:34.354 #1313 sidebar.row.titlePaint workspace=B8E73220 title=<redacted:14b>
15:30:34.354 #1314 sidebar.row.titlePaint workspace=A93A6037 title=<redacted:14b>
15:30:34.358 #1315 sidebar.table.apply structural=1 contentChanges=4 rows=4
15:30:34.394 #1316 ws.swiftui.update id=4 dt=202.91ms surface=DFF9E visible=1 active=1 z=2 hostWindow=0 hostedWindow=0 hostedSuperview=0
15:30:34.394 #1317 ws.hostState.deferBind surface=DFF9E reason=hostNoWindow visible=1 active=1 z=2 hostedWindow=0 hostedSuperview=0
15:30:34.405 #1318 ws.hostState.rebindOnGeometry surface=DFF9E reason=portalEntryMissing visible=1 active=1 z=2
15:30:34.417 #1319 sidebar.row.titlePaint workspace=DB78CF54 title=<redacted:3b>
15:30:34.421 #1320 sidebar.row.titlePaint workspace=B8E73220 title=<redacted:14b>
15:30:34.424 #1321 sidebar.row.titlePaint workspace=A93A6037 title=<redacted:14b>
15:30:34.438 #1322 surface.lifecycle.deinit.skip surface=D78D6 workspace=3B5E2 reason=noRuntimeSurface
15:30:34.438 #1323 surface.hosted.deinit surface=nil inWindow=0 hasSuperview=0 hidden=1 frame=760.0x644.0
15:30:34.439 #1324 surface.view.deinit view=0x0000000754bf3700 surface=nil inWindow=0 hasSuperview=0
15:30:34.453 #1325 terminal.portal.host.claim surface=DFF9E reason=geometryChanged host=ObjectIdentifier(0x0000000748db8000) pane=19BBE inWin=1 size=760.0x644.0 replacingHost=nil
15:30:34.453 #1326 surface.attach surface=DFF9E view=0x0000000754b82800 attached=1 hasSurface=0 inWindow=0
15:30:34.453 #1327 surface.attach.defer surface=DFF9E reason=noWindow bounds=800.0x600.0
15:30:34.454 #1328 portal.bind hosted=0x0000000754b82d00 anchor=0x0000000748db8000 prevAnchor=nil visible=1 prevVisible=0 z=2 prevZ=-9223372036854775808
15:30:34.454 #1329 surface.size.defer surface=DFF9E reason=noWindow size=760.0x644.0
15:30:34.455 #1330 portal.reparent hosted=0x0000000754b82d00 reason=attach super=nil
15:30:34.455 #1331 surface.view.windowMove surface=DFF9E inWindow=1 bounds=760.0x644.0 pending=760.0x644.0
15:30:34.455 #1332 surface.attach surface=DFF9E view=0x0000000754b82800 attached=1 hasSurface=0 inWindow=1
15:30:34.455 #1333 surface.attach.create surface=DFF9E inWindow=1
15:30:34.455 #1334 surface.attach.create.done surface=DFF9E hasSurface=0
15:30:34.456 #1335 surface.size.resume surface=DFF9E size=760.0x644.0 backing=1520.0x1288.0
15:30:34.456 #1336 portal.bonsplit.container hosted=0x0000000754b82d00 class=_TtGC7SwiftUI13NSHostingViewGV8Bonsplit17PaneContainerViewGVS_19_ConditionalContentGS3_GVS_15ModifiedContentV8cmux_DEV31RemoteTmuxWindowMirrorSplitViewVS_P10$22ecead3018TapGestureModifier_GS4_VS5_P10$12b34abb829WorkspacePanelContentHostViewS7___VS5_14EmptyPanelView_GS4_S9_S7____ frame=240.0,0.0 760.0x672.0 host=0.0,0.0 1000.0x700.0 anchor=240.0,0.0 760.0x644.0
15:30:34.456 #1337 portal.hidden hosted=0x0000000754b82d00 value=0 visibleInUI=1 anchorHidden=0 tiny=0 revealReady=1 finite=1 outside=0 frame=240.0,0.0 760.0x644.0 host=0.0,0.0 1000.0x700.0
15:30:34.459 #1338 sidebar.table.rowsBuild items=4
15:30:34.463 #1339 ws.term.visible id=4 dt=272.19ms surface=DFF9E transition=0->1 active=1 visibleFlag=1 hostHidden=0 surfaceHidden=0 hiddenHierarchy=0 inWindow=1 hasSuperview=1 bounds=760.0x644.0 frame=760.0x644.0 firstResponder=CmuxMainWindow
15:30:34.486 #1340 surface.lifecycle.nativeFree.begin surface=D78D6 workspace=3B5E2 reason=teardown
15:30:34.486 #1341 focus.panel panel=DFF9E pane=19BBE trigger=standard tx=nil
15:30:34.487 #1342 focus.panel.begin workspace=B8E73 panel=DFF9E trigger=standard targetPane=19BBE focusedPane=19BBE selectedTab=D8D7B converged=1 currentPanel=DFF9E
15:30:34.487 #1343 focus.split.apply.begin workspace=B8E73 pane=19BBE tab=D8D7B focusedPane=19BBE selectedTab=D8D7B reassert=1
15:30:34.487 #1344 find.preparePanelFocusIntent surface=DFF9E target=terminal
15:30:34.487 #1345 find.preparePanelFocusIntent surface=DFF9E target=terminal
15:30:34.487 #1346 focus.panel panel=DFF9E pane=19BBE trigger=firstResponder tx=0100A
15:30:34.487 #1347 focus.panel.begin workspace=B8E73 panel=DFF9E trigger=terminalFirstResponder targetPane=19BBE focusedPane=19BBE selectedTab=D8D7B converged=1 currentPanel=DFF9E
15:30:34.487 #1348 focus.ensure.apply surface=DFF9E tab=B8E73 panel=DFF9E result=1 firstResponder=Optional(<cmux_DEV.GhosttyNSView: 0x754b82800>)
15:30:34.487 #1349 focus.surface.reassert surface=DFF9E reason=ensureFocus.afterMakeFirstResponder
15:30:34.487 #1350 focus.surface.refresh surface=DFF9E reason=ensureFocus.afterMakeFirstResponder
15:30:34.488 #1351 forceRefresh: DFF9E98F-3A26-44F2-8F1C-5DA3163A6BD9 reason=focus.surface.ensureFocus.afterMakeFirstResponder inWindow=true bounds=(0.0, 0.0, 760.0, 644.0) metalOK=true hasSurface=false
15:30:34.488 #1352 focus.split.ensureFocus workspace=B8E73 panel=DFF9E pane=19BBE tab=D8D7B intent=terminal(cmux_DEV.TerminalPanelFocusIntent.surface)
15:30:34.488 #1353 focus.surface.reassert surface=DFF9E reason=ensureFocus.alreadyFirstResponder
15:30:34.488 #1354 focus.split.apply.end workspace=B8E73 panel=DFF9E type=TerminalPanel focusedPane=19BBE selectedTab=D8D7B prevPanel=DFF9E
15:30:34.488 #1355 focus.split.apply.begin workspace=B8E73 pane=19BBE tab=D8D7B focusedPane=19BBE selectedTab=D8D7B reassert=1
15:30:34.488 #1356 find.preparePanelFocusIntent surface=DFF9E target=terminal
15:30:34.488 #1357 find.preparePanelFocusIntent surface=DFF9E target=terminal
15:30:34.488 #1358 focus.surface.reassert surface=DFF9E reason=ensureFocus.alreadyFirstResponder
15:30:34.488 #1359 focus.split.ensureFocus workspace=B8E73 panel=DFF9E pane=19BBE tab=D8D7B intent=terminal(cmux_DEV.TerminalPanelFocusIntent.surface)
15:30:34.488 #1360 focus.surface.reassert surface=DFF9E reason=ensureFocus.alreadyFirstResponder
15:30:34.488 #1361 focus.split.apply.end workspace=B8E73 panel=DFF9E type=TerminalPanel focusedPane=19BBE selectedTab=D8D7B prevPanel=DFF9E
15:30:34.489 #1362 ws.select.asyncDone id=4 dt=297.70ms selected=B8E73
15:30:34.490 #1363 find.preparePanelFocusIntent surface=DFF9E target=terminal
15:30:34.490 #1364 focus.surface.reassert surface=DFF9E reason=ensureFocus.alreadyFirstResponder
15:30:34.490 #1365 focus.surface.reassert surface=DFF9E reason=ensureFocus.alreadyFirstResponder
15:30:34.490 #1366 find.applyFirstResponder.defer surface=DFF9E reason=viewDidMoveToWindow
15:30:34.490 #1367 focus.surface.reassert surface=DFF9E reason=applyFirstResponder.alreadyFirstResponder
15:30:34.514 #1368 forceRefresh: DFF9E98F-3A26-44F2-8F1C-5DA3163A6BD9 reason=portal.reveal.deferred inWindow=true bounds=(0.0, 0.0, 760.0, 644.0) metalOK=true hasSurface=false
15:30:34.514 #1369 forceRefresh: DFF9E98F-3A26-44F2-8F1C-5DA3163A6BD9 reason=setVisibleInUI.deferred inWindow=true bounds=(0.0, 0.0, 760.0, 644.0) metalOK=true hasSurface=false
15:30:34.514 #1370 surface.attach surface=DFF9E view=0x0000000754b82800 attached=1 hasSurface=0 inWindow=1
15:30:34.514 #1371 surface.attach.create surface=DFF9E inWindow=1
15:30:34.514 #1372 surface.attach.create.done surface=DFF9E hasSurface=0
15:30:34.524 #1373 focus.surface.reassert surface=DFF9E reason=ensureFocus.alreadyFirstResponder
15:30:34.524 #1374 surface.background_start surface=DFF9E98F inWindow=1 ready=0 source=normal ms=0.02
15:30:34.524 #1375 ws.unfocus.complete id=4 dt=333.08ms tab=DB78C panel=B1658 reason=focus
15:30:34.524 #1376 ws.handoff.complete id=4 dt=333.11ms reason=focus retiring=3B5E2
15:30:34.526 #1377 zoom.create surface=DFF9E context=<redacted:40b>
15:30:34.531 #1378 surface.size.apply surface=DFF9E98F caller=runtime.create.initial grid=49x17->94x37 pixels=800x600->1520x1288 target=1520x1288
15:30:34.531 #1379 zoom.create.done surface=DFF9E context=<redacted:23b>
15:30:34.579 #1380 find.applyFirstResponder.defer surface=DFF9E reason=surfaceDidBecomeReady
15:30:34.579 #1381 focus.surface.reassert surface=DFF9E reason=applyFirstResponder.alreadyFirstResponder
15:30:34.579 #1382 focus.surface.refresh surface=DFF9E reason=applyFirstResponder.alreadyFirstResponder
15:30:34.579 #1383 forceRefresh: DFF9E98F-3A26-44F2-8F1C-5DA3163A6BD9 reason=focus.surface.applyFirstResponder.alreadyFirstResponder inWindow=true bounds=(0.0, 0.0, 760.0, 644.0) metalOK=false hasSurface=true
15:30:34.579 #1384 forceRefresh: DFF9E98F-3A26-44F2-8F1C-5DA3163A6BD9 reason=unspecified inWindow=true bounds=(0.0, 0.0, 760.0, 644.0) metalOK=false hasSurface=true
15:30:34.625 #1385 surface.lifecycle.nativeFree.end surface=D78D6 workspace=3B5E2 reason=teardown
15:30:36.120 #1386 paneMemGuard.scan panes=4 maxMB=4 thresholdMB=8192 warned=0 scope=1
15:30:37.218 #1387 notification.queue.drain batch=1 remaining=0 firstSeq=11 lastSeq=11
15:30:37.314 #1388 notification.queue.drain batch=1 remaining=0 firstSeq=12 lastSeq=12
15:30:37.315 #1389 surface.shellState workspace=B8E73 panel=DFF9E from=unknown to=promptIdle
15:30:37.315 #1390 workspace.prRefresh.schedule workspace=B8E73 panel=DFF9E reason=shellPrompt
15:30:38.044 #1391 typing.timing probe=title.publish elapsedMs=1.63 published=1
15:30:38.328 #1392 notification.queue.drain batch=1 remaining=0 firstSeq=13 lastSeq=13
15:30:38.334 #1393 notification.queue.drain batch=1 remaining=0 firstSeq=14 lastSeq=14
15:30:38.527 #1394 notification.queue.drain batch=1 remaining=0 firstSeq=15 lastSeq=15
15:30:40.315 #1395 paneMemGuard.scan panes=4 maxMB=4 thresholdMB=8192 warned=0 scope=1
15:30:41.263 #1396 monitorMemory.capture window=A6093D88 reason=sessionSnapshot sig=[1d …E8634E@0,0,2560x1440] frame={x=780.0 y=532.0 w=1000.0 h=700.0} rememberedConfigs=1
15:30:41.263 #1397 session.save includeScrollback=0 windows=1
15:30:41.263 #1398 session.save.window idx=0 frame={x=780.0 y=532.0 w=1000.0 h=700.0} display={id=4 frame={x=0.0 y=0.0 w=2560.0 h=1440.0} visible={x=0.0 y=0.0 w=2560.0 h=1410.0}} workspaces=4 selected=2
15:30:41.263 #1399 typing.timing probe=session.saveSnapshot elapsedMs=1.29 includeScrollback=0 removeWhenEmpty=0 sync=0
15:30:41.264 #1400 typing.phase probe=session.autosaveTick.phase totalMs=1150.58 loadMs=1148.72 fingerprintMs=0.33 saveMs=1.32 source=timer
15:30:41.264 #1401 typing.timing probe=session.autosaveTick elapsedMs=1150.61 source=timer
15:30:41.306 #1402 sidebar.table.rowsBuild items=4
15:30:41.445 #1403 sidebar.table.rowsBuild items=4
15:30:41.477 #1404 sidebar.table.rowsBuild items=4
15:30:44.229 #1405 paneMemGuard.scan panes=4 maxMB=4 thresholdMB=8192 warned=0 scope=0
15:30:48.226 #1406 paneMemGuard.scan panes=4 maxMB=4 thresholdMB=8192 warned=0 scope=1
15:30:49.288 #1407 session.save.skipped reason=unchanged_autosave_fingerprint includeScrollback=0 source=timer
15:30:49.289 #1408 typing.phase probe=session.autosaveTick.phase totalMs=1177.91 loadMs=1177.38 fingerprintMs=0.25 source=timer
15:30:49.289 #1409 typing.timing probe=session.autosaveTick elapsedMs=1177.97 source=timer
15:30:52.132 #1410 paneMemGuard.scan panes=4 maxMB=4 thresholdMB=8192 warned=0 scope=1
15:30:56.351 #1411 paneMemGuard.scan panes=4 maxMB=4 thresholdMB=8192 warned=0 scope=1
15:30:57.200 #1412 session.save.skipped reason=unchanged_autosave_fingerprint includeScrollback=0 source=timer
15:30:57.200 #1413 typing.phase probe=session.autosaveTick.phase totalMs=1088.24 loadMs=1087.51 fingerprintMs=0.34 source=timer
15:30:57.200 #1414 typing.timing probe=session.autosaveTick elapsedMs=1088.32 source=timer
15:31:00.571 #1415 paneMemGuard.scan panes=4 maxMB=4 thresholdMB=8192 warned=0 scope=0
[2026-08-25T22:31:01Z] auth: file.compareAndSet: matches=true hasNewRefresh=true hasNewAccess=true
[2026-08-25T22:31:01Z] auth: file.setTokens: hasAccess=true hasRefresh=true
15:31:04.278 #1416 paneMemGuard.scan panes=4 maxMB=4 thresholdMB=8192 warned=0 scope=1
15:31:05.406 #1417 session.save.skipped reason=unchanged_autosave_fingerprint includeScrollback=0 source=timer
15:31:05.407 #1418 typing.phase probe=session.autosaveTick.phase totalMs=1293.55 loadMs=1293.01 fingerprintMs=0.26 source=timer
15:31:05.407 #1419 typing.timing probe=session.autosaveTick elapsedMs=1293.60 source=timer
15:31:08.113 #1420 paneMemGuard.scan panes=4 maxMB=4 thresholdMB=8192 warned=0 scope=1
15:31:08.862 #1421 shortcut.sync.pre source=preferredWindow preferred={num=30449 id=A6093D88 ident=cmux.main.A6093D88-2A33-451F-9B93-A6285EA625A6 key=1 main=1} chosen={id=A6093D88 mgr=0x0000000751337000 tabs=4 selected=B8E73 hasWindow=1} eventWinNum=nil eventWin={nil} keyWin={num=30449 id=A6093D88 ident=cmux.main.A6093D88-2A33-451F-9B93-A6285EA625A6 key=1 main=1} mainWin={num=30449 id=A6093D88 ident=cmux.main.A6093D88-2A33-451F-9B93-A6285EA625A6 key=1 main=1} activeMgr=0x0000000751337000 activeWinId=A6093D88 activeSelected=B8E73 contexts=[*A6093D88{mgr=0x0000000751337000,win=30449,key=1,main=1,tabs=4,selected=B8E73}]
15:31:08.863 #1422 shortcut.sync.post source=preferredWindow beforeMgr=0x0000000751337000 afterMgr=0x0000000751337000 chosen={id=A6093D88 mgr=0x0000000751337000 tabs=4 selected=B8E73 hasWindow=1} nochange=1 eventWinNum=nil eventWin={nil} keyWin={num=30449 id=A6093D88 ident=cmux.main.A6093D88-2A33-451F-9B93-A6285EA625A6 key=1 main=1} mainWin={num=30449 id=A6093D88 ident=cmux.main.A6093D88-2A33-451F-9B93-A6285EA625A6 key=1 main=1} activeMgr=0x0000000751337000 activeWinId=A6093D88 activeSelected=B8E73 contexts=[*A6093D88{mgr=0x0000000751337000,win=30449,key=1,main=1,tabs=4,selected=B8E73}]
15:31:10.037 #1423 sidebar.divider.downRouting x=65 hit=SidebarWorkspaceTableViewImpl
15:31:10.046 #1424 sidebar.table.click row=1 rows=4
15:31:10.050 #1425 surface.attach surface=624DD view=0x0000000754b81900 attached=0 hasSurface=0 inWindow=0
15:31:10.050 #1426 surface.attach.defer surface=624DD reason=noWindow bounds=800.0x600.0
15:31:10.050 #1427 surface.size.defer surface=624DD reason=noWindow size=800.0x600.0
15:31:10.051 #1428 focus.bonsplit pane=E76E9
15:31:10.051 #1429 focus.split.apply.begin workspace=CA6A2 pane=E76E9 tab=29D9F focusedPane=E76E9 selectedTab=29D9F reassert=1
15:31:10.051 #1430 find.preparePanelFocusIntent surface=624DD target=terminal
15:31:10.051 #1431 find.preparePanelFocusIntent surface=624DD target=terminal
15:31:10.051 #1432 focus.split.moveFocus workspace=CA6A2 panel=624DD previousExists=0 to=624DD
15:31:10.051 #1433 find.moveFocus to=624DD from=nil searchState=nil delayMs=0
15:31:10.051 #1434 focus.split.ensureFocus workspace=CA6A2 panel=624DD pane=E76E9 tab=29D9F intent=terminal(cmux_DEV.TerminalPanelFocusIntent.surface)
15:31:10.052 #1435 focus.split.apply.end workspace=CA6A2 panel=624DD type=TerminalPanel focusedPane=E76E9 selectedTab=29D9F prevPanel=624DD
15:31:10.052 #1436 focus.bonsplit pane=E76E9
15:31:10.052 #1437 focus.split.apply.begin workspace=CA6A2 pane=E76E9 tab=29D9F focusedPane=E76E9 selectedTab=29D9F reassert=1
15:31:10.052 #1438 find.preparePanelFocusIntent surface=624DD target=terminal
15:31:10.052 #1439 find.preparePanelFocusIntent surface=624DD target=terminal
15:31:10.052 #1440 focus.split.moveFocus workspace=CA6A2 panel=624DD previousExists=0 to=624DD
15:31:10.052 #1441 find.moveFocus to=624DD from=nil searchState=nil delayMs=0
15:31:10.052 #1442 focus.split.ensureFocus workspace=CA6A2 panel=624DD pane=E76E9 tab=29D9F intent=terminal(cmux_DEV.TerminalPanelFocusIntent.surface)
15:31:10.052 #1443 focus.split.apply.end workspace=CA6A2 panel=624DD type=TerminalPanel focusedPane=E76E9 selectedTab=29D9F prevPanel=624DD
15:31:10.053 #1444 ws.term.visible id=4 dt=35861.60ms surface=624DD transition=1->0 active=1 visibleFlag=0 hostHidden=1 surfaceHidden=0 hiddenHierarchy=1 inWindow=0 hasSuperview=0 bounds=0.0x0.0 frame=0.0x0.0 firstResponder=nil
15:31:10.054 #1445 workspace.gitProbe.schedule workspace=CA6A2 panel=624DD dir=<redacted:17b> reason=initial
15:31:10.054 #1446 ws.switch.begin id=5 trigger=create from=B8E73 to=CA6A2 hot=0 tabs=5
15:31:10.055 #1447 ws.select.didSet id=5 from=B8E73 to=CA6A2 dt=0.80ms
15:31:10.056 #1448 ws.term.visible id=5 dt=1.66ms surface=DFF9E transition=1->0 active=1 visibleFlag=0 hostHidden=1 surfaceHidden=0 hiddenHierarchy=1 inWindow=1 hasSuperview=1 bounds=760.0x644.0 frame=760.0x644.0 firstResponder=SidebarWorkspaceTableViewImpl
15:31:10.056 #1449 portal.hideEntry hosted=0x0000000754b82d00 reason=workspaceUnmount
15:31:10.056 #1450 ws.mount.reconcile id=5 dt=1.78ms hot=0 selected=CA6A2 mounted=[CA6A2] added=[CA6A2] removed=[B8E73]
15:31:10.069 #1451 sidebar.table.rowsBuild items=5
15:31:10.084 #1452 ws.view.selectedChange id=5 dt=30.06ms selected=CA6A2
15:31:10.084 #1453 ws.handoff.start id=5 dt=30.16ms old=B8E73 new=CA6A2
15:31:10.085 #1454 ws.mount.reconcile id=5 dt=30.40ms hot=0 selected=CA6A2 mounted=[CA6A2,B8E73] added=[B8E73] removed=[]
15:31:10.128 #1455 sidebar.table.rowsBuild items=5
15:31:10.138 #1456 ws.swiftui.update id=5 dt=83.56ms surface=DFF9E visible=1 active=0 z=1 hostWindow=1 hostedWindow=1 hostedSuperview=1
15:31:10.144 #1457 ws.swiftui.update id=5 dt=89.42ms surface=624DD visible=1 active=1 z=2 hostWindow=0 hostedWindow=0 hostedSuperview=0
15:31:10.144 #1458 ws.hostState.deferBind surface=624DD reason=hostNoWindow visible=1 active=1 z=2 hostedWindow=0 hostedSuperview=0
15:31:10.154 #1459 ws.hostState.rebindOnGeometry surface=624DD reason=portalEntryMissing visible=1 active=1 z=2
15:31:10.176 #1460 sidebar.row.titlePaint workspace=DB78CF54 title=<redacted:3b>
15:31:10.177 #1461 sidebar.row.titlePaint workspace=CA6A24CD title=<redacted:12b>
15:31:10.177 #1462 sidebar.row.titlePaint workspace=B8E73220 title=<redacted:14b>
15:31:10.177 #1463 sidebar.row.titlePaint workspace=A93A6037 title=<redacted:14b>
15:31:10.177 #1464 sidebar.table.apply structural=1 contentChanges=5 rows=5
15:31:10.193 #1465 portal.bind hosted=0x0000000754b82d00 anchor=0x0000000748db8000 prevAnchor=0x0000000748db8000 visible=1 prevVisible=0 z=1 prevZ=2
15:31:10.193 #1466 portal.reparent hosted=0x0000000754b82d00 reason=raise didChangeAnchor=0 becameVisible=1 priorityIncreased=0
15:31:10.193 #1467 ws.term.visible id=5 dt=138.85ms surface=DFF9E transition=0->1 active=1 visibleFlag=1 hostHidden=0 surfaceHidden=0 hiddenHierarchy=0 inWindow=1 hasSuperview=1 bounds=760.0x644.0 frame=760.0x644.0 firstResponder=SidebarWorkspaceTableViewImpl
15:31:10.193 #1468 ws.term.active id=5 dt=138.93ms surface=DFF9E transition=1->0 active=0 visibleFlag=1 hostHidden=0 surfaceHidden=0 hiddenHierarchy=0 inWindow=1 hasSuperview=1 bounds=760.0x644.0 frame=760.0x644.0 firstResponder=SidebarWorkspaceTableViewImpl
15:31:10.193 #1469 terminal.portal.host.claim surface=624DD reason=geometryChanged host=ObjectIdentifier(0x0000000752a54000) pane=E76E9 inWin=1 size=760.0x644.0 replacingHost=nil
15:31:10.193 #1470 surface.attach surface=624DD view=0x0000000754b81900 attached=1 hasSurface=0 inWindow=0
15:31:10.193 #1471 surface.attach.defer surface=624DD reason=noWindow bounds=800.0x600.0
15:31:10.193 #1472 portal.bind hosted=0x0000000754b80500 anchor=0x0000000752a54000 prevAnchor=nil visible=1 prevVisible=0 z=2 prevZ=-9223372036854775808
15:31:10.194 #1473 surface.size.defer surface=624DD reason=noWindow size=760.0x644.0
15:31:10.194 #1474 portal.reparent hosted=0x0000000754b80500 reason=attach super=nil
15:31:10.195 #1475 surface.view.windowMove surface=624DD inWindow=1 bounds=760.0x644.0 pending=760.0x644.0
15:31:10.195 #1476 surface.attach surface=624DD view=0x0000000754b81900 attached=1 hasSurface=0 inWindow=1
15:31:10.195 #1477 surface.attach.create surface=624DD inWindow=1
15:31:10.195 #1478 surface.attach.create.done surface=624DD hasSurface=0
15:31:10.195 #1479 surface.size.resume surface=624DD size=760.0x644.0 backing=1520.0x1288.0
15:31:10.196 #1480 portal.bonsplit.container hosted=0x0000000754b80500 class=_TtGC7SwiftUI13NSHostingViewGV8Bonsplit17PaneContainerViewGVS_19_ConditionalContentGS3_GVS_15ModifiedContentV8cmux_DEV31RemoteTmuxWindowMirrorSplitViewVS_P10$22ecead3018TapGestureModifier_GS4_VS5_P10$12b34abb829WorkspacePanelContentHostViewS7___VS5_14EmptyPanelView_GS4_S9_S7____ frame=240.0,0.0 760.0x672.0 host=0.0,0.0 1000.0x700.0 anchor=240.0,0.0 760.0x644.0
15:31:10.196 #1481 portal.hidden hosted=0x0000000754b80500 value=0 visibleInUI=1 anchorHidden=0 tiny=0 revealReady=1 finite=1 outside=0 frame=240.0,0.0 760.0x644.0 host=0.0,0.0 1000.0x700.0
15:31:10.199 #1482 sidebar.table.rowsBuild items=5
15:31:10.204 #1483 ws.term.visible id=5 dt=149.52ms surface=624DD transition=0->1 active=1 visibleFlag=1 hostHidden=0 surfaceHidden=0 hiddenHierarchy=0 inWindow=1 hasSuperview=1 bounds=760.0x644.0 frame=760.0x644.0 firstResponder=SidebarWorkspaceTableViewImpl
15:31:10.212 #1484 sidebar.row.titlePaint workspace=DB78CF54 title=<redacted:3b>
15:31:10.216 #1485 sidebar.row.titlePaint workspace=CA6A24CD title=<redacted:12b>
15:31:10.218 #1486 sidebar.row.titlePaint workspace=B8E73220 title=<redacted:14b>
15:31:10.221 #1487 sidebar.row.titlePaint workspace=A93A6037 title=<redacted:14b>
15:31:10.261 #1488 workspace.title.applyProcess workspace=CA6A2 from="Terminal 5" to="Terminal"
15:31:10.262 #1489 ws.term.visible id=5 dt=207.30ms surface=DFF9E transition=1->0 active=0 visibleFlag=0 hostHidden=1 surfaceHidden=0 hiddenHierarchy=1 inWindow=1 hasSuperview=1 bounds=760.0x644.0 frame=760.0x644.0 firstResponder=SidebarWorkspaceTableViewImpl
15:31:10.262 #1490 portal.hideEntry hosted=0x0000000754b82d00 reason=workspaceUnmount
15:31:10.262 #1491 ws.handoff.complete id=5 dt=207.46ms reason=focus retiring=B8E73
15:31:10.262 #1492 ws.unfocus.defer id=5 dt=207.89ms tab=B8E73 panel=DFF9E
15:31:10.262 #1493 focus.panel panel=624DD pane=E76E9 trigger=standard tx=nil
15:31:10.262 #1494 focus.panel.begin workspace=CA6A2 panel=624DD trigger=standard targetPane=E76E9 focusedPane=E76E9 selectedTab=29D9F converged=1 currentPanel=624DD
15:31:10.262 #1495 focus.split.apply.begin workspace=CA6A2 pane=E76E9 tab=29D9F focusedPane=E76E9 selectedTab=29D9F reassert=1
15:31:10.262 #1496 find.preparePanelFocusIntent surface=624DD target=terminal
15:31:10.263 #1497 find.preparePanelFocusIntent surface=624DD target=terminal
15:31:10.263 #1498 focus.panel panel=624DD pane=E76E9 trigger=firstResponder tx=6836C
15:31:10.263 #1499 focus.panel.begin workspace=CA6A2 panel=624DD trigger=terminalFirstResponder targetPane=E76E9 focusedPane=E76E9 selectedTab=29D9F converged=1 currentPanel=624DD
15:31:10.264 #1500 focus.ensure.apply surface=624DD tab=CA6A2 panel=624DD result=1 firstResponder=Optional(<cmux_DEV.GhosttyNSView: 0x754b81900>)
15:31:10.264 #1501 focus.surface.reassert surface=624DD reason=ensureFocus.afterMakeFirstResponder
15:31:10.264 #1502 focus.surface.refresh surface=624DD reason=ensureFocus.afterMakeFirstResponder
15:31:10.264 #1503 forceRefresh: 624DD6A9-0B60-4FE0-9F3D-2765918DA282 reason=focus.surface.ensureFocus.afterMakeFirstResponder inWindow=true bounds=(0.0, 0.0, 760.0, 644.0) metalOK=true hasSurface=false
15:31:10.264 #1504 focus.split.ensureFocus workspace=CA6A2 panel=624DD pane=E76E9 tab=29D9F intent=terminal(cmux_DEV.TerminalPanelFocusIntent.surface)
15:31:10.264 #1505 focus.surface.reassert surface=624DD reason=ensureFocus.alreadyFirstResponder
15:31:10.264 #1506 focus.split.apply.end workspace=CA6A2 panel=624DD type=TerminalPanel focusedPane=E76E9 selectedTab=29D9F prevPanel=624DD
15:31:10.264 #1507 focus.split.apply.begin workspace=CA6A2 pane=E76E9 tab=29D9F focusedPane=E76E9 selectedTab=29D9F reassert=1
15:31:10.264 #1508 find.preparePanelFocusIntent surface=624DD target=terminal
15:31:10.264 #1509 find.preparePanelFocusIntent surface=624DD target=terminal
15:31:10.264 #1510 focus.surface.reassert surface=624DD reason=ensureFocus.alreadyFirstResponder
15:31:10.264 #1511 focus.split.ensureFocus workspace=CA6A2 panel=624DD pane=E76E9 tab=29D9F intent=terminal(cmux_DEV.TerminalPanelFocusIntent.surface)
15:31:10.264 #1512 focus.surface.reassert surface=624DD reason=ensureFocus.alreadyFirstResponder
15:31:10.264 #1513 focus.split.apply.end workspace=CA6A2 panel=624DD type=TerminalPanel focusedPane=E76E9 selectedTab=29D9F prevPanel=624DD
15:31:10.264 #1514 ws.select.asyncDone id=5 dt=209.97ms selected=CA6A2
15:31:10.265 #1515 find.preparePanelFocusIntent surface=624DD target=terminal
15:31:10.265 #1516 focus.surface.reassert surface=624DD reason=ensureFocus.alreadyFirstResponder
15:31:10.265 #1517 focus.surface.reassert surface=624DD reason=ensureFocus.alreadyFirstResponder
15:31:10.283 #1518 ws.mount.reconcile id=5 dt=228.87ms hot=0 selected=CA6A2 mounted=[CA6A2] added=[] removed=[B8E73]
15:31:10.313 #1519 ws.swiftui.dismantle id=5 dt=258.24ms surface=DFF9E inWindow=1
15:31:10.313 #1520 terminal.portal.host.authorityCleared surface=DFF9E host=ObjectIdentifier(0x0000000748db8000) pane=19BBE generation=2 serial=3
15:31:10.313 #1521 terminal.portal.host.rearm surface=DFF9E reason=dismantle host=ObjectIdentifier(0x0000000748db8000) pane=19BBE area=489440.0
15:31:10.320 #1522 portal.detach hosted=0x0000000754b82d00 anchor=0x0000000748db8000 hadSuperview=1
15:31:10.322 #1523 surface.view.windowMove surface=DFF9E inWindow=0 bounds=760.0x644.0 pending=760.0x644.0
15:31:10.323 #1524 find.applyFirstResponder.defer surface=DFF9E reason=setVisibleInUI
15:31:10.323 #1525 find.applyFirstResponder.defer surface=624DD reason=viewDidMoveToWindow
15:31:10.323 #1526 focus.surface.reassert surface=624DD reason=applyFirstResponder.alreadyFirstResponder
15:31:10.323 #1527 focus.surface.refresh surface=624DD reason=applyFirstResponder.alreadyFirstResponder
15:31:10.323 #1528 forceRefresh: 624DD6A9-0B60-4FE0-9F3D-2765918DA282 reason=focus.surface.applyFirstResponder.alreadyFirstResponder inWindow=true bounds=(0.0, 0.0, 760.0, 644.0) metalOK=true hasSurface=false
15:31:10.323 #1529 forceRefresh: 624DD6A9-0B60-4FE0-9F3D-2765918DA282 reason=portal.reveal.deferred inWindow=true bounds=(0.0, 0.0, 760.0, 644.0) metalOK=true hasSurface=false
15:31:10.323 #1530 forceRefresh: 624DD6A9-0B60-4FE0-9F3D-2765918DA282 reason=setVisibleInUI.deferred inWindow=true bounds=(0.0, 0.0, 760.0, 644.0) metalOK=true hasSurface=false
15:31:10.325 #1531 surface.attach surface=624DD view=0x0000000754b81900 attached=1 hasSurface=0 inWindow=1
15:31:10.325 #1532 surface.attach.create surface=624DD inWindow=1
15:31:10.325 #1533 surface.attach.create.done surface=624DD hasSurface=0
15:31:10.336 #1534 focus.surface.reassert surface=624DD reason=ensureFocus.alreadyFirstResponder
15:31:10.336 #1535 surface.background_start surface=624DD6A9 inWindow=1 ready=0 source=normal ms=0.02
15:31:10.339 #1536 sidebar.snapshot.refresh requested=5
15:31:10.340 #1537 sidebar.table.rowsBuild items=5
15:31:10.345 #1538 surface.attach surface=624DD view=0x0000000754b81900 attached=1 hasSurface=0 inWindow=1
15:31:10.345 #1539 surface.attach.create surface=624DD inWindow=1
15:31:10.345 #1540 surface.attach.create.done surface=624DD hasSurface=0
15:31:10.346 #1541 sidebar.row.titlePaint workspace=CA6A24CD title=<redacted:10b>
15:31:10.346 #1542 sidebar.table.apply structural=0 contentChanges=1 rows=5
15:31:10.346 #1543 sidebar.row.titlePaint workspace=CA6A24CD title=<redacted:10b>
15:31:10.354 #1544 workspace.gitProbe.apply workspace=CA6A2 panel=624DD branch=none dirty=0 pr=none
15:31:10.356 #1545 zoom.create surface=624DD context=<redacted:40b>
15:31:10.362 #1546 surface.size.apply surface=624DD6A9 caller=runtime.create.initial grid=49x17->94x37 pixels=800x600->1520x1288 target=1520x1288
15:31:10.362 #1547 zoom.create.done surface=624DD context=<redacted:21b>
15:31:10.388 #1548 find.applyFirstResponder.defer surface=624DD reason=surfaceDidBecomeReady
15:31:10.388 #1549 focus.surface.reassert surface=624DD reason=applyFirstResponder.alreadyFirstResponder
15:31:10.389 #1550 focus.surface.refresh surface=624DD reason=applyFirstResponder.alreadyFirstResponder
15:31:10.389 #1551 forceRefresh: 624DD6A9-0B60-4FE0-9F3D-2765918DA282 reason=focus.surface.applyFirstResponder.alreadyFirstResponder inWindow=true bounds=(0.0, 0.0, 760.0, 644.0) metalOK=false hasSurface=true
15:31:10.389 #1552 forceRefresh: 624DD6A9-0B60-4FE0-9F3D-2765918DA282 reason=unspecified inWindow=true bounds=(0.0, 0.0, 760.0, 644.0) metalOK=false hasSurface=true
15:31:12.524 #1553 paneMemGuard.scan panes=5 maxMB=9 thresholdMB=8192 warned=0 scope=1
15:31:12.759 #1554 notification.queue.drain batch=1 remaining=0 firstSeq=16 lastSeq=16
15:31:12.759 #1555 surface.shellState workspace=CA6A2 panel=624DD from=unknown to=promptIdle
15:31:12.760 #1556 workspace.prRefresh.schedule workspace=CA6A2 panel=624DD reason=shellPrompt
15:31:12.770 #1557 notification.queue.drain batch=1 remaining=0 firstSeq=17 lastSeq=17
15:31:12.776 #1558 notification.queue.drain batch=1 remaining=0 firstSeq=18 lastSeq=18
15:31:13.155 #1559 monitorMemory.capture window=A6093D88 reason=sessionSnapshot sig=[1d …E8634E@0,0,2560x1440] frame={x=780.0 y=532.0 w=1000.0 h=700.0} rememberedConfigs=1
15:31:13.155 #1560 session.save includeScrollback=0 windows=1
15:31:13.155 #1561 session.save.window idx=0 frame={x=780.0 y=532.0 w=1000.0 h=700.0} display={id=4 frame={x=0.0 y=0.0 w=2560.0 h=1440.0} visible={x=0.0 y=0.0 w=2560.0 h=1410.0}} workspaces=5 selected=2
15:31:13.156 #1562 typing.timing probe=session.saveSnapshot elapsedMs=1.56 includeScrollback=0 removeWhenEmpty=0 sync=0
15:31:13.156 #1563 typing.phase probe=session.autosaveTick.phase totalMs=1044.72 loadMs=1042.55 fingerprintMs=0.32 saveMs=1.59 source=timer
15:31:13.156 #1564 typing.timing probe=session.autosaveTick elapsedMs=1044.75 source=timer
15:31:13.183 #1565 sidebar.table.rowsBuild items=5
15:31:13.195 #1566 notification.queue.drain batch=1 remaining=0 firstSeq=19 lastSeq=19
15:31:13.274 #1567 sidebar.table.rowsBuild items=5
15:31:13.283 #1568 notification.queue.drain batch=1 remaining=0 firstSeq=20 lastSeq=20
15:31:13.312 #1569 sidebar.table.rowsBuild items=5
15:31:13.389 #1570 sidebar.table.rowsBuild items=5
15:31:14.661 #1571 workspace.title.applyProcess workspace=CA6A2 from="Terminal" to="~"
15:31:14.661 #1572 workspace.title.updatePanel workspace=CA6A2 panel=624DD panels=1 custom=0 panelChanged=1 workspaceChanged=1 title=<redacted:3b>
15:31:14.671 #1573 sidebar.table.rowsBuild items=5
15:31:15.259 #1574 sidebar.snapshot.refresh requested=1
15:31:15.260 #1575 sidebar.table.rowsBuild items=5
15:31:15.266 #1576 sidebar.row.titlePaint workspace=CA6A24CD title=<redacted:3b>
15:31:15.266 #1577 sidebar.table.apply structural=0 contentChanges=1 rows=5
15:31:15.266 #1578 sidebar.row.titlePaint workspace=CA6A24CD title=<redacted:3b>
15:31:17.228 #1579 paneMemGuard.scan panes=5 maxMB=4 thresholdMB=8192 warned=0 scope=0
15:31:20.114 #1580 paneMemGuard.scan panes=5 maxMB=4 thresholdMB=8192 warned=0 scope=0
15:31:21.270 #1581 session.save.skipped reason=unchanged_autosave_fingerprint includeScrollback=0 source=timer
15:31:21.270 #1582 typing.phase probe=session.autosaveTick.phase totalMs=1192.25 loadMs=1191.39 fingerprintMs=0.49 source=timer
15:31:21.270 #1583 typing.timing probe=session.autosaveTick elapsedMs=1192.31 source=timer
15:31:24.115 #1584 paneMemGuard.scan panes=5 maxMB=4 thresholdMB=8192 warned=0 scope=1
15:31:25.611 #1585 mobile.vtExport action=write_screen_file:copy,vt succeeded=true hasPath=<redacted:4b>
15:31:25.614 #1586 ws.term.visible id=5 dt=15559.30ms surface=624DD transition=1->0 active=1 visibleFlag=0 hostHidden=1 surfaceHidden=0 hiddenHierarchy=1 inWindow=1 hasSuperview=1 bounds=760.0x644.0 frame=760.0x644.0 firstResponder=CmuxMainWindow
15:31:25.614 #1587 portal.hideEntry hosted=0x0000000754b80500 reason=workspaceUnmount
15:31:25.615 #1588 surface.lifecycle.close.begin surface=624DD workspace=CA6A2 reason=panel.close generation=2
15:31:25.615 #1589 surface.panel.close.begin panel=624DD workspace=CA6A2 runtimeSurface=1 inWindow=1 hasSuperview=1 hidden=1 frame=760.0x644.0 bounds=760.0x644.0
15:31:25.615 #1590 ws.term.active id=5 dt=15560.53ms surface=624DD transition=1->0 active=0 visibleFlag=0 hostHidden=1 surfaceHidden=0 hiddenHierarchy=1 inWindow=1 hasSuperview=1 bounds=760.0x644.0 frame=760.0x644.0 firstResponder=CmuxMainWindow
15:31:25.615 #1591 portal.detach hosted=0x0000000754b80500 anchor=0x0000000752a54000 hadSuperview=1
15:31:25.618 #1592 surface.view.windowMove surface=624DD inWindow=0 bounds=760.0x644.0 pending=760.0x644.0
15:31:25.619 #1593 surface.panel.close.end panel=624DD inWindow=0 hasSuperview=0 hidden=1
15:31:25.619 #1594 surface.lifecycle.close.sealed surface=624DD workspace=CA6A2 reason=teardown generation=3
15:31:25.620 #1595 ws.mount.reconcile id=5 dt=15565.93ms hot=0 selected=CA6A2 mounted=[] added=[] removed=[CA6A2]
15:31:25.621 #1596 ws.switch.begin id=6 trigger=direct from=CA6A2 to=B8E73 hot=0 tabs=4
15:31:25.622 #1597 ws.select.didSet id=6 from=CA6A2 to=B8E73 dt=0.87ms
15:31:25.639 #1598 sidebar.table.rowsBuild items=4
15:31:25.660 #1599 ws.view.selectedChange id=6 dt=39.05ms selected=B8E73
15:31:25.660 #1600 ws.handoff.start id=6 dt=39.16ms old=CA6A2 new=B8E73
15:31:25.660 #1601 ws.handoff.fastReady id=6 dt=39.21ms selected=B8E73
15:31:25.660 #1602 ws.unfocus.drop tab=B8E73 panel=DFF9E reason=selected_again
15:31:25.660 #1603 ws.handoff.complete id=6 dt=39.25ms reason=ready retiring=CA6A2
15:31:25.660 #1604 ws.mount.reconcile id=6 dt=39.37ms hot=0 selected=B8E73 mounted=[B8E73] added=[B8E73] removed=[]
15:31:25.672 #1605 sidebar.table.rowsBuild items=4
15:31:25.689 #1606 ws.swiftui.dismantle id=6 dt=67.70ms surface=624DD inWindow=0
15:31:25.689 #1607 terminal.portal.host.authorityCleared surface=624DD host=ObjectIdentifier(0x0000000752a54000) pane=E76E9 generation=2 serial=4
15:31:25.689 #1608 terminal.portal.host.rearm surface=624DD reason=dismantle host=ObjectIdentifier(0x0000000752a54000) pane=E76E9 area=489440.0
15:31:25.723 #1609 sidebar.row.titlePaint workspace=B8E73220 title=<redacted:14b>
15:31:25.723 #1610 sidebar.row.titlePaint workspace=A93A6037 title=<redacted:14b>
15:31:25.723 #1611 sidebar.table.apply structural=1 contentChanges=4 rows=4
15:31:25.738 #1612 surface.lifecycle.nativeFree.begin surface=624DD workspace=CA6A2 reason=teardown
15:31:25.738 #1613 focus.panel panel=DFF9E pane=19BBE trigger=standard tx=nil
15:31:25.738 #1614 focus.panel.begin workspace=B8E73 panel=DFF9E trigger=standard targetPane=19BBE focusedPane=19BBE selectedTab=D8D7B converged=1 currentPanel=DFF9E
15:31:25.738 #1615 focus.split.apply.begin workspace=B8E73 pane=19BBE tab=D8D7B focusedPane=19BBE selectedTab=D8D7B reassert=1
15:31:25.738 #1616 find.preparePanelFocusIntent surface=DFF9E target=terminal
15:31:25.738 #1617 ws.term.visible id=6 dt=117.39ms surface=DFF9E transition=0->1 active=0 visibleFlag=1 hostHidden=0 surfaceHidden=0 hiddenHierarchy=0 inWindow=0 hasSuperview=0 bounds=760.0x644.0 frame=760.0x644.0 firstResponder=nil
15:31:25.738 #1618 ws.term.active id=6 dt=117.47ms surface=DFF9E transition=0->1 active=1 visibleFlag=1 hostHidden=0 surfaceHidden=0 hiddenHierarchy=0 inWindow=0 hasSuperview=0 bounds=760.0x644.0 frame=760.0x644.0 firstResponder=nil
15:31:25.739 #1619 find.preparePanelFocusIntent surface=DFF9E target=terminal
15:31:25.739 #1620 focus.split.moveFocus workspace=B8E73 panel=DFF9E previousExists=1 to=DFF9E
15:31:25.739 #1621 find.moveFocus to=DFF9E from=DFF9E searchState=nil delayMs=0
15:31:25.739 #1622 focus.split.ensureFocus workspace=B8E73 panel=DFF9E pane=19BBE tab=D8D7B intent=terminal(cmux_DEV.TerminalPanelFocusIntent.surface)
15:31:25.739 #1623 focus.split.apply.end workspace=B8E73 panel=DFF9E type=TerminalPanel focusedPane=19BBE selectedTab=D8D7B prevPanel=DFF9E
15:31:25.740 #1624 ws.select.asyncDone id=6 dt=118.77ms selected=B8E73
15:31:25.741 #1625 find.preparePanelFocusIntent surface=DFF9E target=terminal
15:31:25.773 #1626 ws.swiftui.update id=6 dt=151.83ms surface=DFF9E visible=1 active=1 z=2 hostWindow=0 hostedWindow=0 hostedSuperview=0
15:31:25.773 #1627 ws.hostState.deferBind surface=DFF9E reason=hostNoWindow visible=1 active=1 z=2 hostedWindow=0 hostedSuperview=0
15:31:25.783 #1628 ws.hostState.rebindOnGeometry surface=DFF9E reason=portalEntryMissing visible=1 active=1 z=2
15:31:25.795 #1629 sidebar.row.titlePaint workspace=DB78CF54 title=<redacted:3b>
15:31:25.799 #1630 sidebar.row.titlePaint workspace=B8E73220 title=<redacted:14b>
15:31:25.802 #1631 sidebar.row.titlePaint workspace=A93A6037 title=<redacted:14b>
15:31:25.815 #1632 surface.lifecycle.deinit.skip surface=624DD workspace=CA6A2 reason=noRuntimeSurface
15:31:25.815 #1633 surface.hosted.deinit surface=nil inWindow=0 hasSuperview=0 hidden=1 frame=760.0x644.0
15:31:25.816 #1634 surface.view.deinit view=0x0000000754b81900 surface=nil inWindow=0 hasSuperview=0
15:31:25.829 #1635 terminal.portal.host.claim surface=DFF9E reason=geometryChanged host=ObjectIdentifier(0x0000000748dac000) pane=19BBE inWin=1 size=760.0x644.0 replacingHost=ObjectIdentifier(0x0000000748db8000) replacingPane=19BBE replacingInWin=0 replacingArea=489440.0
15:31:25.830 #1636 surface.size.defer surface=DFF9E reason=noWindow size=760.0x644.0
15:31:25.830 #1637 portal.bind hosted=0x0000000754b82d00 anchor=0x0000000748dac000 prevAnchor=nil visible=1 prevVisible=0 z=2 prevZ=-9223372036854775808
15:31:25.830 #1638 portal.reparent hosted=0x0000000754b82d00 reason=attach super=nil
15:31:25.831 #1639 surface.view.windowMove surface=DFF9E inWindow=1 bounds=760.0x644.0 pending=760.0x644.0
15:31:25.831 #1640 surface.attach surface=DFF9E view=0x0000000754b82800 attached=1 hasSurface=1 inWindow=1
15:31:25.831 #1641 surface.attach.reuse surface=DFF9E view=0x0000000754b82800
15:31:25.831 #1642 surface.size.resume surface=DFF9E size=760.0x644.0 backing=1520.0x1288.0
15:31:25.832 #1643 portal.bonsplit.container hosted=0x0000000754b82d00 class=_TtGC7SwiftUI13NSHostingViewGV8Bonsplit17PaneContainerViewGVS_19_ConditionalContentGS3_GVS_15ModifiedContentV8cmux_DEV31RemoteTmuxWindowMirrorSplitViewVS_P10$22ecead3018TapGestureModifier_GS4_VS5_P10$12b34abb829WorkspacePanelContentHostViewS7___VS5_14EmptyPanelView_GS4_S9_S7____ frame=240.0,0.0 760.0x672.0 host=0.0,0.0 1000.0x700.0 anchor=240.0,0.0 760.0x644.0
15:31:25.835 #1644 sidebar.table.rowsBuild items=4
15:31:25.853 #1645 forceRefresh: DFF9E98F-3A26-44F2-8F1C-5DA3163A6BD9 reason=setVisibleInUI.deferred inWindow=true bounds=(0.0, 0.0, 760.0, 644.0) metalOK=false hasSurface=true
15:31:25.853 #1646 find.applyFirstResponder.defer surface=DFF9E reason=setVisibleInUI
15:31:25.853 #1647 find.applyFirstResponder APPLY surface=DFF9E prevFirstResponder=Optional(<cmux_DEV.CmuxMainWindow: 0x7509f0280>)
15:31:25.853 #1648 focus.panel panel=DFF9E pane=19BBE trigger=firstResponder tx=nil
15:31:25.853 #1649 focus.panel.begin workspace=B8E73 panel=DFF9E trigger=terminalFirstResponder targetPane=19BBE focusedPane=19BBE selectedTab=D8D7B converged=1 currentPanel=DFF9E
15:31:25.854 #1650 focus.split.apply.begin workspace=B8E73 pane=19BBE tab=D8D7B focusedPane=19BBE selectedTab=D8D7B reassert=1
15:31:25.854 #1651 find.preparePanelFocusIntent surface=DFF9E target=terminal
15:31:25.854 #1652 find.preparePanelFocusIntent surface=DFF9E target=terminal
15:31:25.854 #1653 focus.surface.reassert surface=DFF9E reason=ensureFocus.alreadyFirstResponder
15:31:25.854 #1654 focus.surface.refresh surface=DFF9E reason=ensureFocus.alreadyFirstResponder
15:31:25.854 #1655 forceRefresh: DFF9E98F-3A26-44F2-8F1C-5DA3163A6BD9 reason=focus.surface.ensureFocus.alreadyFirstResponder inWindow=true bounds=(0.0, 0.0, 760.0, 644.0) metalOK=false hasSurface=true
15:31:25.854 #1656 focus.split.ensureFocus workspace=B8E73 panel=DFF9E pane=19BBE tab=D8D7B intent=terminal(cmux_DEV.TerminalPanelFocusIntent.surface)
15:31:25.854 #1657 focus.surface.reassert surface=DFF9E reason=ensureFocus.alreadyFirstResponder
15:31:25.854 #1658 focus.split.apply.end workspace=B8E73 panel=DFF9E type=TerminalPanel focusedPane=19BBE selectedTab=D8D7B prevPanel=DFF9E
15:31:25.854 #1659 focus.firstResponder surface=DFF9E
15:31:25.854 #1660 forceRefresh: DFF9E98F-3A26-44F2-8F1C-5DA3163A6BD9 reason=focus.firstResponder inWindow=true bounds=(0.0, 0.0, 760.0, 644.0) metalOK=false hasSurface=true
15:31:25.855 #1661 focus.surface.reassert surface=DFF9E reason=applyFirstResponder.afterMakeFirstResponder
15:31:25.866 #1662 forceRefresh: DFF9E98F-3A26-44F2-8F1C-5DA3163A6BD9 reason=unspecified inWindow=true bounds=(0.0, 0.0, 760.0, 644.0) metalOK=false hasSurface=true
15:31:25.866 #1663 focus.surface.reassert surface=DFF9E reason=ensureFocus.alreadyFirstResponder
15:31:25.869 #1664 surface.lifecycle.nativeFree.end surface=624DD workspace=CA6A2 reason=teardown
15:31:28.476 #1665 paneMemGuard.scan panes=4 maxMB=4 thresholdMB=8192 warned=0 scope=1
15:31:29.106 #1666 monitorMemory.capture window=A6093D88 reason=sessionSnapshot sig=[1d …E8634E@0,0,2560x1440] frame={x=780.0 y=532.0 w=1000.0 h=700.0} rememberedConfigs=1
15:31:29.107 #1667 session.save includeScrollback=0 windows=1
15:31:29.107 #1668 session.save.window idx=0 frame={x=780.0 y=532.0 w=1000.0 h=700.0} display={id=4 frame={x=0.0 y=0.0 w=2560.0 h=1440.0} visible={x=0.0 y=0.0 w=2560.0 h=1410.0}} workspaces=4 selected=2
15:31:29.107 #1669 typing.timing probe=session.saveSnapshot elapsedMs=1.99 includeScrollback=0 removeWhenEmpty=0 sync=0
15:31:29.107 #1670 typing.phase probe=session.autosaveTick.phase totalMs=994.34 loadMs=991.72 fingerprintMs=0.29 saveMs=2.02 source=timer
15:31:29.107 #1671 typing.timing probe=session.autosaveTick elapsedMs=994.38 source=timer
15:31:29.155 #1672 sidebar.table.rowsBuild items=4
15:31:29.165 #1673 sidebar.table.rowsBuild items=4
15:31:29.202 #1674 sidebar.table.rowsBuild items=4
15:31:29.259 #1675 sidebar.table.rowsBuild items=4
15:31:29.356 #1676 sidebar.table.rowsBuild items=4
15:31:29.448 #1677 sidebar.table.rowsBuild items=4
15:31:32.500 #1678 paneMemGuard.scan panes=4 maxMB=4 thresholdMB=8192 warned=0 scope=0
15:31:36.330 #1679 paneMemGuard.scan panes=4 maxMB=4 thresholdMB=8192 warned=0 scope=1
15:31:37.139 #1680 session.save.skipped reason=unchanged_autosave_fingerprint includeScrollback=0 source=timer
15:31:37.139 #1681 typing.phase probe=session.autosaveTick.phase totalMs=1025.12 loadMs=1024.49 fingerprintMs=0.26 source=timer
15:31:37.139 #1682 typing.timing probe=session.autosaveTick elapsedMs=1025.17 source=timer
15:31:40.185 #1683 paneMemGuard.scan panes=4 maxMB=4 thresholdMB=8192 warned=0 scope=1
